start	10	2020	1	23	18
	953	275	58.250000	-21.125000	1.004326e+05	1.487115e+01	1.083487e+05	1.076828e+05	5.781928e+04	5.739941e+04	9.999000e+03	1.849487e+01	2020	1	23	18
	960	274	60.000000	-21.375000	1.001425e+05	1.431591e+01	1.081502e+05	1.075469e+05	5.758978e+04	5.720898e+04	3.018083e+02	1.691720e+01	2020	1	24	0
	965	274	61.250000	-21.375000	1.003922e+05	1.540976e+01	1.083534e+05	1.077723e+05	5.780695e+04	5.735574e+04	3.017054e+02	1.300964e+01	2020	1	24	6
	971	273	62.750000	-21.625000	1.001634e+05	1.411608e+01	1.081867e+05	1.076757e+05	5.762764e+04	5.709382e+04	3.016674e+02	1.778120e+01	2020	1	24	12
	977	273	64.250000	-21.625000	1.003916e+05	1.310720e+01	1.083426e+05	1.077877e+05	5.785532e+04	5.718937e+04	3.016041e+02	2.191714e+01	2020	1	24	18
	982	273	65.500000	-21.625000	1.001388e+05	1.267924e+01	1.080541e+05	1.075857e+05	5.761434e+04	5.699497e+04	3.016341e+02	1.569098e+01	2020	1	25	0
	985	272	66.250000	-21.875000	1.003210e+05	1.414210e+01	1.082948e+05	1.076638e+05	5.780446e+04	5.724048e+04	3.016427e+02	1.598217e+01	2020	1	25	6
	989	271	67.250000	-22.125000	1.001041e+05	1.569380e+01	1.081426e+05	1.075493e+05	5.758280e+04	5.710523e+04	3.016515e+02	1.713701e+01	2020	1	25	12
	992	273	68.000000	-21.625000	1.002812e+05	1.668708e+01	1.082599e+05	1.077032e+05	5.780465e+04	5.726993e+04	3.016753e+02	1.731908e+01	2020	1	25	18
	996	274	69.000000	-21.375000	1.000114e+05	1.565963e+01	1.079799e+05	1.074621e+05	5.753018e+04	5.706452e+04	3.016269e+02	1.431664e+01	2020	1	26	0
start	16	2020	1	25	18
	927	287	51.750000	-18.125000	1.008268e+05	1.601385e+01	1.083350e+05	1.080782e+05	5.789937e+04	5.773780e+04	3.026557e+02	1.743562e+01	2020	1	25	18
	932	289	53.000000	-17.625000	1.005599e+05	1.320940e+01	1.080910e+05	1.078394e+05	5.767738e+04	5.748766e+04	3.025344e+02	1.013229e+01	2020	1	26	0
	931	289	52.750000	-17.625000	1.007949e+05	1.198625e+01	1.082126e+05	1.079356e+05	5.789130e+04	5.767367e+04	3.024544e+02	1.016172e+01	2020	1	26	6
	930	292	52.500000	-16.875000	1.005288e+05	1.166788e+01	1.080873e+05	1.078525e+05	5.772422e+04	5.749217e+04	3.029195e+02	1.917520e+01	2020	1	26	12
	931	295	52.750000	-16.125000	1.007343e+05	1.234459e+01	1.082115e+05	1.080218e+05	5.785429e+04	5.759619e+04	3.026988e+02	2.290769e+01	2020	1	26	18
	931	297	52.750000	-15.625000	1.004196e+05	1.362463e+01	1.079292e+05	1.076947e+05	5.762940e+04	5.728716e+04	3.026338e+02	1.483289e+01	2020	1	27	0
	931	300	52.750000	-14.875000	1.005911e+05	1.523185e+01	1.080281e+05	1.077559e+05	5.778298e+04	5.739691e+04	3.027193e+02	2.041050e+01	2020	1	27	6
	932	303	53.000000	-14.125000	1.002926e+05	1.396834e+01	1.078369e+05	1.075805e+05	5.753613e+04	5.706904e+04	3.028172e+02	2.630539e+01	2020	1	27	12
	934	307	53.500000	-13.125000	1.004348e+05	1.525102e+01	1.080364e+05	1.076775e+05	5.769921e+04	5.713996e+04	3.029178e+02	3.371295e+01	2020	1	27	18
	935	309	53.750000	-12.625000	1.001653e+05	1.394455e+01	1.078149e+05	1.075159e+05	5.749654e+04	5.696654e+04	3.029652e+02	2.781480e+01	2020	1	28	0
	939	309	54.750000	-12.625000	1.003253e+05	1.415268e+01	1.080142e+05	1.075569e+05	5.767730e+04	5.715759e+04	3.030481e+02	2.310100e+01	2020	1	28	6
	942	309	55.500000	-12.625000	9.994788e+04	1.467866e+01	1.078507e+05	1.073522e+05	5.745904e+04	5.689673e+04	3.030431e+02	2.365163e+01	2020	1	28	12
	947	309	56.750000	-12.625000	1.000967e+05	1.494205e+01	1.080566e+05	1.075489e+05	5.767872e+04	5.717494e+04	3.030107e+02	2.555112e+01	2020	1	28	18
	951	307	57.750000	-13.125000	9.978480e+04	1.685301e+01	1.078497e+05	1.072922e+05	5.747633e+04	5.693858e+04	3.029503e+02	2.139634e+01	2020	1	29	0
	955	306	58.750000	-13.375000	1.000235e+05	1.555909e+01	1.082209e+05	1.074862e+05	5.774345e+04	5.721923e+04	3.029277e+02	1.226484e+01	2020	1	29	6
	959	304	59.750000	-13.875000	9.981573e+04	1.447402e+01	1.079659e+05	1.073619e+05	5.752323e+04	5.709571e+04	3.029206e+02	1.140494e+01	2020	1	29	12
start	35	2020	2	5	12
	1041	316	80.250000	-10.875000	1.002846e+05	1.320504e+01	1.077120e+05	1.074988e+05	5.738482e+04	5.710462e+04	3.033538e+02	1.981466e+01	2020	2	5	12
	1042	315	80.500000	-11.125000	1.005382e+05	1.399906e+01	1.078343e+05	1.077232e+05	5.759414e+04	5.731366e+04	3.030206e+02	2.605042e+01	2020	2	5	18
	1049	316	82.250000	-10.875000	1.002518e+05	1.533594e+01	1.076428e+05	1.074012e+05	5.736200e+04	5.699898e+04	3.029551e+02	2.948269e+01	2020	2	6	0
	1052	315	83.000000	-11.125000	1.002622e+05	1.448095e+01	1.077828e+05	1.075792e+05	5.749900e+04	5.711209e+04	3.028548e+02	2.564696e+01	2020	2	6	6
	1051	315	82.750000	-11.125000	9.995882e+04	1.443175e+01	1.076436e+05	1.074172e+05	5.729720e+04	5.691829e+04	3.028277e+02	2.700644e+01	2020	2	6	12
	1053	318	83.250000	-10.375000	1.000865e+05	1.616314e+01	1.078051e+05	1.075515e+05	5.749011e+04	5.710116e+04	3.027163e+02	3.640743e+01	2020	2	6	18
	1059	319	84.750000	-10.125000	9.982166e+04	1.738484e+01	1.076052e+05	1.072849e+05	5.726198e+04	5.682723e+04	3.022513e+02	3.363087e+01	2020	2	7	0
	1063	315	85.750000	-11.125000	9.987299e+04	1.737562e+01	1.078001e+05	1.074871e+05	5.734983e+04	5.691388e+04	3.020685e+02	2.955450e+01	2020	2	7	6
	1065	313	86.250000	-11.625000	9.959411e+04	1.663327e+01	1.076964e+05	1.073243e+05	5.719530e+04	5.667494e+04	3.020129e+02	3.253832e+01	2020	2	7	12
	1064	312	86.000000	-11.875000	9.972017e+04	1.529167e+01	1.077840e+05	1.075132e+05	5.731919e+04	5.680201e+04	3.019036e+02	4.103926e+01	2020	2	7	18
	1066	312	86.500000	-11.875000	9.948756e+04	1.632831e+01	1.076925e+05	1.073253e+05	5.721871e+04	5.657862e+04	3.018578e+02	3.647119e+01	2020	2	8	0
	1067	309	86.750000	-12.625000	9.955798e+04	1.617162e+01	1.078141e+05	1.074339e+05	5.730828e+04	5.668034e+04	3.019503e+02	2.487004e+01	2020	2	8	6
	1067	308	86.750000	-12.875000	9.935036e+04	1.679658e+01	1.077744e+05	1.074523e+05	5.725212e+04	5.654871e+04	3.019360e+02	2.344324e+01	2020	2	8	12
	1068	305	87.000000	-13.625000	9.950231e+04	1.666176e+01	1.079145e+05	1.075530e+05	5.740137e+04	5.673477e+04	3.016900e+02	2.841738e+01	2020	2	8	18
	1067	301	86.750000	-14.625000	9.930554e+04	1.735764e+01	1.077688e+05	1.074123e+05	5.728941e+04	5.654143e+04	3.015950e+02	2.523066e+01	2020	2	9	0
	1066	299	86.500000	-15.125000	9.937752e+04	1.839052e+01	1.078825e+05	1.075621e+05	5.739099e+04	5.668897e+04	3.015451e+02	1.999572e+01	2020	2	9	6
	1065	294	86.250000	-16.375000	9.927805e+04	1.738522e+01	1.079073e+05	1.075094e+05	5.735535e+04	5.661277e+04	3.015025e+02	2.019159e+01	2020	2	9	12
	1060	292	85.000000	-16.875000	9.946997e+04	1.806630e+01	1.080230e+05	1.077065e+05	5.749907e+04	5.677580e+04	3.017263e+02	2.442822e+01	2020	2	9	18
	1058	289	84.500000	-17.625000	9.928705e+04	1.892397e+01	1.079087e+05	1.075081e+05	5.742273e+04	5.651166e+04	3.016906e+02	2.524304e+01	2020	2	10	0
	1053	287	83.250000	-18.125000	9.936552e+04	1.831721e+01	1.080274e+05	1.076274e+05	5.750956e+04	5.655702e+04	3.017390e+02	1.853262e+01	2020	2	10	6
	1050	284	82.500000	-18.875000	9.915404e+04	2.073396e+01	1.080188e+05	1.074739e+05	5.742984e+04	5.636738e+04	3.017731e+02	2.091763e+01	2020	2	10	12
	1046	281	81.500000	-19.625000	9.935199e+04	2.365345e+01	1.081751e+05	1.078261e+05	5.762236e+04	5.656423e+04	3.018075e+02	3.256851e+01	2020	2	10	18
	1042	279	80.500000	-20.125000	9.910992e+04	2.152234e+01	1.079698e+05	1.075794e+05	5.747116e+04	5.644065e+04	3.017811e+02	2.675787e+01	2020	2	11	0
	1040	277	80.000000	-20.625000	9.926348e+04	2.326126e+01	1.080942e+05	1.076522e+05	5.759143e+04	5.653882e+04	3.017091e+02	2.108471e+01	2020	2	11	6
	1037	275	79.250000	-21.125000	9.915891e+04	2.265616e+01	1.080409e+05	1.076100e+05	5.742755e+04	5.661890e+04	3.011322e+02	2.630193e+01	2020	2	11	12
	1035	274	78.750000	-21.375000	9.941503e+04	2.481341e+01	1.082139e+05	1.077610e+05	5.758079e+04	5.691588e+04	3.010457e+02	2.913699e+01	2020	2	11	18
	1034	272	78.500000	-21.875000	9.918536e+04	2.398221e+01	1.079884e+05	1.074263e+05	5.738759e+04	5.670603e+04	3.009964e+02	1.795252e+01	2020	2	12	0
	1034	273	78.500000	-21.625000	9.944434e+04	2.060539e+01	1.081943e+05	1.075949e+05	5.764985e+04	5.696682e+04	3.011154e+02	1.675583e+01	2020	2	12	6
	1033	269	78.250000	-22.625000	9.930116e+04	2.194351e+01	1.081482e+05	1.073118e+05	5.748739e+04	5.696770e+04	3.010317e+02	2.052995e+01	2020	2	12	12
	1033	268	78.250000	-22.875000	9.957418e+04	2.261269e+01	1.082848e+05	1.074324e+05	5.762908e+04	5.708823e+04	3.008939e+02	3.462114e+01	2020	2	12	18
	1036	265	79.000000	-23.625000	9.915086e+04	2.477793e+01	1.079955e+05	1.070860e+05	5.738092e+04	5.657507e+04	3.005674e+02	2.930514e+01	2020	2	13	0
	1033	266	78.250000	-23.375000	9.884370e+04	2.526305e+01	1.082202e+05	1.073080e+05	5.758564e+04	5.634354e+04	3.007562e+02	1.210382e+01	2020	2	13	6
	1033	267	78.250000	-23.125000	9.901290e+04	1.910205e+01	1.080923e+05	1.073015e+05	5.752650e+04	5.670013e+04	3.008060e+02	1.445888e+01	2020	2	13	12
	1033	266	78.250000	-23.375000	9.948791e+04	1.866854e+01	1.082424e+05	1.074699e+05	5.770158e+04	5.708286e+04	3.006643e+02	1.546925e+01	2020	2	13	18
	1032	267	78.000000	-23.125000	9.956877e+04	1.671622e+01	1.080853e+05	1.072794e+05	5.751259e+04	5.711166e+04	3.007682e+02	7.214160e+00	2020	2	14	0
start	21	2020	2	9	6
	1235	302	128.750000	-14.375000	9.944275e+04	1.536236e+01	1.079127e+05	1.074684e+05	5.711332e+04	5.661430e+04	9.999000e+03	4.222018e+01	2020	2	9	6
	1231	305	127.750000	-13.625000	9.964627e+04	1.717321e+01	1.078880e+05	1.076748e+05	5.734316e+04	5.673730e+04	9.999000e+03	3.364556e+01	2020	2	9	12
	1232	303	128.000000	-14.125000	9.945084e+04	1.586975e+01	1.077216e+05	1.073914e+05	5.712571e+04	5.655108e+04	9.999000e+03	3.104067e+01	2020	2	9	18
	1223	303	125.750000	-14.125000	9.933820e+04	1.730188e+01	1.078950e+05	1.074638e+05	5.731047e+04	5.655182e+04	9.999000e+03	3.156554e+01	2020	2	10	0
	1221	301	125.250000	-14.625000	9.925784e+04	1.644857e+01	1.078384e+05	1.074532e+05	5.716055e+04	5.643380e+04	9.999000e+03	3.286484e+01	2020	2	10	6
	1217	298	124.250000	-15.375000	9.947423e+04	1.462635e+01	1.079357e+05	1.076701e+05	5.735514e+04	5.666298e+04	9.999000e+03	3.619623e+01	2020	2	10	12
	1214	295	123.500000	-16.125000	9.916187e+04	1.447111e+01	1.077438e+05	1.073937e+05	5.715221e+04	5.640989e+04	9.999000e+03	3.215179e+01	2020	2	10	18
	1212	293	123.000000	-16.625000	9.933521e+04	1.707636e+01	1.079293e+05	1.075883e+05	5.737404e+04	5.652372e+04	9.999000e+03	3.096375e+01	2020	2	11	0
	1210	293	122.500000	-16.625000	9.907538e+04	1.663185e+01	1.078959e+05	1.073195e+05	5.722223e+04	5.627362e+04	9.999000e+03	3.777724e+01	2020	2	11	6
	1209	290	122.250000	-17.375000	9.912999e+04	1.614821e+01	1.080201e+05	1.074569e+05	5.737315e+04	5.640432e+04	9.999000e+03	3.817876e+01	2020	2	11	12
	1210	288	122.500000	-17.875000	9.896717e+04	1.588293e+01	1.077434e+05	1.072187e+05	5.720504e+04	5.615169e+04	9.999000e+03	3.904863e+01	2020	2	11	18
	1208	285	122.000000	-18.625000	9.908427e+04	1.617360e+01	1.078893e+05	1.073114e+05	5.728132e+04	5.635351e+04	9.999000e+03	3.330640e+01	2020	2	12	0
	1208	283	122.000000	-19.125000	9.890527e+04	1.567820e+01	1.078395e+05	1.073375e+05	5.718357e+04	5.629241e+04	9.999000e+03	3.131734e+01	2020	2	12	6
	1210	280	122.500000	-19.875000	9.908773e+04	1.680361e+01	1.079968e+05	1.074822e+05	5.737189e+04	5.648098e+04	9.999000e+03	3.710590e+01	2020	2	12	12
	1208	278	122.000000	-20.375000	9.896324e+04	1.520781e+01	1.078367e+05	1.074085e+05	5.721854e+04	5.637929e+04	9.999000e+03	3.264212e+01	2020	2	12	18
	1209	276	122.250000	-20.875000	9.934652e+04	1.525583e+01	1.080306e+05	1.074640e+05	5.740898e+04	5.655666e+04	9.999000e+03	2.482227e+01	2020	2	13	0
	1209	274	122.250000	-21.375000	9.933488e+04	1.361337e+01	1.081195e+05	1.075834e+05	5.741881e+04	5.662965e+04	9.999000e+03	2.472507e+01	2020	2	13	6
	1211	270	122.750000	-22.375000	9.968159e+04	1.489697e+01	1.082490e+05	1.077448e+05	5.768017e+04	5.690530e+04	9.999000e+03	2.276607e+01	2020	2	13	12
	1209	263	122.250000	-24.125000	9.978769e+04	1.393232e+01	1.081628e+05	1.074070e+05	5.749590e+04	5.690231e+04	9.999000e+03	2.183999e+01	2020	2	13	18
	1206	258	121.500000	-25.375000	1.000392e+05	1.351843e+01	1.083052e+05	1.072116e+05	5.768752e+04	5.705251e+04	9.999000e+03	1.821815e+01	2020	2	14	0
	1204	255	121.000000	-26.125000	1.001259e+05	1.217504e+01	1.082748e+05	1.070306e+05	5.765322e+04	5.704614e+04	9.999000e+03	1.530865e+01	2020	2	14	6
start	50	2020	2	9	6
	959	308	59.750000	-12.875000	1.005166e+05	9.849418e+00	1.077911e+05	1.074808e+05	5.756157e+04	5.713915e+04	3.027830e+02	2.579284e+01	2020	2	9	6
	958	310	59.500000	-12.375000	1.001860e+05	1.047991e+01	1.075852e+05	1.073795e+05	5.732516e+04	5.689321e+04	3.031699e+02	2.923427e+01	2020	2	9	12
	960	309	60.000000	-12.625000	1.004455e+05	1.141099e+01	1.079066e+05	1.075982e+05	5.759831e+04	5.708643e+04	3.028026e+02	3.238485e+01	2020	2	9	18
	965	311	61.250000	-12.125000	1.001389e+05	1.317523e+01	1.076482e+05	1.073996e+05	5.734663e+04	5.683904e+04	3.026701e+02	3.068474e+01	2020	2	10	0
	962	307	60.500000	-13.125000	1.002893e+05	1.448927e+01	1.078570e+05	1.075711e+05	5.754084e+04	5.697638e+04	3.026999e+02	2.155858e+01	2020	2	10	6
	965	308	61.250000	-12.875000	9.991641e+04	1.305625e+01	1.076828e+05	1.074640e+05	5.731486e+04	5.673231e+04	3.034631e+02	3.079448e+01	2020	2	10	12
	968	304	62.000000	-13.875000	1.001431e+05	1.420471e+01	1.080336e+05	1.076367e+05	5.757170e+04	5.692714e+04	3.025986e+02	3.877934e+01	2020	2	10	18
	965	303	61.250000	-14.125000	9.973916e+04	1.394294e+01	1.077258e+05	1.074377e+05	5.723994e+04	5.666993e+04	3.026439e+02	2.966105e+01	2020	2	11	0
	967	301	61.750000	-14.625000	9.991894e+04	1.525027e+01	1.079234e+05	1.076863e+05	5.744241e+04	5.685555e+04	3.025988e+02	2.286956e+01	2020	2	11	6
	965	300	61.250000	-14.875000	9.956488e+04	1.503885e+01	1.077732e+05	1.075112e+05	5.717941e+04	5.663792e+04	3.027590e+02	2.141407e+01	2020	2	11	12
	965	297	61.250000	-15.625000	9.978853e+04	1.648576e+01	1.080515e+05	1.077198e+05	5.745407e+04	5.680125e+04	3.024183e+02	2.193370e+01	2020	2	11	18
	966	295	61.500000	-16.125000	9.943759e+04	1.651133e+01	1.078076e+05	1.075084e+05	5.719580e+04	5.657625e+04	3.023415e+02	1.857540e+01	2020	2	12	0
	966	295	61.500000	-16.125000	9.964435e+04	1.550090e+01	1.080535e+05	1.077580e+05	5.747954e+04	5.678110e+04	3.023189e+02	1.259101e+01	2020	2	12	6
	967	293	61.750000	-16.625000	9.939195e+04	1.508660e+01	1.080154e+05	1.076665e+05	5.731979e+04	5.670920e+04	3.024700e+02	1.945340e+01	2020	2	12	12
	968	292	62.000000	-16.875000	9.963429e+04	1.644092e+01	1.081419e+05	1.078250e+05	5.758327e+04	5.685142e+04	3.023491e+02	2.277912e+01	2020	2	12	18
	968	290	62.000000	-17.375000	9.927230e+04	1.725791e+01	1.079072e+05	1.075881e+05	5.730308e+04	5.657550e+04	3.023360e+02	1.595168e+01	2020	2	13	0
	968	288	62.000000	-17.875000	9.946505e+04	1.744328e+01	1.081209e+05	1.077969e+05	5.749345e+04	5.675458e+04	3.023826e+02	1.412013e+01	2020	2	13	6
	966	287	61.500000	-18.125000	9.920940e+04	1.785174e+01	1.080325e+05	1.077113e+05	5.737125e+04	5.664726e+04	3.021685e+02	1.907985e+01	2020	2	13	12
	964	286	61.000000	-18.375000	9.945516e+04	1.803604e+01	1.081824e+05	1.079106e+05	5.761397e+04	5.693393e+04	3.019343e+02	1.744445e+01	2020	2	13	18
	960	284	60.000000	-18.875000	9.913694e+04	1.920889e+01	1.079892e+05	1.076790e+05	5.745930e+04	5.665708e+04	3.017065e+02	1.612947e+01	2020	2	14	0
	958	284	59.500000	-18.875000	9.939125e+04	1.849657e+01	1.082775e+05	1.078682e+05	5.764770e+04	5.686041e+04	3.016873e+02	1.380833e+01	2020	2	14	6
	953	282	58.250000	-19.375000	9.913195e+04	1.837770e+01	1.080857e+05	1.076620e+05	5.755000e+04	5.658387e+04	9.999000e+03	2.340768e+01	2020	2	14	12
	948	282	57.000000	-19.375000	9.924594e+04	2.028946e+01	1.082255e+05	1.077480e+05	5.770873e+04	5.667126e+04	9.999000e+03	2.321797e+01	2020	2	14	18
	944	281	56.000000	-19.625000	9.883545e+04	2.109584e+01	1.079764e+05	1.073846e+05	5.751162e+04	5.629226e+04	9.999000e+03	1.739733e+01	2020	2	15	0
	938	279	54.500000	-20.125000	9.902989e+04	2.183551e+01	1.081835e+05	1.074160e+05	5.768270e+04	5.633038e+04	9.999000e+03	1.662440e+01	2020	2	15	6
	934	279	53.500000	-20.125000	9.883683e+04	2.040307e+01	1.080417e+05	1.072400e+05	5.756305e+04	5.608986e+04	9.999000e+03	2.687040e+01	2020	2	15	12
	932	279	53.000000	-20.125000	9.905182e+04	2.163854e+01	1.082475e+05	1.075524e+05	5.769238e+04	5.630826e+04	3.018579e+02	3.313822e+01	2020	2	15	18
	929	280	52.250000	-19.875000	9.880041e+04	1.950001e+01	1.079949e+05	1.074106e+05	5.745346e+04	5.615129e+04	3.017892e+02	2.132788e+01	2020	2	16	0
	927	280	51.750000	-19.875000	9.899420e+04	1.935059e+01	1.081600e+05	1.075313e+05	5.764448e+04	5.627148e+04	3.017149e+02	1.723343e+01	2020	2	16	6
	926	278	51.500000	-20.375000	9.873122e+04	1.946836e+01	1.080681e+05	1.073537e+05	5.748511e+04	5.600372e+04	3.015871e+02	2.111322e+01	2020	2	16	12
	927	277	51.750000	-20.625000	9.880362e+04	2.114746e+01	1.082108e+05	1.074152e+05	5.760803e+04	5.604503e+04	3.014528e+02	2.518557e+01	2020	2	16	18
	927	275	51.750000	-21.125000	9.852141e+04	2.080632e+01	1.079216e+05	1.071483e+05	5.735629e+04	5.580011e+04	3.013076e+02	2.024659e+01	2020	2	17	0
	928	275	52.000000	-21.125000	9.870862e+04	2.041038e+01	1.080656e+05	1.074035e+05	5.756975e+04	5.601887e+04	3.012007e+02	2.171258e+01	2020	2	17	6
	928	273	52.000000	-21.625000	9.838593e+04	2.158655e+01	1.078863e+05	1.071825e+05	5.736808e+04	5.575843e+04	3.011021e+02	2.775458e+01	2020	2	17	12
	929	272	52.250000	-21.875000	9.855416e+04	2.279426e+01	1.080142e+05	1.073263e+05	5.752564e+04	5.599151e+04	3.008726e+02	2.945380e+01	2020	2	17	18
	928	273	52.000000	-21.625000	9.829862e+04	2.357690e+01	1.077595e+05	1.070981e+05	5.728035e+04	5.580914e+04	3.009229e+02	2.006465e+01	2020	2	18	0
	928	273	52.000000	-21.625000	9.848403e+04	2.274225e+01	1.079486e+05	1.072348e+05	5.746064e+04	5.597441e+04	3.008529e+02	1.778186e+01	2020	2	18	6
	930	272	52.500000	-21.875000	9.837843e+04	2.040820e+01	1.078360e+05	1.072369e+05	5.731452e+04	5.591193e+04	3.007372e+02	2.274252e+01	2020	2	18	12
	931	271	52.750000	-22.125000	9.852118e+04	2.330864e+01	1.080515e+05	1.075577e+05	5.753288e+04	5.618595e+04	3.007049e+02	2.393473e+01	2020	2	18	18
	931	269	52.750000	-22.625000	9.790234e+04	2.451652e+01	1.078489e+05	1.072120e+05	5.732384e+04	5.570796e+04	3.002791e+02	1.361058e+01	2020	2	19	0
	931	267	52.750000	-23.125000	9.849609e+04	2.379536e+01	1.080857e+05	1.073133e+05	5.754945e+04	5.614030e+04	3.002745e+02	1.658085e+01	2020	2	19	6
	931	265	52.750000	-23.625000	9.842505e+04	2.240587e+01	1.079948e+05	1.073993e+05	5.741951e+04	5.622763e+04	3.002519e+02	2.072911e+01	2020	2	19	12
	931	263	52.750000	-24.125000	9.867887e+04	2.300160e+01	1.081735e+05	1.075222e+05	5.765713e+04	5.646328e+04	3.001847e+02	2.044742e+01	2020	2	19	18
	931	259	52.750000	-25.125000	9.815177e+04	2.511473e+01	1.079313e+05	1.072216e+05	5.743127e+04	5.599051e+04	3.001525e+02	1.858851e+01	2020	2	20	0
	931	255	52.750000	-26.125000	9.860751e+04	2.364273e+01	1.081468e+05	1.071595e+05	5.761326e+04	5.666675e+04	3.000690e+02	1.880838e+01	2020	2	20	6
	929	251	52.250000	-27.125000	9.865341e+04	2.296341e+01	1.079978e+05	1.071189e+05	5.743421e+04	5.663766e+04	2.998354e+02	2.505780e+01	2020	2	20	12
	929	248	52.250000	-27.875000	9.894609e+04	2.507959e+01	1.081664e+05	1.073919e+05	5.760312e+04	5.663235e+04	2.997228e+02	2.158292e+01	2020	2	20	18
	926	247	51.500000	-28.125000	9.882048e+04	2.387457e+01	1.079515e+05	1.071053e+05	5.743097e+04	5.649296e+04	2.997996e+02	1.598568e+01	2020	2	21	0
	924	245	51.000000	-28.625000	9.936658e+04	1.985728e+01	1.081285e+05	1.071522e+05	5.762921e+04	5.689136e+04	2.997669e+02	1.378897e+01	2020	2	21	6
	924	244	51.000000	-28.875000	9.944119e+04	1.817972e+01	1.079738e+05	1.071067e+05	5.756104e+04	5.696247e+04	2.997149e+02	1.400586e+01	2020	2	21	12
start	59	2020	2	14	12
	1374	285	163.500000	-18.625000	1.000325e+05	1.623683e+01	1.083104e+05	1.081236e+05	5.775724e+04	5.717446e+04	9.999000e+03	1.681171e+01	2020	2	14	12
	1375	288	163.750000	-17.875000	9.970848e+04	1.194967e+01	1.080955e+05	1.078421e+05	5.734531e+04	5.692149e+04	3.024060e+02	1.382262e+01	2020	2	14	18
	1373	284	163.250000	-18.875000	9.988239e+04	1.300290e+01	1.082188e+05	1.079471e+05	5.759650e+04	5.699782e+04	9.999000e+03	1.670050e+01	2020	2	15	0
	1367	284	161.750000	-18.875000	9.957555e+04	1.389625e+01	1.080166e+05	1.077056e+05	5.737329e+04	5.670422e+04	3.022477e+02	1.928411e+01	2020	2	15	6
	1365	287	161.250000	-18.125000	9.969611e+04	1.360262e+01	1.080668e+05	1.078085e+05	5.737764e+04	5.680325e+04	3.022703e+02	2.048004e+01	2020	2	15	12
	1363	286	160.750000	-18.375000	9.935151e+04	1.329801e+01	1.077626e+05	1.075419e+05	5.711155e+04	5.652562e+04	3.020599e+02	1.548540e+01	2020	2	15	18
	1362	286	160.500000	-18.375000	9.947078e+04	1.253979e+01	1.079238e+05	1.075745e+05	5.726072e+04	5.656099e+04	3.020344e+02	1.839410e+01	2020	2	16	0
	1359	284	159.750000	-18.875000	9.916647e+04	1.405565e+01	1.077440e+05	1.073204e+05	5.711686e+04	5.626834e+04	3.018674e+02	2.351895e+01	2020	2	16	6
	1358	284	159.500000	-18.875000	9.928509e+04	1.665391e+01	1.078708e+05	1.074640e+05	5.726867e+04	5.638115e+04	3.017485e+02	2.223487e+01	2020	2	16	12
	1357	284	159.250000	-18.875000	9.898238e+04	1.735013e+01	1.077127e+05	1.072534e+05	5.704545e+04	5.611212e+04	3.016388e+02	1.597729e+01	2020	2	16	18
	1356	283	159.000000	-19.125000	9.921113e+04	1.541106e+01	1.079556e+05	1.075253e+05	5.730996e+04	5.640067e+04	3.015773e+02	1.894487e+01	2020	2	17	0
	1355	283	158.750000	-19.125000	9.900162e+04	1.539831e+01	1.078796e+05	1.074544e+05	5.714500e+04	5.622777e+04	3.016495e+02	2.217553e+01	2020	2	17	6
	1355	283	158.750000	-19.125000	9.925442e+04	1.645930e+01	1.080659e+05	1.076926e+05	5.741827e+04	5.645638e+04	3.015744e+02	2.311048e+01	2020	2	17	12
	1355	282	158.750000	-19.375000	9.902213e+04	1.674319e+01	1.078741e+05	1.074756e+05	5.721762e+04	5.629589e+04	3.014438e+02	1.676702e+01	2020	2	17	18
	1355	280	158.750000	-19.875000	9.930484e+04	1.692312e+01	1.081813e+05	1.078358e+05	5.750326e+04	5.658748e+04	3.013389e+02	1.835547e+01	2020	2	18	0
	1353	278	158.250000	-20.375000	9.906788e+04	1.853166e+01	1.080429e+05	1.076545e+05	5.728638e+04	5.642098e+04	3.014192e+02	1.987774e+01	2020	2	18	6
	1353	279	158.250000	-20.125000	9.931135e+04	1.918576e+01	1.082478e+05	1.079260e+05	5.753509e+04	5.669563e+04	3.014158e+02	1.593474e+01	2020	2	18	12
	1352	278	158.000000	-20.375000	9.912923e+04	1.813922e+01	1.079951e+05	1.076642e+05	5.727975e+04	5.657389e+04	3.013704e+02	1.054016e+01	2020	2	18	18
	1350	279	157.500000	-20.125000	9.938327e+04	1.777469e+01	1.082089e+05	1.079168e+05	5.749763e+04	5.688846e+04	3.015807e+02	1.255380e+01	2020	2	19	0
	1348	279	157.000000	-20.125000	9.915443e+04	1.932764e+01	1.081048e+05	1.077302e+05	5.734950e+04	5.669880e+04	3.016734e+02	1.259826e+01	2020	2	19	6
	1344	279	156.000000	-20.125000	9.935285e+04	2.083205e+01	1.082229e+05	1.079427e+05	5.762336e+04	5.691686e+04	3.018167e+02	1.425662e+01	2020	2	19	12
	1340	281	155.000000	-19.625000	9.898037e+04	2.141722e+01	1.079816e+05	1.076011e+05	5.734083e+04	5.656279e+04	3.018730e+02	1.154208e+01	2020	2	19	18
	1334	281	153.500000	-19.625000	9.914470e+04	2.054769e+01	1.081576e+05	1.077999e+05	5.763854e+04	5.669764e+04	3.020263e+02	1.390223e+01	2020	2	20	0
	1331	281	152.750000	-19.625000	9.889173e+04	2.127325e+01	1.080256e+05	1.076230e+05	5.749376e+04	5.644163e+04	3.021330e+02	2.153310e+01	2020	2	20	6
	1326	283	151.500000	-19.125000	9.907935e+04	2.209493e+01	1.081832e+05	1.077393e+05	5.765949e+04	5.670083e+04	3.022705e+02	2.572990e+01	2020	2	20	12
	1323	285	150.750000	-18.625000	9.868874e+04	2.293247e+01	1.078834e+05	1.075885e+05	5.733068e+04	5.638377e+04	3.024268e+02	1.865330e+01	2020	2	20	18
	1318	285	149.500000	-18.625000	9.896480e+04	2.271589e+01	1.081226e+05	1.077675e+05	5.761108e+04	5.666007e+04	9.999000e+03	2.262613e+01	2020	2	21	0
	1315	285	148.750000	-18.625000	9.873870e+04	2.530538e+01	1.079359e+05	1.076290e+05	5.739009e+04	5.641068e+04	9.999000e+03	3.356576e+01	2020	2	21	6
	1310	285	147.500000	-18.625000	9.879805e+04	2.479741e+01	1.081580e+05	1.078211e+05	5.761622e+04	5.669462e+04	9.999000e+03	3.779934e+01	2020	2	21	12
	1305	284	146.250000	-18.875000	9.866112e+04	1.715517e+01	1.079422e+05	1.075064e+05	5.741341e+04	5.623357e+04	9.999000e+03	2.681458e+01	2020	2	21	18
	1298	283	144.500000	-19.125000	9.935722e+04	1.480644e+01	1.082275e+05	1.077317e+05	5.774423e+04	5.644755e+04	9.999000e+03	1.927585e+01	2020	2	22	0
	1290	281	142.500000	-19.625000	9.915178e+04	1.905808e+01	1.079853e+05	1.076272e+05	5.756154e+04	5.643326e+04	9.999000e+03	1.676921e+01	2020	2	22	6
	1285	282	141.250000	-19.375000	9.947543e+04	1.764025e+01	1.082341e+05	1.079185e+05	5.775305e+04	5.684018e+04	9.999000e+03	1.532629e+01	2020	2	22	12
	1279	282	139.750000	-19.375000	9.948065e+04	1.375671e+01	1.079970e+05	1.077418e+05	5.754721e+04	5.681938e+04	9.999000e+03	1.528415e+01	2020	2	22	18
	1273	280	138.250000	-19.875000	9.989660e+04	1.524603e+01	1.082621e+05	1.079728e+05	5.779945e+04	5.713203e+04	9.999000e+03	1.544236e+01	2020	2	23	0
	1268	280	137.000000	-19.875000	9.966282e+04	1.467530e+01	1.081582e+05	1.078568e+05	5.765596e+04	5.705393e+04	9.999000e+03	1.806133e+01	2020	2	23	6
	1264	279	136.000000	-20.125000	9.993651e+04	1.609995e+01	1.083702e+05	1.080789e+05	5.786630e+04	5.723281e+04	9.999000e+03	2.093718e+01	2020	2	23	12
	1258	279	134.500000	-20.125000	9.968120e+04	1.704317e+01	1.081450e+05	1.078928e+05	5.765656e+04	5.694650e+04	9.999000e+03	1.879424e+01	2020	2	23	18
	1251	277	132.750000	-20.625000	9.980450e+04	1.744334e+01	1.083680e+05	1.080283e+05	5.791059e+04	5.709998e+04	9.999000e+03	1.517318e+01	2020	2	24	0
	1245	277	131.250000	-20.625000	9.955771e+04	1.696495e+01	1.082907e+05	1.079537e+05	5.780447e+04	5.699861e+04	9.999000e+03	1.253893e+01	2020	2	24	6
	1237	276	129.250000	-20.875000	9.969330e+04	1.753830e+01	1.084430e+05	1.080573e+05	5.800090e+04	5.710527e+04	9.999000e+03	1.104958e+01	2020	2	24	12
	1228	278	127.000000	-20.375000	9.925046e+04	1.825318e+01	1.081996e+05	1.078152e+05	5.779330e+04	5.670120e+04	9.999000e+03	7.117040e+00	2020	2	24	18
	1220	278	125.000000	-20.375000	9.952181e+04	1.868544e+01	1.083308e+05	1.079558e+05	5.791570e+04	5.692057e+04	9.999000e+03	8.673765e+00	2020	2	25	0
	1213	278	123.250000	-20.375000	9.935828e+04	1.567290e+01	1.082630e+05	1.079323e+05	5.783397e+04	5.680645e+04	9.999000e+03	1.386151e+01	2020	2	25	6
	1207	280	121.750000	-19.875000	9.945847e+04	1.676837e+01	1.082867e+05	1.079890e+05	5.785215e+04	5.689600e+04	9.999000e+03	1.173343e+01	2020	2	25	12
	1202	281	120.500000	-19.625000	9.897154e+04	1.818942e+01	1.079783e+05	1.077745e+05	5.762969e+04	5.660819e+04	9.999000e+03	1.174657e+01	2020	2	25	18
	1197	281	119.250000	-19.625000	9.870341e+04	2.009975e+01	1.080725e+05	1.075995e+05	5.764786e+04	5.627081e+04	9.999000e+03	1.019676e+01	2020	2	26	0
	1192	279	118.000000	-20.125000	9.855878e+04	2.160298e+01	1.080174e+05	1.074647e+05	5.753702e+04	5.613229e+04	9.999000e+03	1.433428e+01	2020	2	26	6
	1188	278	117.000000	-20.375000	9.885338e+04	1.982493e+01	1.081704e+05	1.076457e+05	5.756059e+04	5.634761e+04	9.999000e+03	1.184511e+01	2020	2	26	12
	1185	275	116.250000	-21.125000	9.889647e+04	1.699195e+01	1.079466e+05	1.074605e+05	5.742194e+04	5.638322e+04	9.999000e+03	1.522533e+01	2020	2	26	18
	1184	271	116.000000	-22.125000	9.902743e+04	1.556742e+01	1.081661e+05	1.075072e+05	5.758123e+04	5.656115e+04	9.999000e+03	1.291783e+01	2020	2	27	0
	1184	264	116.000000	-23.875000	9.869119e+04	1.994488e+01	1.081608e+05	1.073217e+05	5.754299e+04	5.641193e+04	9.999000e+03	1.421670e+01	2020	2	27	6
	1184	256	116.000000	-25.875000	9.897412e+04	2.196079e+01	1.082861e+05	1.070479e+05	5.768473e+04	5.653291e+04	9.999000e+03	1.038838e+01	2020	2	27	12
	1190	248	117.500000	-27.875000	9.917322e+04	2.049129e+01	1.081880e+05	1.066136e+05	5.761437e+04	5.646140e+04	9.999000e+03	1.145112e+01	2020	2	27	18
	1198	238	119.500000	-30.375000	9.947812e+04	1.529234e+01	1.083956e+05	1.063187e+05	5.784342e+04	5.627874e+04	9.999000e+03	1.151437e+01	2020	2	28	0
	1209	227	122.250000	-33.125000	9.941303e+04	1.481517e+01	1.083421e+05	1.060674e+05	5.781570e+04	5.617903e+04	9.999000e+03	1.868664e+01	2020	2	28	6
	1225	219	126.250000	-35.125000	9.964959e+04	2.001584e+01	1.086058e+05	1.063323e+05	5.809125e+04	5.634999e+04	2.943668e+02	8.546115e+00	2020	2	28	12
	1239	210	129.750000	-37.375000	9.973931e+04	1.696721e+01	1.084047e+05	1.055092e+05	5.790199e+04	5.597023e+04	2.924365e+02	3.425477e+00	2020	2	28	18
	1254	205	133.500000	-38.625000	1.001253e+05	1.248469e+01	1.084239e+05	1.048609e+05	5.805081e+04	5.585112e+04	2.917004e+02	8.372605e-01	2020	2	29	0
start	14	2020	2	19	18
	1204	295	121.000000	-16.125000	1.001205e+05	8.304454e+00	1.080137e+05	1.077539e+05	5.749482e+04	5.706535e+04	9.999000e+03	3.008808e+01	2020	2	19	18
	1201	294	120.250000	-16.375000	1.002411e+05	1.050453e+01	1.081048e+05	1.078463e+05	5.761826e+04	5.711133e+04	3.034068e+02	2.837193e+01	2020	2	20	0
	1200	290	120.000000	-17.375000	9.998791e+04	9.825397e+00	1.081460e+05	1.077971e+05	5.756800e+04	5.696207e+04	3.040879e+02	2.436303e+01	2020	2	20	6
	1197	292	119.250000	-16.875000	1.001322e+05	1.190792e+01	1.082912e+05	1.079805e+05	5.766514e+04	5.714264e+04	3.031878e+02	2.552794e+01	2020	2	20	12
	1196	287	119.000000	-18.125000	9.992210e+04	1.330811e+01	1.081149e+05	1.078715e+05	5.762713e+04	5.698771e+04	3.046486e+02	3.387214e+01	2020	2	20	18
	1189	287	117.250000	-18.125000	9.996968e+04	1.301145e+01	1.082397e+05	1.078507e+05	5.764004e+04	5.703705e+04	3.032481e+02	3.063141e+01	2020	2	21	0
	1187	286	116.750000	-18.375000	9.975750e+04	1.275576e+01	1.081806e+05	1.077701e+05	5.756097e+04	5.684904e+04	3.031219e+02	2.261560e+01	2020	2	21	6
	1183	287	115.750000	-18.125000	9.981858e+04	1.521256e+01	1.082998e+05	1.079147e+05	5.766744e+04	5.688280e+04	3.027471e+02	2.068752e+01	2020	2	21	12
	1182	284	115.500000	-18.875000	9.971223e+04	1.677326e+01	1.082327e+05	1.077362e+05	5.767371e+04	5.689282e+04	3.029213e+02	1.944140e+01	2020	2	21	18
	1175	283	113.750000	-19.125000	9.980343e+04	1.944806e+01	1.082951e+05	1.078815e+05	5.778535e+04	5.696637e+04	3.023742e+02	1.093763e+01	2020	2	22	0
	1174	276	113.500000	-20.875000	9.971350e+04	1.716352e+01	1.083219e+05	1.078388e+05	5.780191e+04	5.699970e+04	9.999000e+03	9.302836e+00	2020	2	22	6
	1166	278	111.500000	-20.375000	9.984675e+04	1.774203e+01	1.084231e+05	1.079354e+05	5.783152e+04	5.714278e+04	3.016869e+02	7.846672e+00	2020	2	22	12
	1164	277	111.000000	-20.625000	9.992248e+04	1.707631e+01	1.083314e+05	1.079197e+05	5.784077e+04	5.712671e+04	3.015541e+02	5.741343e+00	2020	2	22	18
	1159	272	109.750000	-21.875000	1.001474e+05	1.691716e+01	1.083704e+05	1.079756e+05	5.797808e+04	5.732396e+04	3.009012e+02	1.521867e+00	2020	2	23	0
start	38	2020	2	20	12
	995	291	68.750000	-17.125000	1.001489e+05	1.093495e+01	1.080958e+05	1.078152e+05	5.753328e+04	5.724788e+04	3.037548e+02	1.914778e+01	2020	2	20	12
	993	293	68.250000	-16.625000	1.004526e+05	1.229000e+01	1.082400e+05	1.079747e+05	5.770165e+04	5.743469e+04	3.030021e+02	2.196158e+01	2020	2	20	18
	985	292	66.250000	-16.875000	1.000882e+05	1.199458e+01	1.079887e+05	1.076338e+05	5.747402e+04	5.711647e+04	3.028894e+02	1.775014e+01	2020	2	21	0
	984	293	66.000000	-16.625000	1.002452e+05	1.345206e+01	1.081867e+05	1.078481e+05	5.764584e+04	5.731045e+04	3.030650e+02	1.530512e+01	2020	2	21	6
	981	294	65.250000	-16.375000	9.992038e+04	1.421267e+01	1.079944e+05	1.076697e+05	5.741763e+04	5.704221e+04	3.039506e+02	1.747360e+01	2020	2	21	12
	980	295	65.000000	-16.125000	1.001301e+05	1.386802e+01	1.081401e+05	1.078220e+05	5.761051e+04	5.714841e+04	3.029495e+02	2.813332e+01	2020	2	21	18
	979	296	64.750000	-15.875000	9.978062e+04	1.422832e+01	1.078186e+05	1.074894e+05	5.729868e+04	5.684306e+04	3.028867e+02	2.307390e+01	2020	2	22	0
	979	296	64.750000	-15.875000	9.993737e+04	1.333995e+01	1.080388e+05	1.077057e+05	5.751116e+04	5.702875e+04	3.028939e+02	1.869616e+01	2020	2	22	6
	980	298	65.000000	-15.375000	9.956909e+04	1.437399e+01	1.078132e+05	1.075556e+05	5.732210e+04	5.680129e+04	3.036695e+02	2.397832e+01	2020	2	22	12
	981	297	65.250000	-15.625000	9.980765e+04	1.457918e+01	1.079554e+05	1.077391e+05	5.752547e+04	5.700323e+04	3.030415e+02	3.108349e+01	2020	2	22	18
	982	297	65.500000	-15.625000	9.937716e+04	1.540568e+01	1.076695e+05	1.074083e+05	5.717242e+04	5.663985e+04	3.028166e+02	2.633130e+01	2020	2	23	0
	984	298	66.000000	-15.375000	9.952260e+04	1.788708e+01	1.078957e+05	1.075814e+05	5.743203e+04	5.675011e+04	3.028018e+02	2.572938e+01	2020	2	23	6
	986	295	66.500000	-16.125000	9.913727e+04	1.853077e+01	1.077352e+05	1.074171e+05	5.717723e+04	5.645181e+04	3.028815e+02	2.664354e+01	2020	2	23	12
	987	294	66.750000	-16.375000	9.929400e+04	1.845201e+01	1.079001e+05	1.075344e+05	5.736396e+04	5.656315e+04	3.027991e+02	3.074282e+01	2020	2	23	18
	988	293	67.000000	-16.625000	9.890538e+04	1.825678e+01	1.077126e+05	1.072632e+05	5.715962e+04	5.620080e+04	3.027505e+02	2.719572e+01	2020	2	24	0
	988	291	67.000000	-17.125000	9.900520e+04	2.031842e+01	1.079306e+05	1.073540e+05	5.732534e+04	5.631854e+04	3.027156e+02	2.340438e+01	2020	2	24	6
	989	290	67.250000	-17.375000	9.863648e+04	1.895424e+01	1.079125e+05	1.072901e+05	5.720748e+04	5.607917e+04	3.027469e+02	2.539746e+01	2020	2	24	12
	986	286	66.500000	-18.375000	9.883945e+04	1.984188e+01	1.080698e+05	1.073986e+05	5.736295e+04	5.620355e+04	3.026016e+02	2.819854e+01	2020	2	24	18
	986	283	66.500000	-19.125000	9.858474e+04	2.001093e+01	1.079386e+05	1.071186e+05	5.726095e+04	5.595671e+04	3.022295e+02	2.233870e+01	2020	2	25	0
	982	280	65.500000	-19.875000	9.877888e+04	2.205552e+01	1.082705e+05	1.073871e+05	5.753698e+04	5.613480e+04	3.023873e+02	1.604848e+01	2020	2	25	6
	977	275	64.250000	-21.125000	9.868366e+04	2.191186e+01	1.082599e+05	1.074215e+05	5.753881e+04	5.611297e+04	3.017609e+02	2.089334e+01	2020	2	25	12
	970	273	62.500000	-21.625000	9.893597e+04	2.645955e+01	1.084532e+05	1.076822e+05	5.780817e+04	5.638574e+04	3.015341e+02	2.890711e+01	2020	2	25	18
	963	270	60.750000	-22.375000	9.868567e+04	2.423454e+01	1.082102e+05	1.075090e+05	5.761497e+04	5.619784e+04	3.012988e+02	2.024984e+01	2020	2	26	0
	958	268	59.500000	-22.875000	9.890544e+04	2.341173e+01	1.083707e+05	1.077443e+05	5.777166e+04	5.642466e+04	3.011272e+02	1.800561e+01	2020	2	26	6
	952	264	58.000000	-23.875000	9.869516e+04	2.343467e+01	1.082161e+05	1.075944e+05	5.762398e+04	5.628676e+04	3.007115e+02	1.967701e+01	2020	2	26	12
	951	261	57.750000	-24.625000	9.882596e+04	2.274934e+01	1.083651e+05	1.078661e+05	5.783634e+04	5.643607e+04	3.006226e+02	1.890995e+01	2020	2	26	18
	944	257	56.000000	-25.625000	9.862848e+04	2.308956e+01	1.080527e+05	1.076637e+05	5.748287e+04	5.626131e+04	3.000557e+02	1.421990e+01	2020	2	27	0
	943	255	55.750000	-26.125000	9.890184e+04	2.081897e+01	1.081993e+05	1.078280e+05	5.758843e+04	5.643246e+04	2.997203e+02	1.191271e+01	2020	2	27	6
	941	251	55.250000	-27.125000	9.874566e+04	1.974009e+01	1.079771e+05	1.075577e+05	5.738435e+04	5.630719e+04	2.995453e+02	1.495140e+01	2020	2	27	12
	940	250	55.000000	-27.375000	9.891508e+04	2.004365e+01	1.080597e+05	1.075320e+05	5.746346e+04	5.648111e+04	2.994241e+02	1.631308e+01	2020	2	27	18
	940	250	55.000000	-27.375000	9.882784e+04	1.869472e+01	1.077925e+05	1.073387e+05	5.724332e+04	5.633170e+04	2.993304e+02	1.059615e+01	2020	2	28	0
	941	249	55.250000	-27.625000	9.914795e+04	1.704076e+01	1.080172e+05	1.071903e+05	5.743647e+04	5.657570e+04	2.987444e+02	7.031095e+00	2020	2	28	6
	942	249	55.500000	-27.625000	9.913125e+04	1.848713e+01	1.078861e+05	1.071308e+05	5.730323e+04	5.657854e+04	2.989652e+02	1.120084e+01	2020	2	28	12
	943	251	55.750000	-27.125000	9.943296e+04	1.793518e+01	1.080787e+05	1.074304e+05	5.750170e+04	5.687350e+04	2.992558e+02	1.072168e+01	2020	2	28	18
	943	251	55.750000	-27.125000	9.941011e+04	1.690203e+01	1.079185e+05	1.072822e+05	5.739948e+04	5.681550e+04	2.991279e+02	9.058898e+00	2020	2	29	0
	942	252	55.500000	-26.875000	9.976423e+04	1.686409e+01	1.081661e+05	1.075003e+05	5.761245e+04	5.708933e+04	2.993129e+02	4.636156e+00	2020	2	29	6
	941	254	55.250000	-26.375000	9.976481e+04	1.530058e+01	1.080242e+05	1.074765e+05	5.753143e+04	5.711903e+04	2.996235e+02	5.081242e+00	2020	2	29	12
	940	255	55.000000	-26.125000	1.001234e+05	1.613787e+01	1.081881e+05	1.075786e+05	5.774458e+04	5.738086e+04	2.997524e+02	5.698301e+00	2020	2	29	18
start	31	2020	3	4	0
	1132	303	103.000000	-14.125000	1.002324e+05	1.254233e+01	1.079158e+05	1.077156e+05	5.758056e+04	5.708227e+04	3.026378e+02	2.037012e+01	2020	3	4	0
	1132	301	103.000000	-14.625000	1.002077e+05	1.393027e+01	1.079504e+05	1.076729e+05	5.753591e+04	5.703630e+04	3.025401e+02	1.416666e+01	2020	3	4	6
	1128	300	102.000000	-14.875000	1.000852e+05	1.376846e+01	1.078918e+05	1.076386e+05	5.752271e+04	5.696091e+04	3.022171e+02	1.287000e+01	2020	3	4	12
	1128	299	102.000000	-15.125000	1.000592e+05	1.410699e+01	1.079222e+05	1.076797e+05	5.752264e+04	5.700032e+04	3.020889e+02	1.522853e+01	2020	3	4	18
	1130	297	102.500000	-15.625000	9.997684e+04	1.629028e+01	1.078337e+05	1.074790e+05	5.743492e+04	5.695231e+04	3.020496e+02	1.485344e+01	2020	3	5	0
	1131	296	102.750000	-15.875000	9.984385e+04	1.563980e+01	1.078407e+05	1.075080e+05	5.739809e+04	5.691564e+04	3.025363e+02	1.670274e+01	2020	3	5	6
	1133	295	103.250000	-16.125000	9.975020e+04	1.619671e+01	1.078539e+05	1.074145e+05	5.739264e+04	5.681421e+04	3.022384e+02	2.256067e+01	2020	3	5	12
	1134	293	103.500000	-16.625000	9.975677e+04	1.576451e+01	1.078093e+05	1.073208e+05	5.737332e+04	5.684261e+04	3.020893e+02	2.318770e+01	2020	3	5	18
	1133	291	103.250000	-17.125000	9.961854e+04	1.645358e+01	1.077388e+05	1.071575e+05	5.731540e+04	5.674177e+04	3.019623e+02	2.310868e+01	2020	3	6	0
	1137	291	104.250000	-17.125000	9.957395e+04	1.642619e+01	1.077731e+05	1.072503e+05	5.731809e+04	5.672502e+04	3.022258e+02	1.980571e+01	2020	3	6	6
	1136	289	104.000000	-17.625000	9.953591e+04	1.954613e+01	1.077951e+05	1.072360e+05	5.738218e+04	5.675358e+04	3.018055e+02	1.701675e+01	2020	3	6	12
	1139	286	104.750000	-18.375000	9.964640e+04	1.786957e+01	1.077712e+05	1.071763e+05	5.736186e+04	5.684827e+04	3.018100e+02	1.729180e+01	2020	3	6	18
	1140	288	105.000000	-17.875000	9.967090e+04	1.762497e+01	1.078004e+05	1.071862e+05	5.744330e+04	5.685159e+04	3.024029e+02	1.771851e+01	2020	3	7	0
	1143	284	105.750000	-18.875000	9.961548e+04	1.991188e+01	1.078471e+05	1.071162e+05	5.741915e+04	5.690135e+04	3.023707e+02	1.462787e+01	2020	3	7	6
	1143	288	105.750000	-17.875000	9.967856e+04	1.945015e+01	1.079770e+05	1.073253e+05	5.754270e+04	5.702155e+04	3.026962e+02	1.255638e+01	2020	3	7	12
	1146	288	106.500000	-17.875000	9.982659e+04	1.627210e+01	1.078890e+05	1.074049e+05	5.756823e+04	5.712971e+04	3.028744e+02	1.377115e+01	2020	3	7	18
	1149	288	107.250000	-17.875000	9.993621e+04	1.796676e+01	1.079311e+05	1.074261e+05	5.759291e+04	5.715293e+04	3.029583e+02	1.284067e+01	2020	3	8	0
	1150	291	107.500000	-17.125000	9.988326e+04	1.885260e+01	1.079610e+05	1.076022e+05	5.760619e+04	5.707884e+04	3.030573e+02	9.125852e+00	2020	3	8	6
	1153	292	108.250000	-16.875000	9.996234e+04	1.784962e+01	1.080292e+05	1.076957e+05	5.763144e+04	5.725588e+04	3.030720e+02	6.334047e+00	2020	3	8	12
	1154	293	108.500000	-16.625000	9.993966e+04	1.655378e+01	1.079312e+05	1.077123e+05	5.764250e+04	5.723677e+04	3.029884e+02	1.000008e+01	2020	3	8	18
	1157	294	109.250000	-16.375000	9.997691e+04	1.643958e+01	1.079813e+05	1.077039e+05	5.757330e+04	5.723351e+04	3.029619e+02	8.745042e+00	2020	3	9	0
	1157	295	109.250000	-16.125000	9.985093e+04	1.667587e+01	1.079313e+05	1.076923e+05	5.755866e+04	5.712970e+04	3.029810e+02	6.562270e+00	2020	3	9	6
	1161	298	110.250000	-15.375000	9.992736e+04	1.531952e+01	1.080852e+05	1.079238e+05	5.757530e+04	5.720453e+04	3.032957e+02	8.610184e+00	2020	3	9	12
	1162	297	110.500000	-15.625000	9.990680e+04	1.541755e+01	1.080473e+05	1.078022e+05	5.754959e+04	5.715245e+04	3.032698e+02	1.129672e+01	2020	3	9	18
	1166	298	111.500000	-15.375000	9.994282e+04	1.682980e+01	1.080168e+05	1.078381e+05	5.755058e+04	5.712307e+04	3.032589e+02	1.223851e+01	2020	3	10	0
	1167	297	111.750000	-15.625000	9.985698e+04	1.680229e+01	1.079570e+05	1.077639e+05	5.750520e+04	5.716798e+04	3.034528e+02	9.513903e+00	2020	3	10	6
	1169	298	112.250000	-15.375000	9.984091e+04	1.824516e+01	1.080820e+05	1.078706e+05	5.760009e+04	5.718123e+04	3.032577e+02	1.065193e+01	2020	3	10	12
	1171	298	112.750000	-15.375000	9.970616e+04	1.826149e+01	1.079623e+05	1.077606e+05	5.750749e+04	5.713591e+04	3.031539e+02	1.308123e+01	2020	3	10	18
	1174	299	113.500000	-15.125000	9.973814e+04	1.917092e+01	1.080023e+05	1.077210e+05	5.754943e+04	5.715675e+04	3.031113e+02	5.767093e+00	2020	3	11	0
	1177	300	114.250000	-14.875000	9.966902e+04	1.751272e+01	1.078789e+05	1.077548e+05	5.747023e+04	5.705577e+04	3.034468e+02	8.318782e+00	2020	3	11	6
	1182	301	115.500000	-14.625000	9.987876e+04	1.668779e+01	1.080084e+05	1.078381e+05	5.761461e+04	5.712855e+04	3.039018e+02	1.788276e+01	2020	3	11	12
start	22	2020	3	10	18
	1213	292	123.250000	-16.875000	1.000185e+05	1.078615e+01	1.080364e+05	1.077339e+05	5.749822e+04	5.696103e+04	9.999000e+03	2.925112e+01	2020	3	10	18
	1209	288	122.250000	-17.875000	1.001725e+05	1.081339e+01	1.082053e+05	1.079269e+05	5.766182e+04	5.711229e+04	9.999000e+03	2.274256e+01	2020	3	11	0
	1205	287	121.250000	-18.125000	9.987228e+04	1.267036e+01	1.080014e+05	1.077249e+05	5.752332e+04	5.694409e+04	9.999000e+03	1.916815e+01	2020	3	11	6
	1202	286	120.500000	-18.375000	9.997179e+04	1.223617e+01	1.081468e+05	1.078658e+05	5.761441e+04	5.704365e+04	9.999000e+03	2.365575e+01	2020	3	11	12
	1201	285	120.250000	-18.625000	9.971662e+04	1.505898e+01	1.079968e+05	1.077200e+05	5.739464e+04	5.685077e+04	9.999000e+03	2.449691e+01	2020	3	11	18
	1198	282	119.500000	-19.375000	9.969601e+04	1.589774e+01	1.080282e+05	1.077751e+05	5.753296e+04	5.692167e+04	9.999000e+03	2.894952e+01	2020	3	12	0
	1193	283	118.250000	-19.125000	9.943284e+04	1.697458e+01	1.078390e+05	1.075153e+05	5.733229e+04	5.674650e+04	9.999000e+03	3.027775e+01	2020	3	12	6
	1193	283	118.250000	-19.125000	9.948586e+04	1.733428e+01	1.079564e+05	1.075958e+05	5.738614e+04	5.678105e+04	9.999000e+03	3.600465e+01	2020	3	12	12
	1193	284	118.250000	-18.875000	9.931154e+04	1.567605e+01	1.078200e+05	1.074419e+05	5.723587e+04	5.666676e+04	9.999000e+03	3.970768e+01	2020	3	12	18
	1195	282	118.750000	-19.375000	9.933155e+04	1.642142e+01	1.079128e+05	1.074937e+05	5.741170e+04	5.675854e+04	9.999000e+03	4.224975e+01	2020	3	13	0
	1192	278	118.000000	-20.375000	9.917423e+04	1.356075e+01	1.077812e+05	1.072787e+05	5.720349e+04	5.662193e+04	9.999000e+03	3.702644e+01	2020	3	13	6
	1191	278	117.750000	-20.375000	9.939446e+04	1.469402e+01	1.080167e+05	1.073753e+05	5.740823e+04	5.678900e+04	9.999000e+03	3.225240e+01	2020	3	13	12
	1192	276	118.000000	-20.875000	9.935212e+04	1.513418e+01	1.078713e+05	1.072543e+05	5.728571e+04	5.668986e+04	9.999000e+03	3.162802e+01	2020	3	13	18
	1193	273	118.250000	-21.625000	9.963757e+04	1.264651e+01	1.079769e+05	1.072192e+05	5.746585e+04	5.677659e+04	9.999000e+03	2.427298e+01	2020	3	14	0
	1193	267	118.250000	-23.125000	9.956710e+04	1.204785e+01	1.078690e+05	1.070436e+05	5.728679e+04	5.667875e+04	9.999000e+03	2.645777e+01	2020	3	14	6
	1195	264	118.750000	-23.875000	9.986118e+04	1.321406e+01	1.080825e+05	1.071682e+05	5.749139e+04	5.685103e+04	9.999000e+03	2.177979e+01	2020	3	14	12
	1194	263	118.500000	-24.125000	9.986391e+04	1.279377e+01	1.078923e+05	1.069562e+05	5.734459e+04	5.670298e+04	9.999000e+03	1.183225e+01	2020	3	14	18
	1190	260	117.500000	-24.875000	1.000555e+05	1.110655e+01	1.080169e+05	1.066918e+05	5.736993e+04	5.671632e+04	9.999000e+03	4.114576e+00	2020	3	15	0
	1199	255	119.750000	-26.125000	9.999285e+04	1.090576e+01	1.080198e+05	1.065991e+05	5.744148e+04	5.658757e+04	9.999000e+03	1.003532e+01	2020	3	15	6
	1199	250	119.750000	-27.375000	1.003283e+05	9.208056e+00	1.081540e+05	1.064404e+05	5.758566e+04	5.665017e+04	9.999000e+03	1.115676e+01	2020	3	15	12
	1193	254	118.250000	-26.375000	1.003159e+05	5.626053e+00	1.080098e+05	1.063531e+05	5.743667e+04	5.654051e+04	9.999000e+03	1.851342e+00	2020	3	15	18
	1201	241	120.250000	-29.625000	1.005269e+05	6.938200e+00	1.081106e+05	1.059673e+05	5.750036e+04	5.651196e+04	9.999000e+03	8.937428e+00	2020	3	16	0
start	37	2020	3	23	0
	1260	314	135.000000	-11.375000	1.003120e+05	1.299263e+01	1.082343e+05	1.078468e+05	5.768114e+04	5.739466e+04	9.999000e+03	2.789972e+01	2020	3	23	0
	1256	313	134.000000	-11.625000	1.000429e+05	1.457789e+01	1.080696e+05	1.076793e+05	5.749758e+04	5.713682e+04	9.999000e+03	2.117847e+01	2020	3	23	6
	1253	315	133.250000	-11.125000	1.003226e+05	1.325101e+01	1.082329e+05	1.078833e+05	5.767431e+04	5.737171e+04	9.999000e+03	3.156165e+01	2020	3	23	12
	1248	312	132.000000	-11.875000	1.001251e+05	1.278120e+01	1.080125e+05	1.075934e+05	5.745702e+04	5.715158e+04	9.999000e+03	2.779740e+01	2020	3	23	18
	1246	313	131.500000	-11.625000	1.003069e+05	1.295013e+01	1.081610e+05	1.077684e+05	5.761084e+04	5.724705e+04	9.999000e+03	2.827514e+01	2020	3	24	0
	1244	312	131.000000	-11.875000	9.992776e+04	1.382073e+01	1.079456e+05	1.075851e+05	5.739810e+04	5.705755e+04	9.999000e+03	2.749937e+01	2020	3	24	6
	1241	310	130.250000	-12.375000	1.002163e+05	1.358896e+01	1.081312e+05	1.078048e+05	5.765936e+04	5.721331e+04	9.999000e+03	3.208747e+01	2020	3	24	12
	1236	308	129.000000	-12.875000	9.990674e+04	1.600075e+01	1.079018e+05	1.075273e+05	5.741165e+04	5.688781e+04	9.999000e+03	2.864361e+01	2020	3	24	18
	1233	309	128.250000	-12.625000	9.992267e+04	1.859413e+01	1.080686e+05	1.076998e+05	5.763144e+04	5.701496e+04	9.999000e+03	2.755977e+01	2020	3	25	0
	1230	306	127.500000	-13.375000	9.958730e+04	1.656680e+01	1.079435e+05	1.075732e+05	5.742854e+04	5.677762e+04	9.999000e+03	2.412828e+01	2020	3	25	6
	1229	305	127.250000	-13.625000	9.992342e+04	1.647313e+01	1.080627e+05	1.077447e+05	5.764964e+04	5.702097e+04	9.999000e+03	2.641387e+01	2020	3	25	12
	1223	303	125.750000	-14.125000	9.941127e+04	1.771626e+01	1.077880e+05	1.075468e+05	5.744137e+04	5.664574e+04	9.999000e+03	2.121727e+01	2020	3	25	18
	1221	303	125.250000	-14.125000	9.980574e+04	1.749783e+01	1.079632e+05	1.077616e+05	5.765409e+04	5.700301e+04	9.999000e+03	1.677694e+01	2020	3	26	0
	1216	302	124.000000	-14.375000	9.959359e+04	1.809768e+01	1.078406e+05	1.076905e+05	5.746338e+04	5.687948e+04	9.999000e+03	2.143579e+01	2020	3	26	6
	1216	301	124.000000	-14.625000	9.974845e+04	2.202421e+01	1.080082e+05	1.077052e+05	5.765579e+04	5.689345e+04	9.999000e+03	2.766960e+01	2020	3	26	12
	1213	301	123.250000	-14.625000	9.950157e+04	2.106489e+01	1.077366e+05	1.075648e+05	5.747982e+04	5.674721e+04	9.999000e+03	2.798349e+01	2020	3	26	18
	1210	301	122.500000	-14.625000	9.963672e+04	2.175818e+01	1.079354e+05	1.077318e+05	5.762100e+04	5.703780e+04	9.999000e+03	2.363045e+01	2020	3	27	0
	1208	301	122.000000	-14.625000	9.956264e+04	2.110784e+01	1.078533e+05	1.076131e+05	5.748887e+04	5.696394e+04	3.030992e+02	2.636925e+01	2020	3	27	6
	1207	299	121.750000	-15.125000	9.962953e+04	2.310934e+01	1.079813e+05	1.077796e+05	5.764278e+04	5.708021e+04	9.999000e+03	2.744791e+01	2020	3	27	12
	1205	300	121.250000	-14.875000	9.951408e+04	2.136996e+01	1.077451e+05	1.076164e+05	5.750921e+04	5.704711e+04	3.026084e+02	2.747088e+01	2020	3	27	18
	1203	299	120.750000	-15.125000	9.976020e+04	2.119187e+01	1.079156e+05	1.076847e+05	5.763745e+04	5.720329e+04	3.025605e+02	2.528050e+01	2020	3	28	0
	1199	297	119.750000	-15.625000	9.955782e+04	2.168394e+01	1.077756e+05	1.075529e+05	5.748127e+04	5.700260e+04	3.027514e+02	2.331374e+01	2020	3	28	6
	1198	296	119.500000	-15.875000	9.973898e+04	2.198123e+01	1.080034e+05	1.077004e+05	5.765522e+04	5.715899e+04	3.027252e+02	2.707071e+01	2020	3	28	12
	1195	293	118.750000	-16.625000	9.951712e+04	2.255330e+01	1.078424e+05	1.075322e+05	5.747920e+04	5.689630e+04	3.027237e+02	2.860406e+01	2020	3	28	18
	1191	292	117.750000	-16.875000	9.932984e+04	2.308246e+01	1.079299e+05	1.073970e+05	5.757731e+04	5.660877e+04	3.028329e+02	1.938335e+01	2020	3	29	0
	1190	291	117.500000	-17.125000	9.917477e+04	2.082183e+01	1.077755e+05	1.073552e+05	5.746439e+04	5.658001e+04	3.028579e+02	2.196949e+01	2020	3	29	6
	1188	289	117.000000	-17.625000	9.930404e+04	2.375205e+01	1.079455e+05	1.075249e+05	5.765630e+04	5.683155e+04	3.029100e+02	2.554800e+01	2020	3	29	12
	1187	287	116.750000	-18.125000	9.898822e+04	2.336852e+01	1.078347e+05	1.074493e+05	5.752661e+04	5.666365e+04	3.030617e+02	2.085270e+01	2020	3	29	18
	1185	284	116.250000	-18.875000	9.903377e+04	2.420825e+01	1.079270e+05	1.072946e+05	5.764714e+04	5.670963e+04	3.031263e+02	1.870176e+01	2020	3	30	0
	1184	282	116.000000	-19.375000	9.888441e+04	2.496929e+01	1.078683e+05	1.071657e+05	5.753894e+04	5.656709e+04	9.999000e+03	1.974903e+01	2020	3	30	6
	1184	280	116.000000	-19.875000	9.902071e+04	2.818864e+01	1.080442e+05	1.071681e+05	5.777795e+04	5.682798e+04	9.999000e+03	1.226857e+01	2020	3	30	12
	1182	277	115.500000	-20.625000	9.941381e+04	2.041798e+01	1.079590e+05	1.069181e+05	5.767513e+04	5.713259e+04	9.999000e+03	1.356567e+01	2020	3	30	18
	1183	273	115.750000	-21.625000	9.974033e+04	1.682793e+01	1.081482e+05	1.068990e+05	5.780746e+04	5.709870e+04	9.999000e+03	1.440555e+01	2020	3	31	0
	1183	268	115.750000	-22.875000	9.987207e+04	1.411882e+01	1.080544e+05	1.067478e+05	5.767207e+04	5.713302e+04	9.999000e+03	1.036295e+01	2020	3	31	6
	1187	263	116.750000	-24.125000	1.005290e+05	1.062180e+01	1.081648e+05	1.068091e+05	5.792012e+04	5.724758e+04	9.999000e+03	1.113242e+01	2020	3	31	12
	1192	256	118.000000	-25.875000	1.003220e+05	1.566589e+01	1.079980e+05	1.063317e+05	5.770468e+04	5.702348e+04	9.999000e+03	1.396878e+01	2020	3	31	18
	1198	250	119.500000	-27.375000	1.005431e+05	1.367839e+01	1.080184e+05	1.059583e+05	5.773348e+04	5.696965e+04	9.999000e+03	1.009486e+01	2020	4	1	0
start	59	2020	4	1	0
	1312	381	148.000000	5.375000	1.008264e+05	1.677661e+01	1.081282e+05	1.079332e+05	5.779932e+04	5.747006e+04	3.034052e+02	2.124697e+01	2020	4	1	0
	1310	379	147.500000	4.875000	1.004035e+05	1.582899e+01	1.078396e+05	1.077104e+05	5.752557e+04	5.719702e+04	3.034668e+02	1.690151e+01	2020	4	1	6
	1309	378	147.250000	4.625000	1.006091e+05	1.562693e+01	1.080998e+05	1.078896e+05	5.776179e+04	5.743045e+04	3.034182e+02	1.820071e+01	2020	4	1	12
	1309	376	147.250000	4.125000	1.001926e+05	1.764982e+01	1.078727e+05	1.075844e+05	5.742400e+04	5.702669e+04	3.034051e+02	1.522988e+01	2020	4	1	18
	1310	375	147.500000	3.875000	1.004396e+05	1.774748e+01	1.080291e+05	1.078578e+05	5.773399e+04	5.746943e+04	3.034965e+02	1.228234e+01	2020	4	2	0
	1311	376	147.750000	4.125000	9.998017e+04	1.647052e+01	1.078204e+05	1.076390e+05	5.741703e+04	5.719203e+04	3.035886e+02	1.175325e+01	2020	4	2	6
	1310	376	147.500000	4.125000	1.003361e+05	1.772457e+01	1.080148e+05	1.078784e+05	5.772054e+04	5.755365e+04	3.034601e+02	1.198473e+01	2020	4	2	12
	1309	376	147.250000	4.125000	1.001246e+05	1.492835e+01	1.077276e+05	1.076048e+05	5.748488e+04	5.732123e+04	3.033895e+02	1.573947e+01	2020	4	2	18
	1308	377	147.000000	4.375000	1.003821e+05	1.717493e+01	1.079963e+05	1.078978e+05	5.774664e+04	5.757073e+04	3.033636e+02	2.206788e+01	2020	4	3	0
	1307	377	146.750000	4.375000	1.001187e+05	1.559536e+01	1.077867e+05	1.075898e+05	5.749327e+04	5.726213e+04	3.034234e+02	1.999487e+01	2020	4	3	6
	1306	377	146.500000	4.375000	1.004759e+05	1.426909e+01	1.080741e+05	1.079046e+05	5.783577e+04	5.759702e+04	3.032834e+02	2.437310e+01	2020	4	3	12
	1304	379	146.000000	4.875000	1.001862e+05	1.553668e+01	1.078079e+05	1.076423e+05	5.754276e+04	5.733227e+04	3.032227e+02	2.798906e+01	2020	4	3	18
	1300	379	145.000000	4.875000	1.005732e+05	1.570854e+01	1.081109e+05	1.079538e+05	5.780201e+04	5.753786e+04	3.032504e+02	2.599889e+01	2020	4	4	0
	1298	380	144.500000	5.125000	1.002338e+05	1.570050e+01	1.079551e+05	1.077485e+05	5.755734e+04	5.722680e+04	3.034990e+02	1.858430e+01	2020	4	4	6
	1295	380	143.750000	5.125000	1.005742e+05	1.614049e+01	1.081732e+05	1.080229e+05	5.783103e+04	5.749832e+04	3.032791e+02	1.942293e+01	2020	4	4	12
	1292	380	143.000000	5.125000	1.002899e+05	1.729872e+01	1.079290e+05	1.078066e+05	5.756179e+04	5.726864e+04	3.032326e+02	2.999569e+01	2020	4	4	18
	1290	380	142.500000	5.125000	1.005835e+05	1.616342e+01	1.082688e+05	1.080524e+05	5.787554e+04	5.762723e+04	3.032138e+02	3.404163e+01	2020	4	5	0
	1289	381	142.250000	5.375000	1.001452e+05	1.739247e+01	1.080519e+05	1.078751e+05	5.761375e+04	5.723067e+04	3.032413e+02	3.718296e+01	2020	4	5	6
	1288	381	142.000000	5.375000	1.004439e+05	1.967361e+01	1.082960e+05	1.080744e+05	5.786899e+04	5.752979e+04	3.032019e+02	3.042334e+01	2020	4	5	12
	1286	382	141.500000	5.625000	9.996079e+04	2.215068e+01	1.080283e+05	1.078302e+05	5.759630e+04	5.713473e+04	3.031326e+02	3.331678e+01	2020	4	5	18
	1284	382	141.000000	5.625000	1.002843e+05	1.796827e+01	1.083074e+05	1.081349e+05	5.787236e+04	5.755066e+04	3.031118e+02	2.930573e+01	2020	4	6	0
	1283	385	140.750000	6.375000	9.985441e+04	2.112999e+01	1.080883e+05	1.078632e+05	5.762986e+04	5.706609e+04	3.030100e+02	3.485953e+01	2020	4	6	6
	1281	386	140.250000	6.625000	1.000402e+05	1.989485e+01	1.083096e+05	1.079499e+05	5.790040e+04	5.723342e+04	3.029362e+02	3.070912e+01	2020	4	6	12
	1278	387	139.500000	6.875000	9.960602e+04	2.093299e+01	1.080590e+05	1.076300e+05	5.762831e+04	5.678040e+04	3.027704e+02	3.222626e+01	2020	4	6	18
	1276	388	139.000000	7.125000	9.981502e+04	2.124249e+01	1.082729e+05	1.077455e+05	5.784997e+04	5.671033e+04	3.027584e+02	3.196293e+01	2020	4	7	0
	1273	390	138.250000	7.625000	9.953187e+04	2.123933e+01	1.080435e+05	1.076212e+05	5.762393e+04	5.651805e+04	3.027542e+02	3.541024e+01	2020	4	7	6
	1269	391	137.250000	7.875000	9.983743e+04	2.220355e+01	1.082480e+05	1.078281e+05	5.783918e+04	5.676946e+04	3.028029e+02	3.613531e+01	2020	4	7	12
	1265	391	136.250000	7.875000	9.937295e+04	2.261175e+01	1.079836e+05	1.072191e+05	5.758028e+04	5.626616e+04	3.028685e+02	3.778629e+01	2020	4	7	18
	1263	391	135.750000	7.875000	9.970355e+04	2.494896e+01	1.082379e+05	1.074771e+05	5.780357e+04	5.643489e+04	3.027707e+02	4.176682e+01	2020	4	8	0
	1260	392	135.000000	8.125000	9.926963e+04	2.430449e+01	1.080273e+05	1.073025e+05	5.754095e+04	5.619970e+04	3.026141e+02	3.692255e+01	2020	4	8	6
	1258	394	134.500000	8.625000	9.948099e+04	2.347396e+01	1.081807e+05	1.076060e+05	5.778530e+04	5.648955e+04	3.023651e+02	3.000622e+01	2020	4	8	12
	1256	396	134.000000	9.125000	9.926999e+04	2.160488e+01	1.079375e+05	1.074401e+05	5.757418e+04	5.639601e+04	3.021762e+02	3.188082e+01	2020	4	8	18
	1254	398	133.500000	9.625000	9.946884e+04	2.232929e+01	1.081870e+05	1.076554e+05	5.782582e+04	5.668212e+04	3.021605e+02	3.314106e+01	2020	4	9	0
	1252	401	133.000000	10.375000	9.908719e+04	2.436641e+01	1.079861e+05	1.075428e+05	5.762944e+04	5.646459e+04	3.021462e+02	3.285727e+01	2020	4	9	6
	1249	403	132.250000	10.875000	9.915028e+04	2.591326e+01	1.081644e+05	1.076805e+05	5.780473e+04	5.663016e+04	3.021275e+02	3.157612e+01	2020	4	9	12
	1247	405	131.750000	11.375000	9.856929e+04	2.776660e+01	1.079198e+05	1.073737e+05	5.759149e+04	5.617878e+04	3.020387e+02	3.201964e+01	2020	4	9	18
	1245	407	131.250000	11.875000	9.847269e+04	2.738527e+01	1.080919e+05	1.073491e+05	5.779243e+04	5.613800e+04	3.019241e+02	3.340610e+01	2020	4	10	0
	1243	408	130.750000	12.125000	9.826492e+04	2.960951e+01	1.079475e+05	1.071407e+05	5.754316e+04	5.588350e+04	3.017641e+02	2.879210e+01	2020	4	10	6
	1243	409	130.750000	12.375000	9.832054e+04	2.968543e+01	1.081418e+05	1.074316e+05	5.777553e+04	5.613679e+04	3.016830e+02	2.973642e+01	2020	4	10	12
	1241	412	130.250000	13.125000	9.778912e+04	3.225053e+01	1.079364e+05	1.068181e+05	5.753020e+04	5.553286e+04	3.014170e+02	2.382931e+01	2020	4	10	18
	1240	412	130.000000	13.125000	9.868275e+04	2.619942e+01	1.081235e+05	1.073430e+05	5.775708e+04	5.645202e+04	3.014220e+02	2.140697e+01	2020	4	11	0
	1238	414	129.500000	13.625000	9.810400e+04	2.986773e+01	1.079199e+05	1.069472e+05	5.755377e+04	5.567285e+04	3.014704e+02	1.722782e+01	2020	4	11	6
	1237	414	129.250000	13.625000	9.892904e+04	2.622849e+01	1.081464e+05	1.074585e+05	5.776980e+04	5.657054e+04	3.014618e+02	1.971856e+01	2020	4	11	12
	1235	414	128.750000	13.625000	9.864095e+04	2.700783e+01	1.079253e+05	1.072424e+05	5.757526e+04	5.636375e+04	3.015028e+02	1.956201e+01	2020	4	11	18
	1234	415	128.500000	13.875000	9.909469e+04	2.640948e+01	1.081263e+05	1.076139e+05	5.779668e+04	5.682570e+04	3.014702e+02	1.777893e+01	2020	4	12	0
	1232	415	128.000000	13.875000	9.907966e+04	2.213961e+01	1.079549e+05	1.074820e+05	5.766913e+04	5.682377e+04	3.015851e+02	1.496377e+01	2020	4	12	6
	1231	416	127.750000	14.125000	9.957106e+04	2.104083e+01	1.081424e+05	1.078110e+05	5.786239e+04	5.731348e+04	3.015012e+02	1.291559e+01	2020	4	12	12
	1228	417	127.000000	14.375000	9.964437e+04	2.252160e+01	1.079688e+05	1.077579e+05	5.762696e+04	5.722956e+04	3.013914e+02	1.643050e+01	2020	4	12	18
	1225	417	126.250000	14.375000	9.996725e+04	2.116793e+01	1.082110e+05	1.077838e+05	5.781617e+04	5.741497e+04	9.999000e+03	1.771806e+01	2020	4	13	0
	1224	419	126.000000	14.875000	9.970025e+04	2.397209e+01	1.079951e+05	1.075890e+05	5.762189e+04	5.715569e+04	9.999000e+03	1.687980e+01	2020	4	13	6
	1221	421	125.250000	15.375000	9.991370e+04	2.063394e+01	1.080548e+05	1.075322e+05	5.775571e+04	5.743278e+04	9.999000e+03	1.102887e+01	2020	4	13	12
	1221	422	125.250000	15.625000	9.986770e+04	1.604461e+01	1.078308e+05	1.072534e+05	5.752797e+04	5.735139e+04	9.999000e+03	2.218363e+01	2020	4	13	18
	1221	425	125.250000	16.375000	1.000678e+05	1.743981e+01	1.079866e+05	1.074456e+05	5.767515e+04	5.728421e+04	3.013337e+02	1.890768e+01	2020	4	14	0
	1222	427	125.500000	16.875000	9.985955e+04	1.657112e+01	1.077993e+05	1.072366e+05	5.749764e+04	5.698365e+04	3.012930e+02	6.141306e+00	2020	4	14	6
	1224	429	126.000000	17.375000	1.000863e+05	1.711686e+01	1.079230e+05	1.072228e+05	5.771822e+04	5.710740e+04	3.011255e+02	7.097330e+00	2020	4	14	12
	1227	435	126.750000	18.875000	9.987677e+04	1.698060e+01	1.076682e+05	1.066857e+05	5.748227e+04	5.688682e+04	3.007988e+02	1.892530e+01	2020	4	14	18
	1230	439	127.500000	19.875000	9.996598e+04	1.957660e+01	1.077978e+05	1.064394e+05	5.763039e+04	5.677804e+04	3.005969e+02	1.655627e+01	2020	4	15	0
	1235	445	128.750000	21.375000	9.982922e+04	1.821131e+01	1.076347e+05	1.057894e+05	5.747782e+04	5.639957e+04	3.003690e+02	1.371581e+01	2020	4	15	6
	1242	451	130.500000	22.875000	1.000941e+05	1.886277e+01	1.077820e+05	1.052884e+05	5.766998e+04	5.617786e+04	2.995164e+02	1.744615e+01	2020	4	15	12
start	34	2020	4	1	18
	21	295	-174.750000	-16.125000	9.983424e+04	1.400098e+01	1.081624e+05	1.079486e+05	5.740154e+04	5.697457e+04	3.028905e+02	1.776763e+01	2020	4	1	18
	21	293	-174.750000	-16.625000	9.987943e+04	1.482209e+01	1.081647e+05	1.080118e+05	5.747540e+04	5.699186e+04	3.028072e+02	2.234701e+01	2020	4	2	0
	16	293	-176.000000	-16.625000	9.980654e+04	1.604584e+01	1.081501e+05	1.079184e+05	5.740108e+04	5.684982e+04	3.029990e+02	2.696589e+01	2020	4	2	6
	16	295	-176.000000	-16.125000	9.985788e+04	1.599788e+01	1.081655e+05	1.078540e+05	5.746839e+04	5.685368e+04	3.030099e+02	2.739181e+01	2020	4	2	12
	14	297	-176.500000	-15.625000	9.973008e+04	1.502689e+01	1.081561e+05	1.077348e+05	5.745916e+04	5.677252e+04	3.030863e+02	2.955777e+01	2020	4	2	18
	14	298	-176.500000	-15.375000	9.976645e+04	1.483471e+01	1.082151e+05	1.077877e+05	5.749350e+04	5.680305e+04	3.030810e+02	3.395620e+01	2020	4	3	0
	15	298	-176.250000	-15.375000	9.961947e+04	1.603291e+01	1.082592e+05	1.077283e+05	5.750786e+04	5.676946e+04	3.030284e+02	3.069107e+01	2020	4	3	6
	14	293	-176.500000	-16.625000	9.968055e+04	1.530700e+01	1.082741e+05	1.079144e+05	5.759899e+04	5.685801e+04	3.026968e+02	2.830445e+01	2020	4	3	12
	10	292	-177.500000	-16.875000	9.955282e+04	1.516162e+01	1.082414e+05	1.077659e+05	5.751572e+04	5.674780e+04	3.028644e+02	2.349182e+01	2020	4	3	18
	9	292	-177.750000	-16.875000	9.951370e+04	1.605466e+01	1.083053e+05	1.078183e+05	5.756417e+04	5.672808e+04	3.028776e+02	2.874150e+01	2020	4	4	0
	9	290	-177.750000	-17.375000	9.930434e+04	1.746050e+01	1.082761e+05	1.077694e+05	5.748334e+04	5.662554e+04	3.027496e+02	3.312939e+01	2020	4	4	6
	4	289	-179.000000	-17.625000	9.936569e+04	1.803078e+01	1.082300e+05	1.077759e+05	5.753099e+04	5.662566e+04	9.999000e+03	2.767425e+01	2020	4	4	12
	5	289	-178.750000	-17.625000	9.910724e+04	1.896483e+01	1.081513e+05	1.075474e+05	5.745770e+04	5.639517e+04	9.999000e+03	2.609154e+01	2020	4	4	18
	4	288	-179.000000	-17.875000	9.901184e+04	1.857646e+01	1.081640e+05	1.075805e+05	5.748889e+04	5.639453e+04	9.999000e+03	2.351447e+01	2020	4	5	0
	3	291	-179.250000	-17.125000	9.879153e+04	1.952682e+01	1.080964e+05	1.075338e+05	5.740391e+04	5.624049e+04	9.999000e+03	2.973673e+01	2020	4	5	6
	3	289	-179.250000	-17.625000	9.881619e+04	1.863596e+01	1.081105e+05	1.075025e+05	5.744523e+04	5.615437e+04	9.999000e+03	3.308849e+01	2020	4	5	12
	3	291	-179.250000	-17.125000	9.860022e+04	1.966213e+01	1.080264e+05	1.073395e+05	5.730333e+04	5.595291e+04	9.999000e+03	2.873992e+01	2020	4	5	18
	3	291	-179.250000	-17.125000	9.846697e+04	2.166624e+01	1.081017e+05	1.073403e+05	5.741585e+04	5.576373e+04	9.999000e+03	2.748749e+01	2020	4	6	0
	3	291	-179.250000	-17.125000	9.810521e+04	2.084594e+01	1.080730e+05	1.071250e+05	5.738913e+04	5.550102e+04	9.999000e+03	3.106276e+01	2020	4	6	6
	3	290	-179.250000	-17.375000	9.804834e+04	2.105552e+01	1.081650e+05	1.072418e+05	5.743082e+04	5.553043e+04	9.999000e+03	3.546743e+01	2020	4	6	12
	4	289	-179.000000	-17.625000	9.799275e+04	2.271248e+01	1.081446e+05	1.072414e+05	5.742358e+04	5.560668e+04	9.999000e+03	3.280785e+01	2020	4	6	18
	4	285	-179.000000	-18.625000	9.796130e+04	2.381945e+01	1.081783e+05	1.072924e+05	5.744770e+04	5.565293e+04	3.021208e+02	2.797773e+01	2020	4	7	0
	4	282	-179.000000	-19.375000	9.778766e+04	2.517834e+01	1.081406e+05	1.071321e+05	5.745856e+04	5.552423e+04	3.021057e+02	2.631735e+01	2020	4	7	6
	5	278	-178.750000	-20.375000	9.784569e+04	2.612073e+01	1.082127e+05	1.072618e+05	5.755698e+04	5.562155e+04	3.019037e+02	2.991734e+01	2020	4	7	12
	7	274	-178.250000	-21.375000	9.782001e+04	2.781650e+01	1.082230e+05	1.072141e+05	5.752818e+04	5.563546e+04	3.016820e+02	2.712468e+01	2020	4	7	18
	9	268	-177.750000	-22.875000	9.778852e+04	2.737606e+01	1.082146e+05	1.072183e+05	5.759488e+04	5.567652e+04	3.013502e+02	2.771144e+01	2020	4	8	0
	14	262	-176.500000	-24.375000	9.756029e+04	2.745259e+01	1.081856e+05	1.071212e+05	5.762544e+04	5.566026e+04	3.005557e+02	2.952903e+01	2020	4	8	6
	21	257	-174.750000	-25.625000	9.779662e+04	2.699114e+01	1.082795e+05	1.071018e+05	5.769314e+04	5.589995e+04	2.999641e+02	2.918423e+01	2020	4	8	12
	30	250	-172.500000	-27.375000	9.762078e+04	2.765972e+01	1.081598e+05	1.067646e+05	5.762137e+04	5.599022e+04	2.992514e+02	3.270651e+01	2020	4	8	18
	40	246	-170.000000	-28.375000	9.755370e+04	2.842302e+01	1.081613e+05	1.067311e+05	5.763666e+04	5.584291e+04	2.990493e+02	3.499483e+01	2020	4	9	0
	50	241	-167.500000	-29.625000	9.769548e+04	2.728833e+01	1.081158e+05	1.064443e+05	5.760345e+04	5.589209e+04	2.981445e+02	3.446965e+01	2020	4	9	6
	60	239	-165.000000	-30.125000	9.815116e+04	2.552086e+01	1.080739e+05	1.063221e+05	5.755452e+04	5.600232e+04	2.975721e+02	2.078306e+01	2020	4	9	12
	71	236	-162.250000	-30.875000	9.869761e+04	2.286424e+01	1.080033e+05	1.057394e+05	5.751796e+04	5.609841e+04	2.970416e+02	1.341865e+01	2020	4	9	18
	79	233	-160.250000	-31.625000	9.893770e+04	1.978262e+01	1.078725e+05	1.053616e+05	5.746622e+04	5.587416e+04	2.966970e+02	9.065518e+00	2020	4	10	0
start	19	2020	5	13	12
	1064	415	86.000000	13.875000	9.984695e+04	1.530848e+01	1.080327e+05	1.076457e+05	5.752414e+04	5.699560e+04	3.036438e+02	1.639096e+01	2020	5	13	12
	1064	414	86.000000	13.625000	1.000243e+05	1.470733e+01	1.081538e+05	1.077882e+05	5.772299e+04	5.716966e+04	3.035289e+02	2.540109e+01	2020	5	13	18
	1070	413	87.500000	13.375000	9.969875e+04	1.746981e+01	1.080087e+05	1.075406e+05	5.752093e+04	5.681148e+04	3.031394e+02	3.408463e+01	2020	5	14	0
	1071	414	87.750000	13.625000	9.964437e+04	1.935052e+01	1.080674e+05	1.075355e+05	5.763938e+04	5.678127e+04	3.030716e+02	3.083504e+01	2020	5	14	6
	1072	414	88.000000	13.625000	9.917359e+04	2.120118e+01	1.080507e+05	1.073463e+05	5.751604e+04	5.651192e+04	3.030075e+02	2.277179e+01	2020	5	14	12
	1073	415	88.250000	13.875000	9.920702e+04	2.170144e+01	1.081617e+05	1.073663e+05	5.769961e+04	5.642348e+04	3.029789e+02	3.157806e+01	2020	5	14	18
	1074	416	88.500000	14.125000	9.872169e+04	2.299862e+01	1.080399e+05	1.072199e+05	5.755606e+04	5.608535e+04	3.029164e+02	3.321442e+01	2020	5	15	0
	1075	417	88.750000	14.375000	9.858327e+04	2.420494e+01	1.082305e+05	1.073828e+05	5.770470e+04	5.615575e+04	3.029029e+02	2.858054e+01	2020	5	15	6
	1077	418	89.250000	14.625000	9.825546e+04	2.527966e+01	1.081249e+05	1.073656e+05	5.753560e+04	5.599720e+04	3.029879e+02	2.210555e+01	2020	5	15	12
	1078	421	89.500000	15.375000	9.820125e+04	2.696951e+01	1.082343e+05	1.074845e+05	5.773262e+04	5.605141e+04	3.030796e+02	2.812981e+01	2020	5	15	18
	1080	423	90.000000	15.875000	9.763524e+04	2.819127e+01	1.080497e+05	1.069166e+05	5.760686e+04	5.548907e+04	3.031025e+02	2.816293e+01	2020	5	16	0
	1082	426	90.500000	16.625000	9.791332e+04	2.719840e+01	1.082260e+05	1.074197e+05	5.766334e+04	5.603223e+04	3.032213e+02	2.807088e+01	2020	5	16	6
	1084	428	91.000000	17.125000	9.797963e+04	2.585069e+01	1.081069e+05	1.075051e+05	5.755209e+04	5.603764e+04	3.033414e+02	1.979455e+01	2020	5	16	12
	1087	431	91.750000	17.875000	9.798810e+04	2.860384e+01	1.081201e+05	1.073742e+05	5.766151e+04	5.591866e+04	3.032874e+02	3.211631e+01	2020	5	16	18
	1089	433	92.250000	18.375000	9.766386e+04	2.917600e+01	1.079488e+05	1.070797e+05	5.751281e+04	5.545169e+04	9.999000e+03	3.119428e+01	2020	5	17	0
	1092	435	93.000000	18.875000	9.779591e+04	2.877318e+01	1.080316e+05	1.071286e+05	5.757898e+04	5.562102e+04	9.999000e+03	3.071457e+01	2020	5	17	6
	1097	436	94.250000	19.125000	9.819155e+04	2.348244e+01	1.080072e+05	1.070700e+05	5.746452e+04	5.571752e+04	9.999000e+03	2.454747e+01	2020	5	17	12
	1103	439	95.750000	19.875000	9.890116e+04	1.377201e+01	1.079638e+05	1.074427e+05	5.753970e+04	5.621848e+04	9.999000e+03	3.144442e+01	2020	5	17	18
	1110	441	97.500000	20.375000	9.963924e+04	9.903501e+00	1.079086e+05	1.073207e+05	5.743242e+04	5.647229e+04	9.999000e+03	2.727939e+01	2020	5	18	0
start	15	2020	6	8	0
	1085	443	91.250000	20.875000	9.939734e+04	1.422860e+01	1.080405e+05	1.076187e+05	5.726940e+04	5.670139e+04	9.999000e+03	3.720936e+01	2020	6	8	0
	1085	443	91.250000	20.875000	9.919723e+04	1.678615e+01	1.082544e+05	1.078274e+05	5.729780e+04	5.661661e+04	9.999000e+03	3.394533e+01	2020	6	8	6
	1085	445	91.250000	21.375000	9.900990e+04	1.486542e+01	1.081508e+05	1.077676e+05	5.719419e+04	5.658686e+04	9.999000e+03	2.497398e+01	2020	6	8	12
	1084	446	91.000000	21.625000	9.903277e+04	1.622319e+01	1.081995e+05	1.078445e+05	5.736034e+04	5.665320e+04	9.999000e+03	3.655450e+01	2020	6	8	18
	1082	446	90.500000	21.625000	9.865359e+04	1.749831e+01	1.081136e+05	1.075500e+05	5.722901e+04	5.629732e+04	9.999000e+03	3.735802e+01	2020	6	9	0
	1083	446	90.750000	21.625000	9.844564e+04	2.037912e+01	1.082887e+05	1.076065e+05	5.738396e+04	5.617962e+04	9.999000e+03	2.901055e+01	2020	6	9	6
	1085	448	91.250000	22.125000	9.851659e+04	2.160640e+01	1.082398e+05	1.076590e+05	5.729982e+04	5.628169e+04	9.999000e+03	2.520773e+01	2020	6	9	12
	1085	451	91.250000	22.875000	9.892412e+04	1.908078e+01	1.082761e+05	1.078858e+05	5.746478e+04	5.651690e+04	9.999000e+03	3.673431e+01	2020	6	9	18
	1084	453	91.000000	23.375000	9.892364e+04	1.598327e+01	1.082840e+05	1.077923e+05	5.737660e+04	5.648073e+04	9.999000e+03	3.898947e+01	2020	6	10	0
	1083	454	90.750000	23.625000	9.910446e+04	1.607866e+01	1.083644e+05	1.080456e+05	5.748179e+04	5.663899e+04	9.999000e+03	2.652907e+01	2020	6	10	6
	1083	457	90.750000	24.375000	9.905008e+04	1.014625e+01	1.083377e+05	1.079783e+05	5.738176e+04	5.658196e+04	9.999000e+03	2.242633e+01	2020	6	10	12
	1083	459	90.750000	24.875000	9.938024e+04	9.198569e+00	1.083702e+05	1.080918e+05	5.751748e+04	5.682498e+04	9.999000e+03	3.170749e+01	2020	6	10	18
	1081	461	90.250000	25.375000	9.944230e+04	1.011852e+01	1.083503e+05	1.078950e+05	5.740830e+04	5.674158e+04	9.999000e+03	3.315076e+01	2020	6	11	0
	1087	464	91.750000	26.125000	9.975498e+04	9.536594e+00	1.084294e+05	1.080880e+05	5.758287e+04	5.699947e+04	9.999000e+03	2.496884e+01	2020	6	11	6
	1071	477	87.750000	29.375000	9.940193e+04	5.319571e+00	1.083590e+05	1.072722e+05	5.741432e+04	5.693034e+04	9.999000e+03	5.065663e+00	2020	6	11	12
start	20	2020	6	16	12
	1276	382	139.000000	5.625000	1.005951e+05	1.391434e+01	1.081584e+05	1.079504e+05	5.777466e+04	5.739418e+04	3.028564e+02	2.195227e+01	2020	6	16	12
	1271	383	137.750000	5.875000	1.004517e+05	1.349245e+01	1.080056e+05	1.078548e+05	5.761054e+04	5.722559e+04	3.029742e+02	1.605120e+01	2020	6	16	18
	1266	384	136.500000	6.125000	1.006297e+05	1.318102e+01	1.081712e+05	1.079662e+05	5.776603e+04	5.734584e+04	3.028919e+02	1.946943e+01	2020	6	17	0
	1263	387	135.750000	6.875000	1.004512e+05	1.188368e+01	1.080140e+05	1.078774e+05	5.766406e+04	5.716344e+04	3.029314e+02	2.130515e+01	2020	6	17	6
	1257	388	134.250000	7.125000	1.005699e+05	1.422040e+01	1.081808e+05	1.080282e+05	5.785754e+04	5.737647e+04	3.028445e+02	1.753708e+01	2020	6	17	12
	1253	389	133.250000	7.375000	1.003701e+05	1.330142e+01	1.080060e+05	1.077625e+05	5.763089e+04	5.717953e+04	3.028165e+02	1.407357e+01	2020	6	17	18
	1248	390	132.000000	7.625000	1.005428e+05	1.311599e+01	1.081511e+05	1.080317e+05	5.780886e+04	5.743045e+04	3.028930e+02	1.603274e+01	2020	6	18	0
	1244	391	131.000000	7.875000	1.002648e+05	1.515402e+01	1.081113e+05	1.078665e+05	5.772317e+04	5.723485e+04	3.032581e+02	2.175529e+01	2020	6	18	6
	1239	393	129.750000	8.375000	1.004300e+05	1.591841e+01	1.082725e+05	1.080631e+05	5.788549e+04	5.737179e+04	3.034149e+02	2.359770e+01	2020	6	18	12
	1234	394	128.500000	8.625000	1.002099e+05	1.557077e+01	1.081215e+05	1.078598e+05	5.769074e+04	5.718071e+04	3.035416e+02	2.561121e+01	2020	6	18	18
	1232	397	128.000000	9.375000	1.003409e+05	1.664934e+01	1.082501e+05	1.079514e+05	5.785364e+04	5.732667e+04	9.999000e+03	2.709101e+01	2020	6	19	0
	1227	399	126.750000	9.875000	1.001088e+05	1.635117e+01	1.081762e+05	1.078618e+05	5.771148e+04	5.710699e+04	9.999000e+03	2.542569e+01	2020	6	19	6
	1224	401	126.000000	10.375000	1.003121e+05	1.879053e+01	1.082706e+05	1.080312e+05	5.788395e+04	5.729555e+04	9.999000e+03	1.517140e+01	2020	6	19	12
	1222	403	125.500000	10.875000	1.004786e+05	1.507146e+01	1.082062e+05	1.078706e+05	5.776511e+04	5.733157e+04	9.999000e+03	1.502320e+01	2020	6	19	18
	1216	405	124.000000	11.375000	1.006413e+05	1.195156e+01	1.082783e+05	1.080077e+05	5.792484e+04	5.749106e+04	9.999000e+03	1.289171e+01	2020	6	20	0
	1213	407	123.250000	11.875000	1.004885e+05	1.131280e+01	1.082724e+05	1.079646e+05	5.778570e+04	5.739069e+04	9.999000e+03	1.565256e+01	2020	6	20	6
	1209	409	122.250000	12.375000	1.005281e+05	1.470610e+01	1.083728e+05	1.081246e+05	5.792662e+04	5.738254e+04	9.999000e+03	1.319983e+01	2020	6	20	12
	1207	410	121.750000	12.625000	1.004795e+05	1.313484e+01	1.083136e+05	1.080384e+05	5.779200e+04	5.746974e+04	9.999000e+03	1.216052e+01	2020	6	20	18
	1201	411	120.250000	12.875000	1.005902e+05	1.202698e+01	1.083360e+05	1.081540e+05	5.789464e+04	5.748832e+04	9.999000e+03	1.688999e+01	2020	6	21	0
	1199	414	119.750000	13.625000	1.004151e+05	1.102744e+01	1.083070e+05	1.079503e+05	5.773488e+04	5.733026e+04	9.999000e+03	1.721304e+01	2020	6	21	6
start	19	2020	6	28	6
	1245	415	131.250000	13.875000	1.002478e+05	9.551070e+00	1.080699e+05	1.076370e+05	5.752689e+04	5.706062e+04	3.032195e+02	2.396464e+01	2020	6	28	6
	1245	418	131.250000	14.625000	1.003746e+05	1.097079e+01	1.082250e+05	1.077996e+05	5.762304e+04	5.721897e+04	3.028230e+02	2.378597e+01	2020	6	28	12
	1244	419	131.000000	14.875000	1.001379e+05	1.121842e+01	1.080938e+05	1.076346e+05	5.747653e+04	5.709766e+04	3.028488e+02	3.075419e+01	2020	6	28	18
	1243	420	130.750000	15.125000	1.001681e+05	1.270786e+01	1.081430e+05	1.077885e+05	5.758627e+04	5.718812e+04	3.029760e+02	2.413321e+01	2020	6	29	0
	1245	423	131.250000	15.875000	9.996706e+04	1.395481e+01	1.080998e+05	1.078483e+05	5.744386e+04	5.706094e+04	3.030190e+02	2.551957e+01	2020	6	29	6
	1246	426	131.500000	16.625000	1.000728e+05	1.488089e+01	1.082126e+05	1.080362e+05	5.761983e+04	5.712973e+04	3.028754e+02	3.170384e+01	2020	6	29	12
	1245	428	131.250000	17.125000	9.982915e+04	1.379359e+01	1.080202e+05	1.077235e+05	5.739104e+04	5.697487e+04	3.029314e+02	3.023446e+01	2020	6	29	18
	1246	431	131.500000	17.875000	9.994023e+04	1.665493e+01	1.082018e+05	1.078080e+05	5.753130e+04	5.706213e+04	3.027645e+02	2.009546e+01	2020	6	30	0
	1244	434	131.000000	18.625000	9.969700e+04	1.716356e+01	1.082667e+05	1.076824e+05	5.742020e+04	5.686666e+04	3.031732e+02	1.889608e+01	2020	6	30	6
	1244	436	131.000000	19.125000	9.983218e+04	1.772538e+01	1.084180e+05	1.078893e+05	5.760528e+04	5.689690e+04	3.031062e+02	2.036250e+01	2020	6	30	12
	1241	440	130.250000	20.125000	9.963944e+04	1.652622e+01	1.083288e+05	1.078207e+05	5.752617e+04	5.677280e+04	3.031505e+02	1.428378e+01	2020	6	30	18
	1240	442	130.000000	20.625000	9.976012e+04	1.697481e+01	1.084748e+05	1.079951e+05	5.765388e+04	5.692923e+04	3.032036e+02	9.394300e+00	2020	7	1	0
	1236	445	129.000000	21.375000	9.963630e+04	1.591573e+01	1.084511e+05	1.079647e+05	5.760829e+04	5.697982e+04	3.035055e+02	1.429883e+01	2020	7	1	6
	1233	447	128.250000	21.875000	9.977009e+04	1.522681e+01	1.085961e+05	1.081090e+05	5.775146e+04	5.716707e+04	3.034630e+02	1.276170e+01	2020	7	1	12
	1229	449	127.250000	22.375000	9.960750e+04	1.604410e+01	1.084753e+05	1.079612e+05	5.762281e+04	5.710320e+04	3.033903e+02	1.188148e+01	2020	7	1	18
	1224	452	126.000000	23.125000	9.975827e+04	1.749294e+01	1.085221e+05	1.080947e+05	5.773391e+04	5.722957e+04	3.033565e+02	1.000820e+01	2020	7	2	0
	1221	454	125.250000	23.625000	9.974498e+04	1.702318e+01	1.085887e+05	1.080746e+05	5.768728e+04	5.727429e+04	3.033578e+02	4.707931e+00	2020	7	2	6
	1218	458	124.500000	24.625000	9.989354e+04	1.515806e+01	1.086730e+05	1.083462e+05	5.783262e+04	5.736206e+04	3.035768e+02	6.657418e+00	2020	7	2	12
	1214	460	123.500000	25.125000	9.989001e+04	1.630536e+01	1.086088e+05	1.082503e+05	5.768061e+04	5.730871e+04	9.999000e+03	8.757405e+00	2020	7	2	18
start	16	2020	7	3	12
	1196	423	119.000000	15.875000	9.995111e+04	1.372097e+01	1.084304e+05	1.079995e+05	5.755863e+04	5.699489e+04	9.999000e+03	1.576552e+01	2020	7	3	12
	1195	426	118.750000	16.625000	9.983733e+04	1.459567e+01	1.082813e+05	1.079030e+05	5.750444e+04	5.699916e+04	9.999000e+03	1.624449e+01	2020	7	3	18
	1193	429	118.250000	17.375000	9.987224e+04	1.563432e+01	1.083009e+05	1.079689e+05	5.758317e+04	5.713608e+04	9.999000e+03	1.612815e+01	2020	7	4	0
	1195	433	118.750000	18.375000	9.971173e+04	1.517175e+01	1.083514e+05	1.079895e+05	5.745799e+04	5.702996e+04	9.999000e+03	1.574492e+01	2020	7	4	6
	1196	436	119.000000	19.125000	9.983243e+04	1.542566e+01	1.083729e+05	1.080764e+05	5.755230e+04	5.711802e+04	9.999000e+03	1.355193e+01	2020	7	4	12
	1196	440	119.000000	20.125000	9.969862e+04	1.553788e+01	1.082719e+05	1.080078e+05	5.742721e+04	5.707307e+04	3.042933e+02	1.475011e+01	2020	7	4	18
	1197	444	119.250000	21.125000	9.979347e+04	1.322679e+01	1.082363e+05	1.080694e+05	5.753624e+04	5.712740e+04	9.999000e+03	2.336410e+01	2020	7	5	0
	1197	445	119.250000	21.375000	9.966996e+04	1.411524e+01	1.082293e+05	1.080153e+05	5.741975e+04	5.700297e+04	9.999000e+03	2.680084e+01	2020	7	5	6
	1198	447	119.500000	21.875000	9.975300e+04	1.306507e+01	1.083625e+05	1.079653e+05	5.750419e+04	5.701038e+04	9.999000e+03	1.599932e+01	2020	7	5	12
	1197	447	119.250000	21.875000	9.961024e+04	1.281342e+01	1.081771e+05	1.076589e+05	5.739150e+04	5.681407e+04	9.999000e+03	2.074996e+01	2020	7	5	18
	1200	448	120.000000	22.125000	9.966615e+04	1.440316e+01	1.082812e+05	1.075562e+05	5.754758e+04	5.687150e+04	9.999000e+03	2.584102e+01	2020	7	6	0
	1205	448	121.250000	22.125000	9.970980e+04	1.490457e+01	1.083080e+05	1.077730e+05	5.749384e+04	5.679584e+04	9.999000e+03	2.204801e+01	2020	7	6	6
	1210	450	122.500000	22.625000	9.979633e+04	1.556360e+01	1.084105e+05	1.078863e+05	5.768743e+04	5.696948e+04	9.999000e+03	2.222767e+01	2020	7	6	12
	1215	453	123.750000	23.375000	9.967584e+04	1.725175e+01	1.083890e+05	1.077213e+05	5.751930e+04	5.688326e+04	3.035016e+02	2.716164e+01	2020	7	6	18
	1218	455	124.500000	23.875000	9.985096e+04	1.646325e+01	1.084449e+05	1.078045e+05	5.764084e+04	5.706900e+04	3.034601e+02	2.772017e+01	2020	7	7	0
	1221	458	125.250000	24.625000	9.973433e+04	1.647110e+01	1.083958e+05	1.079332e+05	5.752232e+04	5.701310e+04	3.033559e+02	1.659243e+01	2020	7	7	6
start	13	2020	7	13	18
	998	454	69.500000	23.625000	9.920897e+04	6.647440e+00	1.085976e+05	1.080646e+05	5.760167e+04	5.681862e+04	9.999000e+03	1.798543e+01	2020	7	13	18
	1000	445	70.000000	21.375000	9.890223e+04	1.046008e+01	1.082703e+05	1.076991e+05	5.713399e+04	5.653327e+04	9.999000e+03	2.593681e+01	2020	7	14	0
	1000	444	70.000000	21.125000	9.899634e+04	1.064780e+01	1.085177e+05	1.079193e+05	5.725432e+04	5.667759e+04	9.999000e+03	3.312450e+01	2020	7	14	6
	997	446	69.250000	21.625000	9.877626e+04	9.969343e+00	1.085258e+05	1.078270e+05	5.722311e+04	5.652648e+04	9.999000e+03	2.098787e+01	2020	7	14	12
	992	446	68.000000	21.625000	9.909941e+04	1.251335e+01	1.086870e+05	1.080937e+05	5.750839e+04	5.677831e+04	9.999000e+03	2.945919e+01	2020	7	14	18
	984	444	66.000000	21.125000	9.849266e+04	1.679438e+01	1.084444e+05	1.077878e+05	5.729912e+04	5.635512e+04	3.028325e+02	3.170022e+01	2020	7	15	0
	984	444	66.000000	21.125000	9.875163e+04	1.732251e+01	1.086782e+05	1.080976e+05	5.750392e+04	5.664036e+04	3.027526e+02	1.883232e+01	2020	7	15	6
	980	447	65.000000	21.875000	9.863663e+04	1.486387e+01	1.086977e+05	1.080036e+05	5.752383e+04	5.669152e+04	3.032337e+02	8.153828e+00	2020	7	15	12
	973	447	63.250000	21.875000	9.903928e+04	1.315322e+01	1.087911e+05	1.082236e+05	5.775725e+04	5.708440e+04	3.032436e+02	6.621638e+00	2020	7	15	18
	969	446	62.250000	21.625000	9.907747e+04	1.310443e+01	1.085340e+05	1.079170e+05	5.759930e+04	5.692202e+04	3.028753e+02	1.021976e+01	2020	7	16	0
	968	446	62.000000	21.625000	9.938031e+04	1.365897e+01	1.088280e+05	1.081985e+05	5.775806e+04	5.709858e+04	3.025422e+02	6.414412e+00	2020	7	16	6
	965	445	61.250000	21.375000	9.913036e+04	1.292127e+01	1.087757e+05	1.079836e+05	5.766579e+04	5.697561e+04	9.999000e+03	3.335957e+00	2020	7	16	12
	963	446	60.750000	21.625000	9.951720e+04	1.004638e+01	1.089081e+05	1.082364e+05	5.791466e+04	5.727468e+04	9.999000e+03	2.152041e+00	2020	7	16	18
start	22	2020	7	15	6
	244	419	-119.000000	14.875000	1.006806e+05	1.239803e+01	1.081095e+05	1.079604e+05	5.778367e+04	5.747094e+04	3.030586e+02	1.458650e+01	2020	7	15	6
	239	420	-120.250000	15.125000	1.003709e+05	1.046095e+01	1.078386e+05	1.077089e+05	5.754871e+04	5.720385e+04	3.029441e+02	1.130397e+01	2020	7	15	12
	238	418	-120.500000	14.625000	1.005923e+05	1.056649e+01	1.080180e+05	1.079212e+05	5.773462e+04	5.738213e+04	3.029976e+02	1.124027e+01	2020	7	15	18
	236	418	-121.000000	14.625000	1.003387e+05	1.091087e+01	1.079089e+05	1.077437e+05	5.759355e+04	5.707495e+04	3.029950e+02	1.385908e+01	2020	7	16	0
	227	421	-123.250000	15.375000	1.005988e+05	1.294767e+01	1.081143e+05	1.079078e+05	5.785755e+04	5.736164e+04	3.023281e+02	1.170209e+01	2020	7	16	6
	224	419	-124.000000	14.875000	1.002669e+05	1.279796e+01	1.079109e+05	1.076567e+05	5.762398e+04	5.714875e+04	3.022578e+02	1.496960e+01	2020	7	16	12
	221	421	-124.750000	15.375000	1.005644e+05	1.262670e+01	1.081724e+05	1.079048e+05	5.792249e+04	5.737699e+04	3.019871e+02	1.161324e+01	2020	7	16	18
	215	422	-126.250000	15.625000	1.003426e+05	1.399545e+01	1.080396e+05	1.077289e+05	5.778142e+04	5.725400e+04	3.013932e+02	9.758660e+00	2020	7	17	0
	209	421	-127.750000	15.375000	1.006338e+05	1.423499e+01	1.082879e+05	1.080104e+05	5.800893e+04	5.750355e+04	3.015525e+02	1.182501e+01	2020	7	17	6
	205	421	-128.750000	15.375000	1.004092e+05	1.409659e+01	1.080413e+05	1.077511e+05	5.782056e+04	5.727407e+04	3.015036e+02	9.038380e+00	2020	7	17	12
	199	422	-130.250000	15.625000	1.006558e+05	1.473878e+01	1.082533e+05	1.080044e+05	5.801476e+04	5.752054e+04	3.010910e+02	5.552928e+00	2020	7	17	18
	196	422	-131.000000	15.625000	1.004615e+05	1.457861e+01	1.081251e+05	1.078531e+05	5.789051e+04	5.732191e+04	3.012285e+02	7.988029e+00	2020	7	18	0
	190	423	-132.500000	15.875000	1.007273e+05	1.567111e+01	1.082740e+05	1.080625e+05	5.804301e+04	5.754249e+04	3.011000e+02	7.956311e+00	2020	7	18	6
	184	423	-134.000000	15.875000	1.004612e+05	1.565554e+01	1.079882e+05	1.077730e+05	5.780620e+04	5.733341e+04	3.012831e+02	8.786803e+00	2020	7	18	12
	180	423	-135.000000	15.875000	1.007323e+05	1.571488e+01	1.081364e+05	1.079725e+05	5.797156e+04	5.755121e+04	3.013516e+02	9.281673e+00	2020	7	18	18
	175	422	-136.250000	15.625000	1.004926e+05	1.634008e+01	1.079901e+05	1.078131e+05	5.780513e+04	5.739558e+04	3.014791e+02	9.333061e+00	2020	7	19	0
	171	420	-137.250000	15.125000	1.006969e+05	1.611601e+01	1.081421e+05	1.079368e+05	5.794073e+04	5.757538e+04	3.014367e+02	1.084675e+01	2020	7	19	6
	169	420	-137.750000	15.125000	1.004760e+05	1.479870e+01	1.079012e+05	1.076978e+05	5.768557e+04	5.734410e+04	3.012395e+02	9.920448e+00	2020	7	19	12
	165	420	-138.750000	15.125000	1.006636e+05	1.617310e+01	1.080628e+05	1.077887e+05	5.781188e+04	5.754250e+04	3.012932e+02	6.723279e+00	2020	7	19	18
	161	419	-139.750000	14.875000	1.004067e+05	1.541462e+01	1.079110e+05	1.076990e+05	5.766962e+04	5.738159e+04	3.014018e+02	5.961650e+00	2020	7	20	0
	157	418	-140.750000	14.625000	1.005949e+05	1.652945e+01	1.080463e+05	1.078150e+05	5.778576e+04	5.756236e+04	3.013882e+02	9.878175e+00	2020	7	20	6
	153	418	-141.750000	14.625000	1.004168e+05	1.800930e+01	1.078845e+05	1.075878e+05	5.760815e+04	5.737393e+04	3.012554e+02	1.024882e+01	2020	7	20	12
start	13	2020	7	16	6
	1197	431	119.250000	17.875000	1.001066e+05	1.397482e+01	1.084203e+05	1.079408e+05	5.776138e+04	5.720308e+04	9.999000e+03	3.582423e+01	2020	7	16	6
	1194	430	118.500000	17.625000	1.000846e+05	1.448540e+01	1.084632e+05	1.079936e+05	5.775544e+04	5.716026e+04	9.999000e+03	3.823408e+01	2020	7	16	12
	1193	431	118.250000	17.875000	9.985387e+04	1.580770e+01	1.083207e+05	1.079061e+05	5.769927e+04	5.700588e+04	3.033738e+02	3.798476e+01	2020	7	16	18
	1191	435	117.750000	18.875000	9.988797e+04	1.740504e+01	1.084676e+05	1.079536e+05	5.776729e+04	5.699317e+04	3.034821e+02	3.749718e+01	2020	7	17	0
	1185	435	116.250000	18.875000	9.966500e+04	1.495890e+01	1.084536e+05	1.079058e+05	5.761698e+04	5.680868e+04	3.035723e+02	3.767730e+01	2020	7	17	6
	1181	438	115.250000	19.625000	9.958075e+04	1.656503e+01	1.085673e+05	1.079687e+05	5.771827e+04	5.676401e+04	3.034809e+02	3.060921e+01	2020	7	17	12
	1180	440	115.000000	20.125000	9.937975e+04	1.666446e+01	1.084527e+05	1.079357e+05	5.766863e+04	5.666614e+04	3.034258e+02	3.559700e+01	2020	7	17	18
	1177	442	114.250000	20.625000	9.931000e+04	1.903980e+01	1.085288e+05	1.078824e+05	5.770917e+04	5.666782e+04	9.999000e+03	3.775167e+01	2020	7	18	0
	1173	444	113.250000	21.125000	9.924600e+04	1.831945e+01	1.085287e+05	1.077702e+05	5.763603e+04	5.661244e+04	9.999000e+03	3.082760e+01	2020	7	18	6
	1172	447	113.000000	21.875000	9.913189e+04	1.972713e+01	1.086369e+05	1.079229e+05	5.772879e+04	5.663834e+04	9.999000e+03	2.534824e+01	2020	7	18	12
	1167	452	111.750000	23.125000	9.943127e+04	1.532689e+01	1.085399e+05	1.079509e+05	5.771825e+04	5.666242e+04	9.999000e+03	2.540780e+01	2020	7	18	18
	1159	456	109.750000	24.125000	9.961184e+04	5.764959e+00	1.085054e+05	1.079799e+05	5.770808e+04	5.684614e+04	9.999000e+03	2.085679e+01	2020	7	19	0
	1157	455	109.250000	23.875000	9.954716e+04	5.924417e+00	1.085093e+05	1.080014e+05	5.761421e+04	5.686244e+04	9.999000e+03	2.549292e+01	2020	7	19	6
start	19	2020	7	18	12
	273	412	-111.750000	13.125000	1.006404e+05	1.134528e+01	1.079114e+05	1.077263e+05	5.759146e+04	5.727700e+04	3.031299e+02	3.114586e+01	2020	7	18	12
	272	412	-112.000000	13.125000	1.008238e+05	1.298275e+01	1.081257e+05	1.079296e+05	5.776227e+04	5.741733e+04	3.030909e+02	2.645235e+01	2020	7	18	18
	272	412	-112.000000	13.125000	1.004649e+05	1.424990e+01	1.080006e+05	1.077135e+05	5.756726e+04	5.714061e+04	3.031234e+02	1.858628e+01	2020	7	19	0
	271	414	-112.250000	13.625000	1.007133e+05	1.285582e+01	1.081757e+05	1.080319e+05	5.779899e+04	5.745237e+04	3.030327e+02	2.412755e+01	2020	7	19	6
	272	414	-112.000000	13.625000	1.003612e+05	1.454408e+01	1.079581e+05	1.077951e+05	5.759207e+04	5.713457e+04	3.029972e+02	3.463447e+01	2020	7	19	12
	272	416	-112.000000	14.125000	1.005798e+05	1.629657e+01	1.082505e+05	1.079733e+05	5.783127e+04	5.734438e+04	3.030685e+02	3.466643e+01	2020	7	19	18
	269	421	-112.750000	15.375000	1.002881e+05	1.591528e+01	1.082411e+05	1.078271e+05	5.771573e+04	5.715295e+04	3.029637e+02	2.561302e+01	2020	7	20	0
	267	424	-113.250000	16.125000	1.005964e+05	1.709252e+01	1.084172e+05	1.080843e+05	5.798282e+04	5.739714e+04	3.028227e+02	2.781728e+01	2020	7	20	6
	266	427	-113.500000	16.875000	1.003479e+05	1.606284e+01	1.082213e+05	1.077439e+05	5.777543e+04	5.711357e+04	3.020627e+02	2.556275e+01	2020	7	20	12
	262	432	-114.500000	18.125000	1.005441e+05	1.584359e+01	1.084362e+05	1.079644e+05	5.809542e+04	5.726787e+04	3.020459e+02	1.846616e+01	2020	7	20	18
	256	433	-116.000000	18.375000	1.002654e+05	1.722976e+01	1.083475e+05	1.078243e+05	5.791470e+04	5.705612e+04	3.019769e+02	1.174938e+01	2020	7	21	0
	254	436	-116.500000	19.125000	1.004998e+05	1.719434e+01	1.084870e+05	1.080203e+05	5.815511e+04	5.724362e+04	3.016118e+02	1.252547e+01	2020	7	21	6
	249	438	-117.750000	19.625000	1.002498e+05	1.473522e+01	1.082406e+05	1.077499e+05	5.795097e+04	5.703270e+04	3.014189e+02	8.806344e+00	2020	7	21	12
	243	441	-119.250000	20.375000	1.004751e+05	1.489559e+01	1.084407e+05	1.080278e+05	5.812554e+04	5.723149e+04	3.007511e+02	2.772519e+00	2020	7	21	18
	239	441	-120.250000	20.375000	1.003050e+05	1.328178e+01	1.083750e+05	1.079726e+05	5.800701e+04	5.709142e+04	3.003602e+02	2.801236e+00	2020	7	22	0
	234	444	-121.500000	21.125000	1.005500e+05	1.328232e+01	1.085422e+05	1.081762e+05	5.817892e+04	5.738577e+04	2.996735e+02	3.255148e+00	2020	7	22	6
	230	444	-122.500000	21.125000	1.003943e+05	1.392838e+01	1.082113e+05	1.079058e+05	5.795146e+04	5.723428e+04	2.993180e+02	3.270180e+00	2020	7	22	12
	225	445	-123.750000	21.375000	1.006002e+05	1.408037e+01	1.083739e+05	1.080743e+05	5.811162e+04	5.749579e+04	2.992963e+02	1.600899e+00	2020	7	22	18
	221	445	-124.750000	21.375000	1.004965e+05	1.335738e+01	1.082688e+05	1.080280e+05	5.797374e+04	5.749166e+04	2.994456e+02	1.865249e+00	2020	7	23	0
start	22	2020	7	22	12
	295	411	-106.250000	12.875000	1.006357e+05	1.104852e+01	1.080157e+05	1.077656e+05	5.768171e+04	5.727666e+04	3.028940e+02	3.021926e+01	2020	7	22	12
	292	411	-107.000000	12.875000	1.007653e+05	1.111598e+01	1.081732e+05	1.079629e+05	5.784337e+04	5.740505e+04	3.029986e+02	2.587929e+01	2020	7	22	18
	289	412	-107.750000	13.125000	1.004693e+05	1.234821e+01	1.079981e+05	1.078066e+05	5.766344e+04	5.715142e+04	3.033313e+02	1.975471e+01	2020	7	23	0
	286	414	-108.500000	13.625000	1.006622e+05	1.253703e+01	1.081506e+05	1.079798e+05	5.784741e+04	5.733732e+04	3.026382e+02	2.957004e+01	2020	7	23	6
	283	416	-109.250000	14.125000	1.003549e+05	1.202488e+01	1.079382e+05	1.077212e+05	5.766419e+04	5.716945e+04	3.025971e+02	2.662593e+01	2020	7	23	12
	279	418	-110.250000	14.625000	1.005063e+05	1.351730e+01	1.081813e+05	1.079713e+05	5.784898e+04	5.737269e+04	3.025955e+02	2.669625e+01	2020	7	23	18
	276	419	-111.000000	14.875000	1.001898e+05	1.428493e+01	1.080408e+05	1.078263e+05	5.769614e+04	5.710746e+04	3.025871e+02	2.080739e+01	2020	7	24	0
	272	421	-112.000000	15.375000	1.003741e+05	1.310909e+01	1.082094e+05	1.079949e+05	5.785700e+04	5.734908e+04	3.025554e+02	2.904662e+01	2020	7	24	6
	269	422	-112.750000	15.625000	1.000198e+05	1.384247e+01	1.079768e+05	1.077758e+05	5.762618e+04	5.706504e+04	3.024942e+02	3.033620e+01	2020	7	24	12
	266	423	-113.500000	15.875000	1.001878e+05	1.761304e+01	1.081974e+05	1.079892e+05	5.781471e+04	5.723113e+04	3.024868e+02	2.833405e+01	2020	7	24	18
	262	425	-114.500000	16.375000	9.981539e+04	1.863535e+01	1.080533e+05	1.077776e+05	5.767853e+04	5.691600e+04	3.022259e+02	2.214387e+01	2020	7	25	0
	262	426	-114.500000	16.625000	1.000078e+05	1.696192e+01	1.082334e+05	1.078513e+05	5.787699e+04	5.703810e+04	3.020735e+02	2.123058e+01	2020	7	25	6
	257	431	-115.750000	17.875000	9.967288e+04	1.904200e+01	1.080385e+05	1.076173e+05	5.771375e+04	5.663252e+04	3.017755e+02	2.214010e+01	2020	7	25	12
	253	433	-116.750000	18.375000	9.971752e+04	1.953512e+01	1.082722e+05	1.077326e+05	5.789684e+04	5.672684e+04	3.018881e+02	1.796193e+01	2020	7	25	18
	252	434	-117.000000	18.625000	9.930684e+04	2.060963e+01	1.081718e+05	1.075538e+05	5.778524e+04	5.667288e+04	3.018857e+02	1.058579e+01	2020	7	26	0
	250	436	-117.500000	19.125000	9.972180e+04	1.831713e+01	1.083919e+05	1.078610e+05	5.794585e+04	5.722261e+04	3.013044e+02	8.372792e+00	2020	7	26	6
	247	436	-118.250000	19.125000	9.960655e+04	1.786214e+01	1.081186e+05	1.077062e+05	5.765884e+04	5.702530e+04	3.014903e+02	4.639866e+00	2020	7	26	12
	247	437	-118.250000	19.375000	9.993905e+04	1.638197e+01	1.082713e+05	1.079393e+05	5.788689e+04	5.725835e+04	3.006242e+02	9.102958e-01	2020	7	26	18
	246	440	-118.500000	20.125000	9.982856e+04	1.380974e+01	1.081749e+05	1.078666e+05	5.777395e+04	5.720038e+04	3.004875e+02	8.413644e-01	2020	7	27	0
	245	442	-118.750000	20.625000	1.001491e+05	1.200677e+01	1.083192e+05	1.080110e+05	5.789739e+04	5.738619e+04	3.001247e+02	1.233954e+00	2020	7	27	6
	242	444	-119.500000	21.125000	1.000761e+05	1.073954e+01	1.079958e+05	1.077049e+05	5.769196e+04	5.717331e+04	2.997642e+02	1.501700e+00	2020	7	27	12
	238	444	-120.500000	21.125000	1.003323e+05	1.042266e+01	1.081373e+05	1.079009e+05	5.783425e+04	5.736786e+04	2.996053e+02	1.072734e+00	2020	7	27	18
start	45	2020	7	24	6
	1273	427	138.250000	16.875000	1.005717e+05	8.356820e+00	1.080511e+05	1.076654e+05	5.769721e+04	5.720514e+04	3.036143e+02	2.357648e+01	2020	7	24	6
	1269	426	137.250000	16.625000	1.007219e+05	9.596255e+00	1.081871e+05	1.078576e+05	5.786436e+04	5.739311e+04	3.029791e+02	2.365723e+01	2020	7	24	12
	1269	424	137.250000	16.125000	1.004436e+05	1.058011e+01	1.078813e+05	1.076672e+05	5.763252e+04	5.722223e+04	3.027434e+02	2.392434e+01	2020	7	24	18
	1269	425	137.250000	16.375000	1.005406e+05	1.072227e+01	1.080594e+05	1.078408e+05	5.776532e+04	5.734856e+04	3.027759e+02	2.182235e+01	2020	7	25	0
	1267	425	136.750000	16.375000	1.003281e+05	1.059765e+01	1.080745e+05	1.077794e+05	5.766923e+04	5.721579e+04	3.037548e+02	2.457976e+01	2020	7	25	6
	1265	425	136.250000	16.375000	1.004552e+05	1.100396e+01	1.082440e+05	1.079467e+05	5.778356e+04	5.724937e+04	3.029665e+02	2.432839e+01	2020	7	25	12
	1264	427	136.000000	16.875000	1.002072e+05	1.308500e+01	1.081131e+05	1.077672e+05	5.768107e+04	5.708961e+04	3.027418e+02	2.553448e+01	2020	7	25	18
	1262	428	135.500000	17.125000	1.003640e+05	1.322626e+01	1.082392e+05	1.079149e+05	5.781392e+04	5.725891e+04	3.027256e+02	2.701392e+01	2020	7	26	0
	1260	428	135.000000	17.125000	1.001234e+05	1.302258e+01	1.082066e+05	1.078234e+05	5.771500e+04	5.709529e+04	3.034559e+02	2.913394e+01	2020	7	26	6
	1256	430	134.000000	17.625000	1.002108e+05	1.442854e+01	1.083111e+05	1.079756e+05	5.787432e+04	5.716907e+04	3.029445e+02	2.831265e+01	2020	7	26	12
	1253	431	133.250000	17.875000	9.992635e+04	1.533692e+01	1.081353e+05	1.077576e+05	5.770355e+04	5.693970e+04	3.027036e+02	2.611470e+01	2020	7	26	18
	1250	434	132.500000	18.625000	1.000042e+05	1.536090e+01	1.082197e+05	1.078853e+05	5.782112e+04	5.704513e+04	3.027511e+02	2.980176e+01	2020	7	27	0
	1243	434	130.750000	18.625000	9.972708e+04	1.467937e+01	1.081203e+05	1.077367e+05	5.770114e+04	5.687391e+04	3.030511e+02	3.643998e+01	2020	7	27	6
	1240	430	130.000000	17.625000	9.966120e+04	1.516953e+01	1.081865e+05	1.077949e+05	5.763828e+04	5.686859e+04	3.028095e+02	4.038880e+01	2020	7	27	12
	1241	434	130.250000	18.625000	9.939526e+04	1.616666e+01	1.079991e+05	1.076259e+05	5.753634e+04	5.664618e+04	3.028232e+02	4.520152e+01	2020	7	27	18
	1237	435	129.250000	18.875000	9.937360e+04	1.834191e+01	1.080948e+05	1.076830e+05	5.752155e+04	5.665505e+04	3.029087e+02	4.695191e+01	2020	7	28	0
	1237	436	129.250000	19.125000	9.907870e+04	1.914832e+01	1.079611e+05	1.075358e+05	5.734587e+04	5.642627e+04	3.030440e+02	4.871885e+01	2020	7	28	6
	1237	440	129.250000	20.125000	9.908240e+04	1.990773e+01	1.081439e+05	1.076750e+05	5.754901e+04	5.645352e+04	3.031050e+02	4.926257e+01	2020	7	28	12
	1234	443	128.500000	20.875000	9.878711e+04	2.015218e+01	1.079339e+05	1.074966e+05	5.738414e+04	5.618921e+04	3.032274e+02	5.245335e+01	2020	7	28	18
	1235	447	128.750000	21.875000	9.873806e+04	2.119739e+01	1.080712e+05	1.075268e+05	5.752455e+04	5.620365e+04	3.031853e+02	5.096796e+01	2020	7	29	0
	1229	450	127.250000	22.625000	9.839745e+04	2.144714e+01	1.080409e+05	1.073468e+05	5.723549e+04	5.595284e+04	3.035410e+02	4.784570e+01	2020	7	29	6
	1229	453	127.250000	23.375000	9.834853e+04	2.082028e+01	1.081797e+05	1.073389e+05	5.731922e+04	5.587573e+04	3.032394e+02	3.829911e+01	2020	7	29	12
	1226	455	126.500000	23.875000	9.809637e+04	1.921082e+01	1.080268e+05	1.071570e+05	5.715596e+04	5.565602e+04	3.031672e+02	3.833082e+01	2020	7	29	18
	1226	458	126.500000	24.625000	9.818855e+04	1.888607e+01	1.082088e+05	1.073319e+05	5.727951e+04	5.582892e+04	3.030165e+02	3.822058e+01	2020	7	30	0
	1226	460	126.500000	25.125000	9.806416e+04	2.119459e+01	1.082611e+05	1.073904e+05	5.723577e+04	5.576866e+04	3.028930e+02	3.782413e+01	2020	7	30	6
	1228	463	127.000000	25.875000	9.817850e+04	2.267139e+01	1.084001e+05	1.074825e+05	5.742042e+04	5.592351e+04	9.999000e+03	3.350404e+01	2020	7	30	12
	1227	467	126.750000	26.875000	9.805393e+04	2.275327e+01	1.082925e+05	1.073799e+05	5.732811e+04	5.583212e+04	9.999000e+03	3.549819e+01	2020	7	30	18
	1225	471	126.250000	27.875000	9.809403e+04	2.239773e+01	1.083200e+05	1.074904e+05	5.740542e+04	5.592484e+04	9.999000e+03	3.289083e+01	2020	7	31	0
	1223	472	125.750000	28.125000	9.787552e+04	2.079771e+01	1.082544e+05	1.073658e+05	5.726657e+04	5.572655e+04	3.028087e+02	3.368034e+01	2020	7	31	6
	1221	473	125.250000	28.375000	9.788891e+04	2.166129e+01	1.083170e+05	1.074817e+05	5.732593e+04	5.576416e+04	3.027776e+02	3.495136e+01	2020	7	31	12
	1221	474	125.250000	28.625000	9.767099e+04	2.411134e+01	1.081522e+05	1.073511e+05	5.718986e+04	5.558894e+04	3.026698e+02	4.413358e+01	2020	7	31	18
	1220	475	125.000000	28.875000	9.765730e+04	2.376301e+01	1.082442e+05	1.073749e+05	5.716379e+04	5.559540e+04	3.025428e+02	4.033830e+01	2020	8	1	0
	1220	476	125.000000	29.125000	9.745502e+04	2.271428e+01	1.081750e+05	1.073094e+05	5.706274e+04	5.547018e+04	3.023684e+02	3.152798e+01	2020	8	1	6
	1222	479	125.500000	29.875000	9.752270e+04	2.108789e+01	1.083028e+05	1.073991e+05	5.721402e+04	5.558964e+04	3.022942e+02	2.938038e+01	2020	8	1	12
	1222	480	125.500000	30.125000	9.752270e+04	2.211116e+01	1.081652e+05	1.073582e+05	5.708240e+04	5.557828e+04	3.021913e+02	3.149548e+01	2020	8	1	18
	1223	484	125.750000	31.125000	9.762673e+04	2.415865e+01	1.082734e+05	1.074300e+05	5.720027e+04	5.566600e+04	3.019946e+02	2.898917e+01	2020	8	2	0
	1224	488	126.000000	32.125000	9.760931e+04	2.388882e+01	1.083486e+05	1.074981e+05	5.723761e+04	5.569413e+04	9.999000e+03	2.834847e+01	2020	8	2	6
	1224	493	126.000000	33.375000	9.774517e+04	2.417995e+01	1.085002e+05	1.076642e+05	5.731807e+04	5.584294e+04	9.999000e+03	3.275265e+01	2020	8	2	12
	1224	496	126.000000	34.125000	9.777239e+04	2.225707e+01	1.083907e+05	1.074972e+05	5.721432e+04	5.580650e+04	9.999000e+03	3.609622e+01	2020	8	2	18
	1224	501	126.000000	35.375000	9.792926e+04	2.091983e+01	1.084339e+05	1.074431e+05	5.730845e+04	5.591869e+04	9.999000e+03	3.476786e+01	2020	8	3	0
	1226	507	126.500000	36.875000	9.809614e+04	1.700209e+01	1.085090e+05	1.074848e+05	5.730026e+04	5.602072e+04	9.999000e+03	3.352539e+01	2020	8	3	6
	1228	508	127.000000	37.125000	9.842115e+04	1.617198e+01	1.086811e+05	1.076082e+05	5.754684e+04	5.623691e+04	9.999000e+03	2.027940e+01	2020	8	3	12
	1234	516	128.500000	39.125000	9.871346e+04	1.696679e+01	1.086336e+05	1.072716e+05	5.746112e+04	5.623320e+04	9.999000e+03	1.949798e+01	2020	8	3	18
	1238	521	129.500000	40.375000	9.919558e+04	1.566854e+01	1.086689e+05	1.069455e+05	5.758730e+04	5.634520e+04	9.999000e+03	1.578881e+01	2020	8	4	0
	1246	527	131.500000	41.875000	9.931429e+04	1.275553e+01	1.087332e+05	1.064169e+05	5.765556e+04	5.629675e+04	9.999000e+03	1.508439e+01	2020	8	4	6
start	37	2020	7	31	6
	288	431	-108.000000	17.875000	1.004544e+05	1.382133e+01	1.084500e+05	1.080596e+05	5.790132e+04	5.740447e+04	3.030970e+02	3.343516e+01	2020	7	31	6
	285	432	-108.750000	18.125000	1.001910e+05	1.508004e+01	1.082317e+05	1.077825e+05	5.771526e+04	5.716167e+04	3.026141e+02	2.508383e+01	2020	7	31	12
	279	435	-110.250000	18.875000	1.003506e+05	1.510629e+01	1.084307e+05	1.079935e+05	5.792405e+04	5.734359e+04	3.022731e+02	1.516616e+01	2020	7	31	18
	277	435	-110.750000	18.875000	1.000809e+05	1.512772e+01	1.083376e+05	1.078730e+05	5.778141e+04	5.717209e+04	3.022473e+02	1.661897e+01	2020	8	1	0
	276	434	-111.000000	18.625000	1.002415e+05	1.772865e+01	1.083851e+05	1.080068e+05	5.787762e+04	5.734630e+04	3.019024e+02	1.875081e+01	2020	8	1	6
	273	438	-111.750000	19.625000	9.995841e+04	1.877252e+01	1.082038e+05	1.078220e+05	5.776604e+04	5.710785e+04	3.014841e+02	1.742065e+01	2020	8	1	12
	269	439	-112.750000	19.875000	1.000585e+05	1.928547e+01	1.083879e+05	1.079686e+05	5.795014e+04	5.724835e+04	3.014784e+02	1.167284e+01	2020	8	1	18
	266	440	-113.500000	20.125000	9.983034e+04	1.728229e+01	1.083287e+05	1.078424e+05	5.780342e+04	5.708891e+04	3.017226e+02	9.567603e+00	2020	8	2	0
	263	442	-114.250000	20.625000	1.001061e+05	1.743376e+01	1.084237e+05	1.079972e+05	5.796539e+04	5.725072e+04	3.013803e+02	1.038444e+01	2020	8	2	6
	259	443	-115.250000	20.875000	9.992192e+04	1.674905e+01	1.081491e+05	1.077100e+05	5.779698e+04	5.696940e+04	3.011295e+02	9.399552e+00	2020	8	2	12
	255	443	-116.250000	20.875000	1.001173e+05	1.559018e+01	1.083180e+05	1.078034e+05	5.794232e+04	5.708969e+04	3.010317e+02	8.696547e+00	2020	8	2	18
	251	444	-117.250000	21.125000	9.987022e+04	1.636152e+01	1.082372e+05	1.076472e+05	5.781336e+04	5.684486e+04	3.007954e+02	8.741495e+00	2020	8	3	0
	249	444	-117.750000	21.125000	1.000808e+05	1.676139e+01	1.083275e+05	1.077848e+05	5.795591e+04	5.696611e+04	3.005376e+02	8.681182e+00	2020	8	3	6
	246	446	-118.500000	21.625000	9.974189e+04	1.543092e+01	1.080597e+05	1.075340e+05	5.772750e+04	5.669388e+04	2.999772e+02	6.675113e+00	2020	8	3	12
	242	446	-119.500000	21.625000	9.988296e+04	1.525105e+01	1.082106e+05	1.077525e+05	5.787069e+04	5.683784e+04	2.998078e+02	4.728663e+00	2020	8	3	18
	238	447	-120.500000	21.875000	9.972194e+04	1.490750e+01	1.081128e+05	1.076472e+05	5.775262e+04	5.673940e+04	2.998193e+02	5.828318e+00	2020	8	4	0
	235	447	-121.250000	21.875000	9.997480e+04	1.527143e+01	1.082647e+05	1.079424e+05	5.788963e+04	5.696833e+04	2.996750e+02	6.446662e+00	2020	8	4	6
	232	447	-122.000000	21.875000	9.976684e+04	1.695394e+01	1.079769e+05	1.077066e+05	5.768428e+04	5.683757e+04	2.993394e+02	6.211284e+00	2020	8	4	12
	228	448	-123.000000	22.125000	1.000778e+05	1.572397e+01	1.081686e+05	1.079380e+05	5.785646e+04	5.709917e+04	2.990466e+02	2.702504e+00	2020	8	4	18
	226	448	-123.500000	22.125000	1.000101e+05	1.504225e+01	1.080747e+05	1.078321e+05	5.774810e+04	5.701030e+04	2.990681e+02	2.566310e+00	2020	8	5	0
	224	448	-124.000000	22.125000	1.002769e+05	1.393815e+01	1.082419e+05	1.080247e+05	5.788761e+04	5.721828e+04	2.991120e+02	3.177630e+00	2020	8	5	6
	221	449	-124.750000	22.375000	1.001645e+05	1.449217e+01	1.079444e+05	1.077682e+05	5.768835e+04	5.708434e+04	2.987560e+02	3.933452e+00	2020	8	5	12
	219	448	-125.250000	22.125000	1.003842e+05	1.404435e+01	1.080835e+05	1.079050e+05	5.781772e+04	5.728820e+04	2.990735e+02	1.379903e+00	2020	8	5	18
	217	449	-125.750000	22.375000	1.002671e+05	1.373356e+01	1.079420e+05	1.077509e+05	5.770756e+04	5.716115e+04	2.989810e+02	1.755166e+00	2020	8	6	0
	215	449	-126.250000	22.375000	1.005151e+05	1.341890e+01	1.080832e+05	1.078797e+05	5.784607e+04	5.737545e+04	2.985250e+02	2.832621e+00	2020	8	6	6
	211	449	-127.250000	22.375000	1.003721e+05	1.320846e+01	1.077820e+05	1.075974e+05	5.762813e+04	5.718594e+04	2.982096e+02	3.926320e+00	2020	8	6	12
	209	450	-127.750000	22.625000	1.006000e+05	1.360674e+01	1.079329e+05	1.077062e+05	5.780858e+04	5.737435e+04	2.979963e+02	2.659049e+00	2020	8	6	18
	205	450	-128.750000	22.625000	1.004843e+05	1.360006e+01	1.078598e+05	1.075347e+05	5.771935e+04	5.727745e+04	2.982520e+02	2.103714e+00	2020	8	7	0
	201	451	-129.750000	22.875000	1.007666e+05	1.274039e+01	1.079994e+05	1.076414e+05	5.788354e+04	5.745830e+04	2.977699e+02	3.230237e+00	2020	8	7	6
	197	453	-130.750000	23.375000	1.006256e+05	1.317052e+01	1.077688e+05	1.073850e+05	5.773761e+04	5.726017e+04	2.970807e+02	2.924948e+00	2020	8	7	12
	192	453	-132.000000	23.375000	1.009135e+05	1.305308e+01	1.079380e+05	1.075309e+05	5.790111e+04	5.747889e+04	2.968493e+02	1.815673e+00	2020	8	7	18
	187	453	-133.250000	23.375000	1.008128e+05	1.372945e+01	1.078582e+05	1.073852e+05	5.784142e+04	5.739177e+04	2.974079e+02	2.362843e+00	2020	8	8	0
	182	454	-134.500000	23.625000	1.010970e+05	1.247810e+01	1.079955e+05	1.075201e+05	5.797067e+04	5.756555e+04	2.966592e+02	3.128130e+00	2020	8	8	6
	176	456	-136.000000	24.125000	1.009956e+05	1.353735e+01	1.078031e+05	1.072681e+05	5.785018e+04	5.740151e+04	2.965974e+02	3.006216e+00	2020	8	8	12
	170	457	-137.500000	24.375000	1.012890e+05	1.269285e+01	1.079073e+05	1.074609e+05	5.801631e+04	5.760049e+04	2.965042e+02	1.570784e+00	2020	8	8	18
	166	458	-138.500000	24.625000	1.011979e+05	1.226058e+01	1.078784e+05	1.073316e+05	5.797677e+04	5.752509e+04	2.970046e+02	2.152832e+00	2020	8	9	0
	161	459	-139.750000	24.875000	1.014128e+05	1.293218e+01	1.079212e+05	1.074761e+05	5.809776e+04	5.764811e+04	2.967845e+02	2.189332e+00	2020	8	9	6
start	41	2020	8	1	12
	449	436	-67.750000	19.125000	1.009931e+05	1.492995e+01	1.082045e+05	1.077566e+05	5.812851e+04	5.755462e+04	9.999000e+03	1.839806e+01	2020	8	1	12
	445	441	-68.750000	20.375000	1.009539e+05	1.774007e+01	1.082149e+05	1.078386e+05	5.819192e+04	5.747216e+04	9.999000e+03	2.129167e+01	2020	8	1	18
	439	442	-70.250000	20.625000	1.008304e+05	1.723209e+01	1.082365e+05	1.078197e+05	5.810954e+04	5.736261e+04	9.999000e+03	1.556335e+01	2020	8	2	0
	437	444	-70.750000	21.125000	1.007282e+05	1.842417e+01	1.081191e+05	1.078297e+05	5.808351e+04	5.736652e+04	9.999000e+03	1.691436e+01	2020	8	2	6
	431	445	-72.250000	21.375000	1.006969e+05	1.754393e+01	1.081281e+05	1.078155e+05	5.803184e+04	5.742501e+04	9.999000e+03	1.456478e+01	2020	8	2	12
	428	447	-73.000000	21.875000	1.006485e+05	1.672157e+01	1.080957e+05	1.078326e+05	5.801874e+04	5.742031e+04	9.999000e+03	1.916708e+01	2020	8	2	18
	425	449	-73.750000	22.375000	1.004804e+05	1.783595e+01	1.080187e+05	1.078282e+05	5.793061e+04	5.732396e+04	9.999000e+03	1.494573e+01	2020	8	3	0
	422	452	-74.500000	23.125000	1.003835e+05	1.877769e+01	1.080247e+05	1.077928e+05	5.791427e+04	5.731314e+04	3.035645e+02	1.367958e+01	2020	8	3	6
	421	453	-74.750000	23.375000	1.002866e+05	1.977160e+01	1.079974e+05	1.077331e+05	5.789324e+04	5.727349e+04	3.031205e+02	1.718303e+01	2020	8	3	12
	420	456	-75.000000	24.125000	1.002182e+05	2.017670e+01	1.080618e+05	1.078058e+05	5.790129e+04	5.722830e+04	3.038190e+02	1.628486e+01	2020	8	3	18
	418	459	-75.500000	24.875000	9.999802e+04	2.031021e+01	1.079874e+05	1.077837e+05	5.790338e+04	5.728104e+04	3.036057e+02	1.149105e+01	2020	8	4	0
	416	462	-76.000000	25.625000	1.000939e+05	2.017382e+01	1.080346e+05	1.077092e+05	5.789088e+04	5.736264e+04	9.999000e+03	1.466253e+01	2020	8	4	6
	416	466	-76.000000	26.625000	1.000363e+05	2.054037e+01	1.080286e+05	1.075933e+05	5.794187e+04	5.731806e+04	9.999000e+03	2.060590e+01	2020	8	4	12
	417	470	-75.750000	27.625000	9.992352e+04	2.252894e+01	1.080444e+05	1.075461e+05	5.795875e+04	5.726156e+04	9.999000e+03	1.996665e+01	2020	8	4	18
	418	473	-75.500000	28.375000	9.951267e+04	2.403203e+01	1.080531e+05	1.073905e+05	5.792561e+04	5.705411e+04	3.031715e+02	1.577355e+01	2020	8	5	0
	419	478	-75.250000	29.625000	9.957462e+04	2.311979e+01	1.080749e+05	1.070884e+05	5.784484e+04	5.712760e+04	3.028372e+02	2.329464e+01	2020	8	5	6
	422	481	-74.500000	30.375000	9.944201e+04	2.449427e+01	1.079605e+05	1.069640e+05	5.783902e+04	5.700180e+04	3.024092e+02	3.134970e+01	2020	8	5	12
	423	484	-74.250000	31.125000	9.897847e+04	2.587237e+01	1.080285e+05	1.071961e+05	5.779291e+04	5.660653e+04	3.021446e+02	2.479978e+01	2020	8	5	18
	424	487	-74.000000	31.875000	9.867424e+04	2.611745e+01	1.078661e+05	1.072447e+05	5.778901e+04	5.638137e+04	3.020792e+02	1.929263e+01	2020	8	6	0
	423	489	-74.250000	32.375000	9.914320e+04	2.197166e+01	1.078925e+05	1.072045e+05	5.779710e+04	5.653915e+04	3.021261e+02	1.742879e+01	2020	8	6	6
	423	490	-74.250000	32.625000	9.919938e+04	2.204627e+01	1.078522e+05	1.071740e+05	5.785062e+04	5.644328e+04	3.020185e+02	1.921342e+01	2020	8	6	12
	423	490	-74.250000	32.625000	9.905032e+04	2.402308e+01	1.079499e+05	1.072062e+05	5.789551e+04	5.642132e+04	3.020140e+02	1.841369e+01	2020	8	6	18
	421	490	-74.750000	32.625000	9.902016e+04	2.336949e+01	1.080923e+05	1.073594e+05	5.794407e+04	5.638717e+04	3.022340e+02	1.432365e+01	2020	8	7	0
	421	491	-74.750000	32.875000	9.915298e+04	2.334736e+01	1.079652e+05	1.073124e+05	5.806232e+04	5.640157e+04	3.021761e+02	1.876447e+01	2020	8	7	6
	419	491	-75.250000	32.875000	9.900591e+04	2.457719e+01	1.081676e+05	1.073064e+05	5.814600e+04	5.629455e+04	3.026509e+02	1.483644e+01	2020	8	7	12
	414	490	-76.500000	32.625000	9.892026e+04	2.567694e+01	1.083814e+05	1.071648e+05	5.830156e+04	5.616490e+04	9.999000e+03	1.272034e+01	2020	8	7	18
	409	489	-77.750000	32.375000	9.895367e+04	2.506226e+01	1.084869e+05	1.074913e+05	5.833727e+04	5.610674e+04	9.999000e+03	1.210112e+01	2020	8	8	0
	403	489	-79.250000	32.375000	9.915661e+04	2.443140e+01	1.084748e+05	1.076964e+05	5.833958e+04	5.637956e+04	9.999000e+03	1.231856e+01	2020	8	8	6
	397	489	-80.750000	32.375000	9.967402e+04	2.129756e+01	1.084589e+05	1.077216e+05	5.830134e+04	5.677060e+04	9.999000e+03	8.460023e+00	2020	8	8	12
	392	489	-82.000000	32.375000	1.001498e+05	1.458431e+01	1.085273e+05	1.079782e+05	5.833793e+04	5.719871e+04	9.999000e+03	1.275048e+01	2020	8	8	18
	388	490	-83.000000	32.625000	1.002709e+05	1.029613e+01	1.084500e+05	1.079975e+05	5.821279e+04	5.728022e+04	9.999000e+03	9.396045e+00	2020	8	9	0
	383	492	-84.250000	33.125000	1.005439e+05	1.120990e+01	1.083768e+05	1.080800e+05	5.814495e+04	5.743938e+04	9.999000e+03	6.612965e+00	2020	8	9	6
	381	493	-84.750000	33.375000	1.007044e+05	9.557905e+00	1.082739e+05	1.078536e+05	5.813576e+04	5.752774e+04	9.999000e+03	8.381769e+00	2020	8	9	12
	381	496	-84.750000	34.125000	1.007400e+05	9.131413e+00	1.083531e+05	1.075585e+05	5.816660e+04	5.759518e+04	9.999000e+03	1.118322e+01	2020	8	9	18
	384	498	-84.000000	34.625000	1.007972e+05	8.267069e+00	1.083799e+05	1.072189e+05	5.816557e+04	5.755176e+04	9.999000e+03	1.179763e+01	2020	8	10	0
	389	499	-82.750000	34.875000	1.008296e+05	8.410372e+00	1.083230e+05	1.067374e+05	5.824492e+04	5.732207e+04	9.999000e+03	9.252081e+00	2020	8	10	6
	393	501	-81.750000	35.375000	1.007881e+05	6.798687e+00	1.082724e+05	1.063670e+05	5.817802e+04	5.707201e+04	9.999000e+03	1.034452e+01	2020	8	10	12
	403	501	-79.250000	35.375000	1.008394e+05	1.377835e+01	1.083147e+05	1.063446e+05	5.829530e+04	5.699404e+04	9.999000e+03	1.013809e+01	2020	8	10	18
	415	506	-76.250000	36.625000	1.007077e+05	1.474536e+01	1.083642e+05	1.058266e+05	5.829475e+04	5.674448e+04	9.999000e+03	1.018751e+01	2020	8	11	0
	425	507	-73.750000	36.875000	1.007303e+05	1.595351e+01	1.083763e+05	1.056422e+05	5.829581e+04	5.662920e+04	9.999000e+03	1.071800e+01	2020	8	11	6
	438	511	-70.500000	37.875000	1.008109e+05	1.719715e+01	1.083872e+05	1.053946e+05	5.836109e+04	5.651376e+04	3.013341e+02	1.037246e+01	2020	8	11	12
start	66	2020	8	12	18
	1260	428	135.000000	17.125000	1.001508e+05	9.177788e+00	1.080161e+05	1.078573e+05	5.745457e+04	5.717608e+04	3.030111e+02	1.579510e+01	2020	8	12	18
	1258	432	134.500000	18.125000	1.002814e+05	9.751686e+00	1.081765e+05	1.079686e+05	5.759218e+04	5.727639e+04	3.029911e+02	1.512387e+01	2020	8	13	0
	1261	430	135.250000	17.625000	1.000920e+05	1.026138e+01	1.080914e+05	1.078730e+05	5.750456e+04	5.709530e+04	3.039387e+02	2.576088e+01	2020	8	13	6
	1260	431	135.000000	17.875000	1.002354e+05	1.048670e+01	1.082909e+05	1.080400e+05	5.765141e+04	5.717068e+04	3.030530e+02	2.401472e+01	2020	8	13	12
	1262	434	135.500000	18.625000	1.000302e+05	1.176125e+01	1.081050e+05	1.078827e+05	5.751816e+04	5.698481e+04	3.029558e+02	2.387036e+01	2020	8	13	18
	1262	435	135.500000	18.875000	1.001552e+05	1.183932e+01	1.082683e+05	1.080403e+05	5.770831e+04	5.715591e+04	3.029684e+02	2.306769e+01	2020	8	14	0
	1260	435	135.000000	18.875000	9.994330e+04	1.197058e+01	1.082534e+05	1.079518e+05	5.763000e+04	5.693467e+04	3.031629e+02	2.260893e+01	2020	8	14	6
	1257	435	134.250000	18.875000	9.998891e+04	1.308857e+01	1.083675e+05	1.080867e+05	5.774496e+04	5.701241e+04	3.029006e+02	2.198002e+01	2020	8	14	12
	1257	435	134.250000	18.875000	9.974500e+04	1.464694e+01	1.082419e+05	1.079011e+05	5.760899e+04	5.682478e+04	3.028499e+02	2.595589e+01	2020	8	14	18
	1256	436	134.000000	19.125000	9.977958e+04	1.527519e+01	1.083667e+05	1.080735e+05	5.771676e+04	5.690632e+04	3.028226e+02	2.535561e+01	2020	8	15	0
	1254	437	133.500000	19.375000	9.952538e+04	1.506801e+01	1.083191e+05	1.078643e+05	5.761477e+04	5.667760e+04	3.028312e+02	2.340919e+01	2020	8	15	6
	1253	438	133.250000	19.625000	9.949582e+04	1.593648e+01	1.084104e+05	1.079599e+05	5.774548e+04	5.670889e+04	3.027799e+02	2.398234e+01	2020	8	15	12
	1252	439	133.000000	19.875000	9.918543e+04	1.703458e+01	1.082695e+05	1.078494e+05	5.756918e+04	5.653926e+04	3.027064e+02	2.794206e+01	2020	8	15	18
	1251	441	132.750000	20.375000	9.919573e+04	1.747030e+01	1.084258e+05	1.079296e+05	5.766454e+04	5.663765e+04	3.026220e+02	2.520586e+01	2020	8	16	0
	1250	443	132.500000	20.875000	9.893920e+04	1.770388e+01	1.082956e+05	1.077327e+05	5.755299e+04	5.640563e+04	3.026297e+02	2.709213e+01	2020	8	16	6
	1249	444	132.250000	21.125000	9.898619e+04	1.845948e+01	1.084653e+05	1.078124e+05	5.769762e+04	5.648007e+04	3.025474e+02	2.837656e+01	2020	8	16	12
	1249	445	132.250000	21.375000	9.866450e+04	1.980187e+01	1.082951e+05	1.076763e+05	5.750207e+04	5.628357e+04	3.025058e+02	2.942349e+01	2020	8	16	18
	1249	447	132.250000	21.875000	9.860932e+04	2.016834e+01	1.083984e+05	1.077179e+05	5.760376e+04	5.622700e+04	3.025244e+02	3.047837e+01	2020	8	17	0
	1249	449	132.250000	22.375000	9.814007e+04	2.094409e+01	1.082794e+05	1.074493e+05	5.742312e+04	5.586766e+04	3.026048e+02	2.745023e+01	2020	8	17	6
	1250	451	132.500000	22.875000	9.806591e+04	2.214595e+01	1.084175e+05	1.075405e+05	5.756818e+04	5.585490e+04	3.025440e+02	2.424790e+01	2020	8	17	12
	1249	452	132.250000	23.125000	9.786517e+04	2.207344e+01	1.081960e+05	1.074367e+05	5.736061e+04	5.571143e+04	3.024767e+02	2.905078e+01	2020	8	17	18
	1250	453	132.500000	23.375000	9.785577e+04	2.394934e+01	1.082700e+05	1.074888e+05	5.745338e+04	5.576536e+04	3.024164e+02	3.045751e+01	2020	8	18	0
	1251	454	132.750000	23.625000	9.758727e+04	2.385112e+01	1.082249e+05	1.073196e+05	5.731233e+04	5.552580e+04	3.026067e+02	2.808817e+01	2020	8	18	6
	1251	453	132.750000	23.375000	9.753626e+04	2.371567e+01	1.082748e+05	1.073480e+05	5.738732e+04	5.552610e+04	3.025146e+02	2.511877e+01	2020	8	18	12
	1251	453	132.750000	23.375000	9.736823e+04	2.310783e+01	1.080678e+05	1.071660e+05	5.719790e+04	5.533470e+04	3.024189e+02	2.929456e+01	2020	8	18	18
	1253	453	133.250000	23.375000	9.727076e+04	2.369260e+01	1.081687e+05	1.071889e+05	5.730712e+04	5.529555e+04	3.025165e+02	3.176831e+01	2020	8	19	0
	1254	453	133.500000	23.375000	9.679688e+04	2.486609e+01	1.080268e+05	1.068641e+05	5.714884e+04	5.491765e+04	3.025330e+02	2.830941e+01	2020	8	19	6
	1255	453	133.750000	23.375000	9.688558e+04	2.700163e+01	1.081632e+05	1.069358e+05	5.734021e+04	5.499178e+04	3.024754e+02	2.946262e+01	2020	8	19	12
	1255	453	133.750000	23.375000	9.667828e+04	2.534182e+01	1.080210e+05	1.067889e+05	5.713230e+04	5.486672e+04	3.023901e+02	2.953162e+01	2020	8	19	18
	1255	455	133.750000	23.875000	9.684527e+04	2.489713e+01	1.082000e+05	1.069345e+05	5.729454e+04	5.494859e+04	3.024015e+02	3.039169e+01	2020	8	20	0
	1253	457	133.250000	24.375000	9.675538e+04	2.478988e+01	1.081387e+05	1.069724e+05	5.719481e+04	5.487702e+04	3.021855e+02	2.634118e+01	2020	8	20	6
	1250	457	132.500000	24.375000	9.696784e+04	2.450032e+01	1.083587e+05	1.071838e+05	5.734424e+04	5.512699e+04	3.022598e+02	2.036311e+01	2020	8	20	12
	1247	459	131.750000	24.875000	9.696384e+04	2.588598e+01	1.082027e+05	1.071388e+05	5.724546e+04	5.515962e+04	3.022511e+02	2.524224e+01	2020	8	20	18
	1244	461	131.000000	25.375000	9.708281e+04	2.594804e+01	1.082966e+05	1.072964e+05	5.739253e+04	5.532290e+04	3.022713e+02	2.632197e+01	2020	8	21	0
	1242	462	130.500000	25.625000	9.694140e+04	2.581438e+01	1.082488e+05	1.070518e+05	5.732588e+04	5.515091e+04	3.025658e+02	2.694504e+01	2020	8	21	6
	1239	462	129.750000	25.625000	9.690231e+04	2.695882e+01	1.084394e+05	1.071211e+05	5.742934e+04	5.512931e+04	9.999000e+03	2.602032e+01	2020	8	21	12
	1239	462	129.750000	25.625000	9.671305e+04	2.682866e+01	1.082201e+05	1.069509e+05	5.725051e+04	5.494759e+04	9.999000e+03	2.893751e+01	2020	8	21	18
	1239	464	129.750000	26.125000	9.672245e+04	2.575419e+01	1.083470e+05	1.070668e+05	5.739246e+04	5.497291e+04	9.999000e+03	3.311422e+01	2020	8	22	0
	1238	464	129.500000	26.125000	9.642369e+04	2.739576e+01	1.082596e+05	1.069459e+05	5.728452e+04	5.472736e+04	9.999000e+03	3.222812e+01	2020	8	22	6
	1238	464	129.500000	26.125000	9.641201e+04	2.710794e+01	1.083605e+05	1.070101e+05	5.744879e+04	5.481431e+04	9.999000e+03	2.920435e+01	2020	8	22	12
	1235	464	128.750000	26.125000	9.638756e+04	2.907533e+01	1.082264e+05	1.069690e+05	5.733325e+04	5.480109e+04	9.999000e+03	3.290287e+01	2020	8	22	18
	1233	463	128.250000	25.875000	9.649838e+04	2.769489e+01	1.082745e+05	1.071153e+05	5.737985e+04	5.489874e+04	9.999000e+03	3.854840e+01	2020	8	23	0
	1231	462	127.750000	25.625000	9.627766e+04	2.796162e+01	1.082534e+05	1.069077e+05	5.730671e+04	5.472693e+04	9.999000e+03	3.490681e+01	2020	8	23	6
	1228	461	127.000000	25.375000	9.633016e+04	2.903684e+01	1.084282e+05	1.069881e+05	5.744400e+04	5.479938e+04	9.999000e+03	3.274931e+01	2020	8	23	12
	1226	462	126.500000	25.625000	9.625350e+04	2.876117e+01	1.083820e+05	1.068581e+05	5.739140e+04	5.471847e+04	9.999000e+03	3.805263e+01	2020	8	23	18
	1224	460	126.000000	25.125000	9.636741e+04	2.853626e+01	1.083401e+05	1.069131e+05	5.732554e+04	5.477716e+04	3.024845e+02	4.379453e+01	2020	8	24	0
	1222	461	125.500000	25.375000	9.618434e+04	3.004735e+01	1.082748e+05	1.068515e+05	5.730398e+04	5.466769e+04	3.025362e+02	4.412060e+01	2020	8	24	6
	1220	460	125.000000	25.125000	9.610945e+04	3.268045e+01	1.084105e+05	1.069146e+05	5.734388e+04	5.473203e+04	3.024271e+02	4.228410e+01	2020	8	24	12
	1217	462	124.250000	25.625000	9.606542e+04	3.011532e+01	1.082272e+05	1.068174e+05	5.720350e+04	5.463773e+04	3.023781e+02	4.855031e+01	2020	8	24	18
	1216	463	124.000000	25.875000	9.607462e+04	3.163402e+01	1.082099e+05	1.069313e+05	5.725390e+04	5.473399e+04	3.024036e+02	5.191760e+01	2020	8	25	0
	1215	464	123.750000	26.125000	9.592390e+04	3.240070e+01	1.081465e+05	1.068822e+05	5.714916e+04	5.460327e+04	3.024320e+02	4.533535e+01	2020	8	25	6
	1214	465	123.500000	26.375000	9.616045e+04	3.121209e+01	1.082837e+05	1.070710e+05	5.728906e+04	5.477086e+04	3.022839e+02	3.979324e+01	2020	8	25	12
	1211	469	122.750000	27.375000	9.644974e+04	3.055774e+01	1.082476e+05	1.071738e+05	5.721349e+04	5.493916e+04	9.999000e+03	4.670235e+01	2020	8	25	18
	1208	472	122.000000	28.125000	9.683095e+04	2.839077e+01	1.084363e+05	1.074279e+05	5.732738e+04	5.528760e+04	9.999000e+03	4.782435e+01	2020	8	26	0
	1205	475	121.250000	28.875000	9.733325e+04	2.531466e+01	1.084378e+05	1.076049e+05	5.726093e+04	5.554005e+04	9.999000e+03	4.449066e+01	2020	8	26	6
	1202	479	120.500000	29.875000	9.775291e+04	2.344030e+01	1.086097e+05	1.078180e+05	5.746388e+04	5.583402e+04	9.999000e+03	3.167923e+01	2020	8	26	12
	1196	482	119.000000	30.625000	9.819788e+04	1.386429e+01	1.085480e+05	1.079572e+05	5.741097e+04	5.606339e+04	9.999000e+03	2.559884e+01	2020	8	26	18
	1193	483	118.250000	30.875000	9.857702e+04	1.092911e+01	1.086478e+05	1.080716e+05	5.751436e+04	5.633363e+04	9.999000e+03	2.479170e+01	2020	8	27	0
	1191	486	117.750000	31.625000	9.878395e+04	1.037249e+01	1.087045e+05	1.080919e+05	5.755644e+04	5.650104e+04	9.999000e+03	2.892863e+01	2020	8	27	6
	1185	490	116.250000	32.625000	9.894355e+04	1.168696e+01	1.087590e+05	1.081004e+05	5.759517e+04	5.665070e+04	9.999000e+03	2.316141e+01	2020	8	27	12
	1182	490	115.500000	32.625000	9.908708e+04	1.111260e+01	1.086885e+05	1.080724e+05	5.753739e+04	5.667154e+04	9.999000e+03	2.502316e+01	2020	8	27	18
	1180	492	115.000000	33.125000	9.926659e+04	1.114330e+01	1.086895e+05	1.080681e+05	5.761383e+04	5.680214e+04	9.999000e+03	2.323170e+01	2020	8	28	0
	1180	493	115.000000	33.375000	9.941537e+04	9.153343e+00	1.087992e+05	1.081573e+05	5.766674e+04	5.694895e+04	9.999000e+03	2.093875e+01	2020	8	28	6
	1180	498	115.000000	34.625000	9.968068e+04	8.219706e+00	1.089542e+05	1.082667e+05	5.782575e+04	5.715729e+04	9.999000e+03	2.005209e+01	2020	8	28	12
	1179	504	114.750000	36.125000	9.982104e+04	8.268048e+00	1.089177e+05	1.080291e+05	5.779382e+04	5.720922e+04	9.999000e+03	2.515501e+01	2020	8	28	18
	1180	509	115.000000	37.375000	9.997515e+04	7.216403e+00	1.088852e+05	1.078396e+05	5.794769e+04	5.731895e+04	9.999000e+03	2.380523e+01	2020	8	29	0
start	31	2020	8	15	6
	1010	447	72.500000	21.875000	9.962912e+04	1.512516e+01	1.086697e+05	1.081152e+05	5.748760e+04	5.713496e+04	9.999000e+03	3.382379e+01	2020	8	15	6
	1010	451	72.500000	22.875000	9.935770e+04	1.627061e+01	1.086490e+05	1.080200e+05	5.742884e+04	5.694729e+04	9.999000e+03	2.906149e+01	2020	8	15	12
	1011	452	72.750000	23.125000	9.964024e+04	9.736767e+00	1.087060e+05	1.082462e+05	5.759000e+04	5.707870e+04	9.999000e+03	2.804649e+01	2020	8	15	18
	1012	448	73.000000	22.125000	9.926477e+04	1.791233e+01	1.083364e+05	1.078318e+05	5.719915e+04	5.679550e+04	9.999000e+03	3.122582e+01	2020	8	16	0
	1005	455	71.250000	23.875000	9.947709e+04	7.886607e+00	1.086468e+05	1.080897e+05	5.749082e+04	5.696477e+04	9.999000e+03	3.990279e+01	2020	8	16	6
	1005	459	71.250000	24.875000	9.911218e+04	6.633294e+00	1.085449e+05	1.080358e+05	5.748335e+04	5.678755e+04	9.999000e+03	3.066029e+01	2020	8	16	12
	1003	456	70.750000	24.125000	9.941694e+04	1.006038e+01	1.085538e+05	1.081963e+05	5.747855e+04	5.694102e+04	9.999000e+03	2.830779e+01	2020	8	16	18
	991	450	67.750000	22.625000	9.918461e+04	1.785668e+01	1.082118e+05	1.077996e+05	5.711173e+04	5.661085e+04	9.999000e+03	2.999669e+01	2020	8	17	0
	993	452	68.250000	23.125000	9.925841e+04	1.859349e+01	1.083531e+05	1.079379e+05	5.722111e+04	5.671355e+04	9.999000e+03	3.237541e+01	2020	8	17	6
	995	453	68.750000	23.375000	9.878851e+04	1.843418e+01	1.082009e+05	1.077504e+05	5.707053e+04	5.639700e+04	9.999000e+03	2.045638e+01	2020	8	17	12
	997	457	69.250000	24.375000	9.917408e+04	1.332579e+01	1.083364e+05	1.079896e+05	5.729777e+04	5.666662e+04	9.999000e+03	2.125244e+01	2020	8	17	18
	990	451	67.500000	22.875000	9.900138e+04	1.742517e+01	1.080303e+05	1.076735e+05	5.699745e+04	5.647945e+04	9.999000e+03	3.012645e+01	2020	8	18	0
	991	454	67.750000	23.625000	9.903104e+04	1.778425e+01	1.081789e+05	1.078760e+05	5.725345e+04	5.657318e+04	9.999000e+03	2.524305e+01	2020	8	18	6
	987	456	66.750000	24.125000	9.893580e+04	1.458113e+01	1.081758e+05	1.077761e+05	5.722927e+04	5.645680e+04	9.999000e+03	1.548719e+01	2020	8	18	12
	983	454	65.750000	23.625000	9.928277e+04	1.588106e+01	1.082541e+05	1.079826e+05	5.738687e+04	5.675396e+04	9.999000e+03	1.463397e+01	2020	8	18	18
	984	451	66.000000	22.875000	9.905370e+04	1.764739e+01	1.080353e+05	1.077271e+05	5.715985e+04	5.656958e+04	9.999000e+03	1.676604e+01	2020	8	19	0
	985	452	66.250000	23.125000	9.922066e+04	1.794900e+01	1.082580e+05	1.079615e+05	5.740295e+04	5.678858e+04	9.999000e+03	1.582194e+01	2020	8	19	6
	982	453	65.500000	23.375000	9.909376e+04	1.696609e+01	1.082704e+05	1.078751e+05	5.733423e+04	5.672237e+04	9.999000e+03	1.486385e+01	2020	8	19	12
	981	453	65.250000	23.375000	9.943084e+04	1.536080e+01	1.084114e+05	1.080997e+05	5.753768e+04	5.696124e+04	3.034489e+02	1.338883e+01	2020	8	19	18
	978	453	64.500000	23.375000	9.930923e+04	1.628368e+01	1.082070e+05	1.078454e+05	5.739753e+04	5.680302e+04	3.032289e+02	1.521495e+01	2020	8	20	0
	975	452	63.750000	23.125000	9.948473e+04	1.664951e+01	1.084827e+05	1.080859e+05	5.764842e+04	5.694929e+04	3.031141e+02	1.003075e+01	2020	8	20	6
	974	453	63.500000	23.375000	9.932961e+04	1.680155e+01	1.084530e+05	1.080049e+05	5.760712e+04	5.690253e+04	3.030745e+02	6.092069e+00	2020	8	20	12
	971	453	62.750000	23.375000	9.963633e+04	1.533486e+01	1.086206e+05	1.082300e+05	5.781721e+04	5.720117e+04	3.031156e+02	6.257780e+00	2020	8	20	18
	968	450	62.000000	22.625000	9.950937e+04	1.410229e+01	1.083861e+05	1.079372e+05	5.763477e+04	5.699304e+04	3.030313e+02	9.128416e+00	2020	8	21	0
	967	448	61.750000	22.125000	9.967665e+04	1.606111e+01	1.085851e+05	1.082309e+05	5.782220e+04	5.714285e+04	9.999000e+03	6.880466e+00	2020	8	21	6
	967	448	61.750000	22.125000	9.940051e+04	1.683727e+01	1.084798e+05	1.080432e+05	5.768527e+04	5.705982e+04	9.999000e+03	3.575932e+00	2020	8	21	12
	967	448	61.750000	22.125000	9.973655e+04	1.446579e+01	1.086250e+05	1.082528e+05	5.789520e+04	5.737285e+04	9.999000e+03	3.569005e+00	2020	8	21	18
	966	448	61.500000	22.125000	9.965432e+04	1.404584e+01	1.084146e+05	1.079687e+05	5.769421e+04	5.720977e+04	9.999000e+03	4.286764e+00	2020	8	22	0
	965	447	61.250000	21.875000	9.995929e+04	1.323529e+01	1.086348e+05	1.082316e+05	5.788284e+04	5.743883e+04	9.999000e+03	3.203309e+00	2020	8	22	6
	964	448	61.000000	22.125000	9.974966e+04	1.397484e+01	1.085146e+05	1.081244e+05	5.778464e+04	5.735241e+04	9.999000e+03	1.587364e+00	2020	8	22	12
	963	447	60.750000	21.875000	1.000641e+05	1.268725e+01	1.086566e+05	1.082960e+05	5.797093e+04	5.757334e+04	9.999000e+03	1.195640e+00	2020	8	22	18
start	40	2020	8	23	12
	174	420	-136.500000	15.125000	1.006665e+05	1.215550e+01	1.082163e+05	1.079102e+05	5.785123e+04	5.743064e+04	3.019251e+02	2.203439e+01	2020	8	23	12
	166	419	-138.500000	14.875000	1.008734e+05	1.255268e+01	1.083638e+05	1.081154e+05	5.799080e+04	5.760164e+04	3.020782e+02	2.164699e+01	2020	8	23	18
	163	419	-139.250000	14.875000	1.006033e+05	1.272556e+01	1.082291e+05	1.078895e+05	5.785265e+04	5.733951e+04	3.023852e+02	2.318249e+01	2020	8	24	0
	162	419	-139.500000	14.875000	1.008454e+05	1.198265e+01	1.083805e+05	1.081011e+05	5.800296e+04	5.750282e+04	3.020613e+02	2.430754e+01	2020	8	24	6
	155	418	-141.250000	14.625000	1.005549e+05	1.365873e+01	1.081364e+05	1.078674e+05	5.779332e+04	5.727111e+04	3.018439e+02	2.522328e+01	2020	8	24	12
	153	418	-141.750000	14.625000	1.006633e+05	1.624193e+01	1.083202e+05	1.080393e+05	5.795588e+04	5.734548e+04	3.018278e+02	2.104077e+01	2020	8	24	18
	148	418	-143.000000	14.625000	1.003411e+05	1.481026e+01	1.081759e+05	1.078606e+05	5.781386e+04	5.711512e+04	3.018596e+02	1.890063e+01	2020	8	25	0
	144	416	-144.000000	14.125000	1.004761e+05	1.459146e+01	1.082986e+05	1.080034e+05	5.790155e+04	5.722142e+04	3.018267e+02	2.074236e+01	2020	8	25	6
	141	416	-144.750000	14.125000	1.001470e+05	1.493741e+01	1.080527e+05	1.077206e+05	5.771720e+04	5.692968e+04	3.016227e+02	2.296027e+01	2020	8	25	12
	137	416	-145.750000	14.125000	1.002748e+05	1.603360e+01	1.081864e+05	1.079212e+05	5.785941e+04	5.712322e+04	3.014294e+02	1.989986e+01	2020	8	25	18
	134	416	-146.500000	14.125000	1.000142e+05	1.550574e+01	1.080415e+05	1.077689e+05	5.772184e+04	5.693900e+04	3.014236e+02	2.104353e+01	2020	8	26	0
	130	416	-147.500000	14.125000	1.001257e+05	1.577966e+01	1.081570e+05	1.078987e+05	5.785430e+04	5.708248e+04	3.013154e+02	2.197066e+01	2020	8	26	6
	125	417	-148.750000	14.375000	9.991603e+04	1.735769e+01	1.079595e+05	1.076830e+05	5.769616e+04	5.687719e+04	3.010162e+02	2.084354e+01	2020	8	26	12
	121	419	-149.750000	14.875000	1.000534e+05	1.834751e+01	1.080600e+05	1.077601e+05	5.787930e+04	5.701050e+04	3.010317e+02	1.588290e+01	2020	8	26	18
	117	421	-150.750000	15.375000	9.982705e+04	1.790426e+01	1.079412e+05	1.076204e+05	5.777409e+04	5.689567e+04	3.010553e+02	1.698924e+01	2020	8	27	0
	112	422	-152.000000	15.625000	9.990287e+04	1.949496e+01	1.080814e+05	1.077922e+05	5.788109e+04	5.692289e+04	3.010019e+02	2.175093e+01	2020	8	27	6
	109	424	-152.750000	16.125000	9.973359e+04	1.958492e+01	1.080077e+05	1.076063e+05	5.777311e+04	5.674834e+04	3.009497e+02	2.270065e+01	2020	8	27	12
	106	425	-153.500000	16.375000	9.977616e+04	2.141530e+01	1.080834e+05	1.075196e+05	5.790923e+04	5.667853e+04	3.008955e+02	2.256647e+01	2020	8	27	18
	102	427	-154.500000	16.875000	9.953257e+04	2.202987e+01	1.080262e+05	1.074247e+05	5.784632e+04	5.644051e+04	3.004217e+02	2.153870e+01	2020	8	28	0
	98	427	-155.500000	16.875000	9.962406e+04	2.341753e+01	1.080933e+05	1.074305e+05	5.793179e+04	5.647124e+04	3.013247e+02	2.047870e+01	2020	8	28	6
	96	428	-156.000000	17.125000	9.954805e+04	2.266080e+01	1.079741e+05	1.074814e+05	5.783843e+04	5.650789e+04	3.011565e+02	2.035029e+01	2020	8	28	12
	93	431	-156.750000	17.875000	9.983638e+04	2.207452e+01	1.080635e+05	1.075884e+05	5.797991e+04	5.676535e+04	9.999000e+03	1.448087e+01	2020	8	28	18
	89	433	-157.750000	18.375000	9.982831e+04	2.007365e+01	1.080205e+05	1.077120e+05	5.793470e+04	5.686143e+04	3.012201e+02	1.393020e+01	2020	8	29	0
	86	433	-158.500000	18.375000	9.990238e+04	2.124338e+01	1.080756e+05	1.078225e+05	5.794046e+04	5.704140e+04	3.012487e+02	2.079254e+01	2020	8	29	6
	81	433	-159.750000	18.375000	9.987585e+04	2.007703e+01	1.080256e+05	1.076816e+05	5.783161e+04	5.709618e+04	3.013676e+02	2.027268e+01	2020	8	29	12
	79	432	-160.250000	18.125000	1.000537e+05	1.850555e+01	1.080421e+05	1.076947e+05	5.785844e+04	5.725910e+04	3.013632e+02	1.591660e+01	2020	8	29	18
	77	432	-160.750000	18.125000	9.999797e+04	1.800394e+01	1.080262e+05	1.075294e+05	5.777364e+04	5.724120e+04	3.014604e+02	1.482762e+01	2020	8	30	0
	74	431	-161.500000	17.875000	1.000725e+05	1.893233e+01	1.081291e+05	1.075875e+05	5.779001e+04	5.726755e+04	3.014786e+02	1.477986e+01	2020	8	30	6
	73	429	-161.750000	17.375000	1.000027e+05	1.784439e+01	1.080099e+05	1.074082e+05	5.766857e+04	5.716015e+04	3.014094e+02	1.566688e+01	2020	8	30	12
	72	429	-162.000000	17.375000	1.001049e+05	1.804983e+01	1.080112e+05	1.073828e+05	5.768420e+04	5.722955e+04	3.013758e+02	1.312988e+01	2020	8	30	18
	72	429	-162.000000	17.375000	9.987983e+04	1.889401e+01	1.079197e+05	1.072478e+05	5.764731e+04	5.707932e+04	3.015262e+02	1.059149e+01	2020	8	31	0
	72	429	-162.000000	17.375000	9.981364e+04	2.020147e+01	1.079123e+05	1.072611e+05	5.762525e+04	5.704338e+04	3.013820e+02	1.210091e+01	2020	8	31	6
	72	429	-162.000000	17.375000	9.974238e+04	1.774756e+01	1.077585e+05	1.072254e+05	5.755845e+04	5.701621e+04	3.013472e+02	1.819566e+01	2020	8	31	12
	73	431	-161.750000	17.875000	9.942945e+04	2.135654e+01	1.077384e+05	1.072961e+05	5.760206e+04	5.677102e+04	3.013677e+02	1.627305e+01	2020	8	31	18
	73	432	-161.750000	18.125000	9.960071e+04	1.846759e+01	1.076948e+05	1.071576e+05	5.752831e+04	5.689903e+04	3.014426e+02	1.808022e+01	2020	9	1	0
	76	435	-161.000000	18.875000	9.955173e+04	2.232851e+01	1.077310e+05	1.069739e+05	5.761896e+04	5.673164e+04	3.013654e+02	2.996679e+01	2020	9	1	6
	78	438	-160.500000	19.625000	9.925515e+04	2.358463e+01	1.076198e+05	1.065732e+05	5.752513e+04	5.664451e+04	3.012428e+02	2.344017e+01	2020	9	1	12
	80	443	-160.000000	20.875000	9.957778e+04	2.231667e+01	1.076862e+05	1.063214e+05	5.768851e+04	5.693911e+04	9.999000e+03	1.996017e+01	2020	9	1	18
	81	448	-159.750000	22.125000	9.961967e+04	2.347899e+01	1.077303e+05	1.062575e+05	5.773200e+04	5.689560e+04	9.999000e+03	1.815996e+01	2020	9	2	0
	81	453	-159.750000	23.375000	9.979863e+04	2.365915e+01	1.080005e+05	1.061358e+05	5.782962e+04	5.694389e+04	9.999000e+03	1.115318e+01	2020	9	2	6
start	28	2020	8	25	0
	227	415	-123.250000	13.875000	1.007911e+05	1.448161e+01	1.080313e+05	1.077558e+05	5.771116e+04	5.729732e+04	3.028839e+02	2.623640e+01	2020	8	25	0
	229	417	-122.750000	14.375000	1.010582e+05	1.109355e+01	1.082498e+05	1.079351e+05	5.795633e+04	5.755127e+04	3.028331e+02	2.493019e+01	2020	8	25	6
	229	417	-122.750000	14.375000	1.007267e+05	1.169400e+01	1.079207e+05	1.076806e+05	5.767532e+04	5.733543e+04	3.027791e+02	2.915235e+01	2020	8	25	12
	228	418	-123.000000	14.625000	1.008548e+05	1.298471e+01	1.081603e+05	1.079254e+05	5.786886e+04	5.745673e+04	3.027521e+02	2.554058e+01	2020	8	25	18
	228	421	-123.000000	15.375000	1.005192e+05	1.298312e+01	1.079996e+05	1.077963e+05	5.770010e+04	5.726977e+04	3.026953e+02	2.208379e+01	2020	8	26	0
	226	423	-123.500000	15.875000	1.006858e+05	1.434752e+01	1.082246e+05	1.079777e+05	5.789434e+04	5.747285e+04	3.025957e+02	2.313124e+01	2020	8	26	6
	226	422	-123.500000	15.625000	1.003055e+05	1.374146e+01	1.078864e+05	1.077215e+05	5.761781e+04	5.723587e+04	3.025725e+02	2.542958e+01	2020	8	26	12
	226	424	-123.500000	16.125000	1.004857e+05	1.596023e+01	1.081464e+05	1.079092e+05	5.782465e+04	5.740152e+04	3.024667e+02	2.187698e+01	2020	8	26	18
	226	426	-123.500000	16.625000	1.001610e+05	1.454462e+01	1.079596e+05	1.077508e+05	5.761965e+04	5.716104e+04	3.021830e+02	1.854691e+01	2020	8	27	0
	226	427	-123.500000	16.875000	1.003565e+05	1.597219e+01	1.081623e+05	1.079560e+05	5.784353e+04	5.734205e+04	3.019779e+02	1.901574e+01	2020	8	27	6
	225	428	-123.750000	17.125000	1.000413e+05	1.562229e+01	1.078638e+05	1.076777e+05	5.760602e+04	5.707162e+04	3.018186e+02	2.009456e+01	2020	8	27	12
	220	431	-125.000000	17.875000	1.001513e+05	1.767810e+01	1.081348e+05	1.078451e+05	5.780242e+04	5.716603e+04	3.016837e+02	1.625901e+01	2020	8	27	18
	222	433	-124.500000	18.375000	9.993423e+04	1.734544e+01	1.079502e+05	1.076509e+05	5.767488e+04	5.701525e+04	3.015990e+02	1.783316e+01	2020	8	28	0
	217	435	-125.750000	18.875000	1.000874e+05	1.801413e+01	1.082379e+05	1.078986e+05	5.787768e+04	5.713628e+04	3.010326e+02	1.620490e+01	2020	8	28	6
	214	437	-126.500000	19.375000	9.984740e+04	1.819109e+01	1.079047e+05	1.075843e+05	5.767546e+04	5.691894e+04	3.007491e+02	1.320754e+01	2020	8	28	12
	211	441	-127.250000	20.375000	1.000937e+05	1.889793e+01	1.081494e+05	1.077891e+05	5.789287e+04	5.712845e+04	3.006068e+02	4.133525e+00	2020	8	28	18
	209	444	-127.750000	21.125000	1.000406e+05	1.580299e+01	1.080058e+05	1.077069e+05	5.783995e+04	5.705507e+04	3.000682e+02	2.539388e+00	2020	8	29	0
	205	447	-128.750000	21.875000	1.003794e+05	1.542844e+01	1.082171e+05	1.078957e+05	5.797027e+04	5.733575e+04	2.995509e+02	2.766326e+00	2020	8	29	6
	201	449	-129.750000	22.375000	1.002873e+05	1.506374e+01	1.079308e+05	1.076693e+05	5.778225e+04	5.717975e+04	2.995240e+02	3.896077e+00	2020	8	29	12
	198	452	-130.500000	23.125000	1.005664e+05	1.490405e+01	1.080807e+05	1.078271e+05	5.793549e+04	5.740414e+04	2.984886e+02	2.263010e+00	2020	8	29	18
	193	453	-131.750000	23.375000	1.004400e+05	1.457715e+01	1.079601e+05	1.076380e+05	5.784950e+04	5.732605e+04	2.979594e+02	1.443023e+00	2020	8	30	0
	191	455	-132.250000	23.875000	1.007547e+05	1.255631e+01	1.081070e+05	1.078053e+05	5.800883e+04	5.754264e+04	2.973815e+02	2.155651e+00	2020	8	30	6
	187	458	-133.250000	24.625000	1.006723e+05	1.327747e+01	1.078949e+05	1.074737e+05	5.783595e+04	5.735501e+04	2.969621e+02	2.670099e+00	2020	8	30	12
	182	460	-134.500000	25.125000	1.008977e+05	1.269481e+01	1.080257e+05	1.075087e+05	5.798543e+04	5.753405e+04	2.965329e+02	2.085948e+00	2020	8	30	18
	179	461	-135.250000	25.375000	1.007324e+05	1.317962e+01	1.079516e+05	1.072874e+05	5.786929e+04	5.737185e+04	2.969218e+02	3.046293e+00	2020	8	31	0
	174	462	-136.500000	25.625000	1.009725e+05	1.243759e+01	1.080165e+05	1.073814e+05	5.796700e+04	5.748923e+04	2.967831e+02	3.348052e+00	2020	8	31	6
	171	464	-137.250000	26.125000	1.008729e+05	1.192681e+01	1.077507e+05	1.071016e+05	5.779876e+04	5.729816e+04	2.968104e+02	2.610682e+00	2020	8	31	12
	168	466	-138.000000	26.625000	1.010973e+05	1.194646e+01	1.078069e+05	1.072383e+05	5.792235e+04	5.744162e+04	2.968013e+02	1.054039e+00	2020	8	31	18
start	27	2020	8	31	12
	1252	437	133.000000	19.375000	9.991232e+04	1.310795e+01	1.084947e+05	1.081309e+05	5.769043e+04	5.718305e+04	3.032119e+02	1.140614e+01	2020	8	31	12
	1252	437	133.000000	19.375000	9.974542e+04	1.505060e+01	1.083397e+05	1.080011e+05	5.754614e+04	5.704393e+04	3.025479e+02	1.162302e+01	2020	8	31	18
	1254	440	133.500000	20.125000	9.999115e+04	1.469379e+01	1.084376e+05	1.080809e+05	5.776624e+04	5.726443e+04	3.025917e+02	1.279393e+01	2020	9	1	0
	1256	444	134.000000	21.125000	9.983903e+04	1.526302e+01	1.083787e+05	1.080149e+05	5.762450e+04	5.713893e+04	3.035789e+02	1.011983e+01	2020	9	1	6
	1255	445	133.750000	21.375000	1.001084e+05	1.480861e+01	1.086083e+05	1.082577e+05	5.794629e+04	5.742829e+04	3.030642e+02	7.948626e+00	2020	9	1	12
	1257	449	134.250000	22.375000	1.000538e+05	1.454918e+01	1.084820e+05	1.081999e+05	5.783004e+04	5.735703e+04	3.027179e+02	6.867203e+00	2020	9	1	18
	1257	457	134.250000	24.375000	1.002422e+05	1.372527e+01	1.087181e+05	1.084155e+05	5.807393e+04	5.749821e+04	3.025385e+02	1.229908e+01	2020	9	2	0
	1256	462	134.000000	25.625000	1.001210e+05	1.241357e+01	1.088280e+05	1.082474e+05	5.803181e+04	5.733009e+04	3.024754e+02	8.221220e+00	2020	9	2	6
	1252	465	133.000000	26.375000	1.002730e+05	1.255293e+01	1.089503e+05	1.084194e+05	5.822445e+04	5.745780e+04	3.020569e+02	9.803554e+00	2020	9	2	12
	1244	467	131.000000	26.875000	1.000981e+05	1.349201e+01	1.087068e+05	1.082744e+05	5.801324e+04	5.725042e+04	9.999000e+03	1.677969e+01	2020	9	2	18
	1242	469	130.500000	27.375000	1.001646e+05	1.320518e+01	1.086996e+05	1.083007e+05	5.804916e+04	5.731460e+04	9.999000e+03	1.357877e+01	2020	9	3	0
	1241	471	130.250000	27.875000	9.993270e+04	1.214920e+01	1.085068e+05	1.081290e+05	5.788820e+04	5.710951e+04	9.999000e+03	1.639599e+01	2020	9	3	6
	1235	472	128.750000	28.125000	9.996121e+04	1.303286e+01	1.085134e+05	1.081730e+05	5.785925e+04	5.707870e+04	9.999000e+03	1.465789e+01	2020	9	3	12
	1234	473	128.500000	28.375000	9.970691e+04	1.425325e+01	1.082485e+05	1.079299e+05	5.767342e+04	5.686634e+04	9.999000e+03	1.274370e+01	2020	9	3	18
	1233	476	128.250000	29.125000	9.977327e+04	1.504094e+01	1.083196e+05	1.079650e+05	5.770513e+04	5.694080e+04	9.999000e+03	1.073706e+01	2020	9	4	0
	1233	478	128.250000	29.625000	9.957674e+04	1.574299e+01	1.082602e+05	1.079152e+05	5.758974e+04	5.682874e+04	9.999000e+03	1.052749e+01	2020	9	4	6
	1233	481	128.250000	30.375000	9.968019e+04	1.878166e+01	1.084272e+05	1.078908e+05	5.778145e+04	5.693945e+04	9.999000e+03	1.321579e+01	2020	9	4	12
	1233	486	128.250000	31.625000	9.944214e+04	1.913945e+01	1.083359e+05	1.075799e+05	5.770612e+04	5.664230e+04	9.999000e+03	1.324796e+01	2020	9	4	18
	1234	489	128.500000	32.375000	9.947960e+04	1.954734e+01	1.084424e+05	1.074821e+05	5.786546e+04	5.659372e+04	9.999000e+03	1.221737e+01	2020	9	5	0
	1235	494	128.750000	33.625000	9.921951e+04	1.879224e+01	1.084320e+05	1.072718e+05	5.785730e+04	5.644262e+04	9.999000e+03	1.350786e+01	2020	9	5	6
	1237	498	129.250000	34.625000	9.934279e+04	2.094139e+01	1.085553e+05	1.070313e+05	5.799013e+04	5.674579e+04	9.999000e+03	1.674980e+01	2020	9	5	12
	1241	503	130.250000	35.875000	9.940575e+04	2.127688e+01	1.083382e+05	1.065492e+05	5.782809e+04	5.692984e+04	9.999000e+03	1.430892e+01	2020	9	5	18
	1249	508	132.250000	37.125000	9.941109e+04	2.144898e+01	1.084263e+05	1.063498e+05	5.797016e+04	5.687172e+04	9.999000e+03	1.237819e+01	2020	9	6	0
	1257	513	134.250000	38.375000	9.954317e+04	2.149211e+01	1.083605e+05	1.060625e+05	5.791457e+04	5.669929e+04	3.010282e+02	1.205888e+01	2020	9	6	6
	1265	517	136.250000	39.375000	9.969303e+04	1.936802e+01	1.084299e+05	1.057152e+05	5.805550e+04	5.662215e+04	3.014627e+02	1.733695e+01	2020	9	6	12
	1276	522	139.000000	40.625000	9.936788e+04	2.127811e+01	1.081896e+05	1.052306e+05	5.781946e+04	5.617691e+04	9.999000e+03	1.477921e+01	2020	9	6	18
	1289	524	142.250000	41.125000	9.979893e+04	1.802907e+01	1.081508e+05	1.051285e+05	5.794178e+04	5.612601e+04	9.999000e+03	4.277071e+00	2020	9	7	0
start	31	2020	9	6	18
	1326	425	151.500000	16.375000	1.003252e+05	1.431130e+01	1.077996e+05	1.076245e+05	5.758351e+04	5.711937e+04	3.034394e+02	2.545716e+01	2020	9	6	18
	1323	430	150.750000	17.625000	1.004385e+05	1.376138e+01	1.080236e+05	1.077785e+05	5.778715e+04	5.720716e+04	3.034027e+02	2.317032e+01	2020	9	7	0
	1322	435	150.500000	18.875000	1.001474e+05	1.606193e+01	1.079698e+05	1.076377e+05	5.768726e+04	5.704561e+04	3.033115e+02	3.173940e+01	2020	9	7	6
	1323	435	150.750000	18.875000	1.002811e+05	1.837098e+01	1.082275e+05	1.078959e+05	5.779057e+04	5.721427e+04	3.032157e+02	3.506358e+01	2020	9	7	12
	1319	436	149.750000	19.125000	9.997879e+04	1.751398e+01	1.080593e+05	1.077080e+05	5.759510e+04	5.700189e+04	3.031616e+02	3.232998e+01	2020	9	7	18
	1316	441	149.000000	20.375000	1.000658e+05	1.798224e+01	1.082209e+05	1.078943e+05	5.774895e+04	5.713893e+04	3.029822e+02	2.926910e+01	2020	9	8	0
	1315	443	148.750000	20.875000	9.978670e+04	1.774603e+01	1.081762e+05	1.077509e+05	5.761836e+04	5.692008e+04	3.028868e+02	3.556305e+01	2020	9	8	6
	1313	447	148.250000	21.875000	9.995050e+04	1.945590e+01	1.082814e+05	1.078753e+05	5.780684e+04	5.703624e+04	3.024508e+02	3.069388e+01	2020	9	8	12
	1312	447	148.000000	21.875000	9.962463e+04	2.008105e+01	1.081529e+05	1.077339e+05	5.757886e+04	5.673924e+04	3.023851e+02	2.704769e+01	2020	9	8	18
	1312	451	148.000000	22.875000	9.969327e+04	2.000248e+01	1.083740e+05	1.078293e+05	5.783259e+04	5.675933e+04	3.024914e+02	2.466810e+01	2020	9	9	0
	1306	453	146.500000	23.375000	9.939786e+04	1.899642e+01	1.082169e+05	1.076693e+05	5.763048e+04	5.651497e+04	3.025229e+02	2.125846e+01	2020	9	9	6
	1306	456	146.500000	24.125000	9.943913e+04	1.917043e+01	1.083892e+05	1.078456e+05	5.784665e+04	5.654656e+04	3.024610e+02	2.095157e+01	2020	9	9	12
	1302	458	145.500000	24.625000	9.921263e+04	1.900199e+01	1.081922e+05	1.077258e+05	5.763373e+04	5.644068e+04	3.024929e+02	1.950984e+01	2020	9	9	18
	1299	462	144.750000	25.625000	9.932073e+04	1.871008e+01	1.083162e+05	1.078827e+05	5.775605e+04	5.664792e+04	3.025335e+02	2.086294e+01	2020	9	10	0
	1297	465	144.250000	26.375000	9.907775e+04	1.857308e+01	1.081817e+05	1.076919e+05	5.759698e+04	5.646834e+04	3.025593e+02	2.096626e+01	2020	9	10	6
	1296	469	144.000000	27.375000	9.909959e+04	2.103555e+01	1.083041e+05	1.076958e+05	5.775073e+04	5.644428e+04	3.023773e+02	2.676267e+01	2020	9	10	12
	1294	472	143.500000	28.125000	9.873930e+04	2.032485e+01	1.081187e+05	1.074361e+05	5.756761e+04	5.615992e+04	3.021867e+02	2.696692e+01	2020	9	10	18
	1293	475	143.250000	28.875000	9.875029e+04	2.004109e+01	1.082682e+05	1.075448e+05	5.770756e+04	5.622956e+04	3.020815e+02	2.363804e+01	2020	9	11	0
	1290	478	142.500000	29.625000	9.851107e+04	2.154125e+01	1.081755e+05	1.074912e+05	5.762155e+04	5.600799e+04	3.021701e+02	2.510684e+01	2020	9	11	6
	1288	480	142.000000	30.125000	9.852673e+04	2.348393e+01	1.083269e+05	1.076570e+05	5.780186e+04	5.605328e+04	3.019579e+02	2.497972e+01	2020	9	11	12
	1285	483	141.250000	30.875000	9.841167e+04	2.347138e+01	1.082235e+05	1.075696e+05	5.770233e+04	5.605311e+04	3.016847e+02	2.351651e+01	2020	9	11	18
	1282	486	140.500000	31.625000	9.860112e+04	2.576991e+01	1.083700e+05	1.076460e+05	5.789339e+04	5.623943e+04	3.014210e+02	2.139156e+01	2020	9	12	0
	1279	488	139.750000	32.125000	9.859953e+04	2.425407e+01	1.083341e+05	1.076481e+05	5.784483e+04	5.645255e+04	3.017008e+02	1.949865e+01	2020	9	12	6
	1275	489	138.750000	32.375000	9.897005e+04	2.424204e+01	1.085201e+05	1.078227e+05	5.797825e+04	5.684530e+04	3.018314e+02	1.927925e+01	2020	9	12	12
	1274	492	138.500000	33.125000	9.899523e+04	2.249348e+01	1.084562e+05	1.077090e+05	5.785398e+04	5.675479e+04	9.999000e+03	1.974006e+01	2020	9	12	18
	1273	497	138.250000	34.375000	9.911203e+04	2.237320e+01	1.086103e+05	1.077665e+05	5.802615e+04	5.689120e+04	9.999000e+03	1.885009e+01	2020	9	13	0
	1277	501	139.250000	35.375000	9.965539e+04	2.143496e+01	1.085118e+05	1.073540e+05	5.800532e+04	5.680496e+04	9.999000e+03	1.279337e+01	2020	9	13	6
	1284	509	141.000000	37.375000	1.000013e+05	1.993361e+01	1.086349e+05	1.069546e+05	5.814101e+04	5.688879e+04	9.999000e+03	1.341764e+01	2020	9	13	12
	1289	519	142.250000	39.875000	9.957491e+04	2.057311e+01	1.083334e+05	1.053452e+05	5.785654e+04	5.601765e+04	9.999000e+03	1.924151e+01	2020	9	13	18
	1298	529	144.500000	42.375000	9.926748e+04	2.008381e+01	1.080190e+05	1.033681e+05	5.769273e+04	5.515094e+04	9.999000e+03	2.294479e+01	2020	9	14	0
	1313	542	148.250000	45.625000	9.862165e+04	2.239620e+01	1.073760e+05	1.021501e+05	5.725820e+04	5.434755e+04	9.999000e+03	2.595152e+01	2020	9	14	6
start	38	2020	9	9	18
	504	428	-54.000000	17.125000	1.008192e+05	1.466112e+01	1.079598e+05	1.076947e+05	5.790496e+04	5.735513e+04	3.026865e+02	2.501941e+01	2020	9	9	18
	499	431	-55.250000	17.875000	1.008095e+05	1.587527e+01	1.080395e+05	1.077807e+05	5.801437e+04	5.742479e+04	3.022406e+02	1.998972e+01	2020	9	10	0
	495	430	-56.250000	17.625000	1.005846e+05	1.543336e+01	1.078946e+05	1.076831e+05	5.784271e+04	5.734680e+04	3.022117e+02	2.113548e+01	2020	9	10	6
	490	433	-57.500000	18.375000	1.007061e+05	1.752780e+01	1.081211e+05	1.078687e+05	5.801728e+04	5.747379e+04	3.022260e+02	2.347448e+01	2020	9	10	12
	486	434	-58.500000	18.625000	1.005138e+05	1.845016e+01	1.081202e+05	1.077992e+05	5.797923e+04	5.735054e+04	3.026601e+02	2.480691e+01	2020	9	10	18
	482	435	-59.500000	18.875000	1.005426e+05	1.901080e+01	1.081604e+05	1.078721e+05	5.808270e+04	5.732383e+04	3.023825e+02	2.679962e+01	2020	9	11	0
	478	435	-60.500000	18.875000	1.003460e+05	1.953244e+01	1.081268e+05	1.076469e+05	5.798996e+04	5.713637e+04	3.023754e+02	2.664330e+01	2020	9	11	6
	474	436	-61.500000	19.125000	1.003959e+05	1.986293e+01	1.082432e+05	1.078475e+05	5.812474e+04	5.719275e+04	3.024947e+02	2.899597e+01	2020	9	11	12
	469	437	-62.750000	19.375000	1.001888e+05	2.154390e+01	1.082121e+05	1.075660e+05	5.807246e+04	5.704891e+04	3.028738e+02	2.962991e+01	2020	9	11	18
	465	437	-63.750000	19.375000	1.000367e+05	2.241505e+01	1.082387e+05	1.074654e+05	5.810720e+04	5.680779e+04	3.029120e+02	2.580656e+01	2020	9	12	0
	461	437	-64.750000	19.375000	9.977730e+04	2.248062e+01	1.081839e+05	1.074715e+05	5.804834e+04	5.658740e+04	9.999000e+03	2.926201e+01	2020	9	12	6
	457	438	-65.750000	19.625000	9.968923e+04	2.464685e+01	1.082677e+05	1.075405e+05	5.812407e+04	5.656681e+04	9.999000e+03	3.065990e+01	2020	9	12	12
	451	439	-67.250000	19.875000	9.933516e+04	2.435441e+01	1.082188e+05	1.072923e+05	5.804575e+04	5.625307e+04	9.999000e+03	2.789526e+01	2020	9	12	18
	447	439	-68.250000	19.875000	9.913827e+04	2.349993e+01	1.081466e+05	1.072835e+05	5.804934e+04	5.618683e+04	9.999000e+03	2.784596e+01	2020	9	13	0
	442	439	-69.500000	19.875000	9.901889e+04	2.847555e+01	1.081574e+05	1.073232e+05	5.795131e+04	5.617891e+04	9.999000e+03	3.540373e+01	2020	9	13	6
	435	441	-71.250000	20.375000	9.909795e+04	2.719982e+01	1.081134e+05	1.073278e+05	5.800106e+04	5.629748e+04	9.999000e+03	3.119694e+01	2020	9	13	12
	430	440	-72.500000	20.125000	9.923016e+04	2.401206e+01	1.080935e+05	1.073469e+05	5.791872e+04	5.643226e+04	9.999000e+03	2.871000e+01	2020	9	13	18
	425	440	-73.750000	20.125000	9.891805e+04	2.561210e+01	1.080625e+05	1.073910e+05	5.790423e+04	5.636729e+04	9.999000e+03	3.325212e+01	2020	9	14	0
	421	442	-74.750000	20.625000	9.890474e+04	3.061318e+01	1.080313e+05	1.073786e+05	5.790566e+04	5.608041e+04	9.999000e+03	3.185961e+01	2020	9	14	6
	413	442	-76.750000	20.625000	9.921179e+04	2.330522e+01	1.080014e+05	1.073307e+05	5.789685e+04	5.637554e+04	9.999000e+03	3.109299e+01	2020	9	14	12
	408	442	-78.000000	20.625000	9.914273e+04	2.271881e+01	1.080540e+05	1.074809e+05	5.790466e+04	5.649097e+04	9.999000e+03	3.077936e+01	2020	9	14	18
	404	442	-79.000000	20.625000	9.881055e+04	2.545284e+01	1.079998e+05	1.074356e+05	5.785564e+04	5.630084e+04	9.999000e+03	3.123929e+01	2020	9	15	0
	399	443	-80.250000	20.875000	9.870148e+04	3.043586e+01	1.080325e+05	1.075025e+05	5.795414e+04	5.641913e+04	9.999000e+03	3.752822e+01	2020	9	15	6
	394	444	-81.500000	21.125000	9.857900e+04	3.158371e+01	1.080773e+05	1.075335e+05	5.796443e+04	5.635368e+04	9.999000e+03	3.656352e+01	2020	9	15	12
	388	445	-83.000000	21.375000	9.850170e+04	2.975029e+01	1.081631e+05	1.072233e+05	5.803385e+04	5.606975e+04	9.999000e+03	3.809964e+01	2020	9	15	18
	383	446	-84.250000	21.625000	9.843205e+04	2.694160e+01	1.082025e+05	1.072238e+05	5.796032e+04	5.599916e+04	9.999000e+03	3.542346e+01	2020	9	16	0
	377	449	-85.750000	22.375000	9.843540e+04	2.697359e+01	1.083588e+05	1.073040e+05	5.808169e+04	5.599089e+04	9.999000e+03	4.124180e+01	2020	9	16	6
	371	450	-87.250000	22.625000	9.813513e+04	2.709885e+01	1.083345e+05	1.069471e+05	5.805755e+04	5.553913e+04	9.999000e+03	3.778976e+01	2020	9	16	12
	364	452	-89.000000	23.125000	9.796483e+04	2.626366e+01	1.084711e+05	1.072088e+05	5.812665e+04	5.551717e+04	9.999000e+03	3.647761e+01	2020	9	16	18
	358	453	-90.500000	23.375000	9.775966e+04	2.645891e+01	1.084336e+05	1.070798e+05	5.801301e+04	5.542458e+04	3.033148e+02	3.213741e+01	2020	9	17	0
	352	454	-92.000000	23.625000	9.785311e+04	2.827499e+01	1.085347e+05	1.073181e+05	5.807374e+04	5.565870e+04	3.034146e+02	4.137033e+01	2020	9	17	6
	347	455	-93.250000	23.875000	9.777357e+04	2.830019e+01	1.084676e+05	1.072922e+05	5.803108e+04	5.568545e+04	3.034672e+02	4.234776e+01	2020	9	17	12
	341	454	-94.750000	23.625000	9.774665e+04	2.989874e+01	1.085199e+05	1.074635e+05	5.809191e+04	5.575711e+04	3.035254e+02	4.114751e+01	2020	9	17	18
	337	454	-95.750000	23.625000	9.724761e+04	2.960297e+01	1.083894e+05	1.072406e+05	5.798342e+04	5.542962e+04	9.999000e+03	4.434536e+01	2020	9	18	0
	334	454	-96.500000	23.625000	9.721943e+04	3.276435e+01	1.084159e+05	1.071328e+05	5.798612e+04	5.542130e+04	9.999000e+03	5.669918e+01	2020	9	18	6
	331	454	-97.250000	23.625000	9.710241e+04	3.464357e+01	1.082398e+05	1.071450e+05	5.786706e+04	5.548104e+04	9.999000e+03	5.447528e+01	2020	9	18	12
	325	453	-98.750000	23.375000	9.830511e+04	2.219178e+01	1.083485e+05	1.075783e+05	5.797582e+04	5.600892e+04	9.999000e+03	4.602852e+01	2020	9	18	18
	323	450	-99.250000	22.625000	9.973205e+04	1.930607e+01	1.081793e+05	1.076710e+05	5.774142e+04	5.645818e+04	9.999000e+03	3.736687e+01	2020	9	19	0
start	10	2020	9	12	0
	596	407	-31.000000	11.875000	1.010394e+05	1.301400e+01	1.078914e+05	1.076716e+05	5.799608e+04	5.759739e+04	3.023304e+02	1.939311e+01	2020	9	12	0
	588	407	-33.000000	11.875000	1.007497e+05	1.434693e+01	1.076147e+05	1.073830e+05	5.771055e+04	5.729312e+04	3.022063e+02	1.880883e+01	2020	9	12	6
	582	408	-34.500000	12.125000	1.009281e+05	1.518533e+01	1.077973e+05	1.075532e+05	5.792343e+04	5.743371e+04	3.020682e+02	1.641865e+01	2020	9	12	12
	576	406	-36.000000	11.625000	1.006234e+05	1.556042e+01	1.076076e+05	1.073094e+05	5.765574e+04	5.721086e+04	3.029076e+02	1.831117e+01	2020	9	12	18
	571	409	-37.250000	12.375000	1.008245e+05	1.590284e+01	1.077843e+05	1.074368e+05	5.787365e+04	5.741388e+04	3.021637e+02	2.100242e+01	2020	9	13	0
	565	410	-38.750000	12.625000	1.004971e+05	1.689055e+01	1.075564e+05	1.071927e+05	5.760896e+04	5.720040e+04	3.020492e+02	2.413409e+01	2020	9	13	6
	557	411	-40.750000	12.875000	1.006578e+05	1.732353e+01	1.078060e+05	1.074298e+05	5.778918e+04	5.738543e+04	3.019463e+02	1.679908e+01	2020	9	13	12
	551	413	-42.250000	13.375000	1.004552e+05	1.667207e+01	1.076972e+05	1.072959e+05	5.763780e+04	5.727429e+04	3.025149e+02	1.692897e+01	2020	9	13	18
	544	417	-44.000000	14.375000	1.006310e+05	1.915146e+01	1.079223e+05	1.074271e+05	5.785270e+04	5.743645e+04	3.015703e+02	2.293562e+01	2020	9	14	0
	537	418	-45.750000	14.625000	1.004372e+05	1.726878e+01	1.076918e+05	1.071774e+05	5.764169e+04	5.736223e+04	3.015721e+02	1.616935e+01	2020	9	14	6
start	37	2020	9	18	18
	1253	428	133.250000	17.125000	1.000197e+05	1.377287e+01	1.082081e+05	1.078764e+05	5.768020e+04	5.710162e+04	3.023938e+02	2.801668e+01	2020	9	18	18
	1247	431	131.750000	17.875000	1.001468e+05	1.491700e+01	1.084532e+05	1.080339e+05	5.789092e+04	5.726340e+04	3.024654e+02	2.743882e+01	2020	9	19	0
	1244	431	131.000000	17.875000	9.983364e+04	1.438768e+01	1.082713e+05	1.078707e+05	5.764458e+04	5.699154e+04	3.027944e+02	3.506592e+01	2020	9	19	6
	1242	432	130.500000	18.125000	9.997527e+04	1.487864e+01	1.084542e+05	1.080962e+05	5.779369e+04	5.717932e+04	3.024633e+02	3.621756e+01	2020	9	19	12
	1239	436	129.750000	19.125000	9.970296e+04	1.629338e+01	1.082987e+05	1.079098e+05	5.772095e+04	5.696802e+04	3.024132e+02	3.216961e+01	2020	9	19	18
	1233	437	128.250000	19.375000	9.988576e+04	1.689673e+01	1.084499e+05	1.080635e+05	5.786469e+04	5.719130e+04	3.026057e+02	3.041463e+01	2020	9	20	0
	1231	437	127.750000	19.375000	9.961704e+04	1.439307e+01	1.083424e+05	1.079635e+05	5.769727e+04	5.702375e+04	3.030012e+02	3.740170e+01	2020	9	20	6
	1230	441	127.500000	20.375000	9.972259e+04	1.610441e+01	1.085235e+05	1.081473e+05	5.781901e+04	5.708927e+04	3.026045e+02	4.025800e+01	2020	9	20	12
	1225	442	126.250000	20.625000	9.946540e+04	1.773768e+01	1.083389e+05	1.079880e+05	5.769730e+04	5.684648e+04	3.027035e+02	3.354066e+01	2020	9	20	18
	1223	443	125.750000	20.875000	9.953388e+04	1.587802e+01	1.084511e+05	1.080790e+05	5.773288e+04	5.703481e+04	3.027469e+02	3.565520e+01	2020	9	21	0
	1222	444	125.500000	21.125000	9.921740e+04	1.781528e+01	1.083483e+05	1.079153e+05	5.754371e+04	5.676290e+04	3.032507e+02	4.302135e+01	2020	9	21	6
	1220	446	125.000000	21.625000	9.920477e+04	1.863261e+01	1.084456e+05	1.079496e+05	5.761630e+04	5.676475e+04	3.027737e+02	4.027859e+01	2020	9	21	12
	1218	447	124.500000	21.875000	9.897971e+04	1.813741e+01	1.082959e+05	1.076598e+05	5.748662e+04	5.652398e+04	3.027339e+02	3.598325e+01	2020	9	21	18
	1218	447	124.500000	21.875000	9.891552e+04	2.247568e+01	1.084252e+05	1.077748e+05	5.749959e+04	5.655445e+04	3.026694e+02	3.932796e+01	2020	9	22	0
	1217	450	124.250000	22.625000	9.865953e+04	2.301309e+01	1.082625e+05	1.077320e+05	5.732673e+04	5.642990e+04	3.027279e+02	3.809546e+01	2020	9	22	6
	1216	452	124.000000	23.125000	9.878035e+04	2.113525e+01	1.083691e+05	1.078577e+05	5.751122e+04	5.657787e+04	3.026324e+02	3.232782e+01	2020	9	22	12
	1213	454	123.250000	23.625000	9.877047e+04	1.906326e+01	1.082436e+05	1.078038e+05	5.741636e+04	5.656491e+04	9.999000e+03	2.810415e+01	2020	9	22	18
	1212	454	123.000000	23.625000	9.887798e+04	1.829331e+01	1.083325e+05	1.078833e+05	5.756710e+04	5.666186e+04	9.999000e+03	3.545783e+01	2020	9	23	0
	1210	453	122.500000	23.375000	9.877247e+04	1.877787e+01	1.082286e+05	1.078999e+05	5.742602e+04	5.654383e+04	9.999000e+03	3.711231e+01	2020	9	23	6
	1210	452	122.500000	23.125000	9.888234e+04	1.979817e+01	1.084829e+05	1.080668e+05	5.763689e+04	5.660171e+04	9.999000e+03	2.962088e+01	2020	9	23	12
	1211	453	122.750000	23.375000	9.895601e+04	1.928158e+01	1.083879e+05	1.079356e+05	5.761040e+04	5.653593e+04	9.999000e+03	2.908233e+01	2020	9	23	18
	1210	459	122.500000	24.875000	9.921355e+04	1.965904e+01	1.085900e+05	1.081128e+05	5.781112e+04	5.675625e+04	9.999000e+03	3.055482e+01	2020	9	24	0
	1206	461	121.500000	25.375000	9.916757e+04	1.989607e+01	1.085039e+05	1.081324e+05	5.764535e+04	5.671364e+04	9.999000e+03	3.774987e+01	2020	9	24	6
	1205	462	121.250000	25.625000	9.929208e+04	2.106965e+01	1.086241e+05	1.082009e+05	5.782042e+04	5.675744e+04	9.999000e+03	3.189367e+01	2020	9	24	12
	1203	464	120.750000	26.125000	9.920342e+04	1.949921e+01	1.085320e+05	1.080855e+05	5.777659e+04	5.664680e+04	9.999000e+03	2.703800e+01	2020	9	24	18
	1201	466	120.250000	26.625000	9.941687e+04	1.696943e+01	1.086071e+05	1.081545e+05	5.783611e+04	5.683153e+04	9.999000e+03	2.975937e+01	2020	9	25	0
	1201	467	120.250000	26.875000	9.951366e+04	1.710866e+01	1.085344e+05	1.080990e+05	5.765314e+04	5.683564e+04	9.999000e+03	3.031617e+01	2020	9	25	6
	1203	468	120.750000	27.125000	9.979356e+04	1.616458e+01	1.086666e+05	1.081198e+05	5.786741e+04	5.714361e+04	9.999000e+03	2.735141e+01	2020	9	25	12
	1204	470	121.000000	27.625000	9.979138e+04	1.536763e+01	1.085926e+05	1.079078e+05	5.769040e+04	5.713884e+04	9.999000e+03	2.962501e+01	2020	9	25	18
	1204	471	121.000000	27.875000	1.000343e+05	1.508329e+01	1.086098e+05	1.079322e+05	5.776193e+04	5.727192e+04	9.999000e+03	2.304230e+01	2020	9	26	0
	1204	471	121.000000	27.875000	9.998295e+04	1.132262e+01	1.084735e+05	1.077614e+05	5.769110e+04	5.721344e+04	9.999000e+03	1.487046e+01	2020	9	26	6
	1207	469	121.750000	27.375000	1.002254e+05	1.200353e+01	1.085985e+05	1.079387e+05	5.787636e+04	5.745177e+04	9.999000e+03	1.197890e+01	2020	9	26	12
	1210	469	122.500000	27.375000	1.001959e+05	1.683833e+01	1.084786e+05	1.077995e+05	5.773686e+04	5.732583e+04	9.999000e+03	9.989695e+00	2020	9	26	18
	1212	469	123.000000	27.375000	1.003722e+05	1.861076e+01	1.085378e+05	1.077324e+05	5.787279e+04	5.732878e+04	9.999000e+03	9.325358e+00	2020	9	27	0
	1214	468	123.500000	27.125000	1.001805e+05	1.883373e+01	1.083346e+05	1.076551e+05	5.771971e+04	5.720721e+04	3.021186e+02	7.721056e+00	2020	9	27	6
	1217	465	124.250000	26.375000	1.003704e+05	1.752176e+01	1.084434e+05	1.080195e+05	5.787633e+04	5.745353e+04	3.021962e+02	6.178308e+00	2020	9	27	12
	1219	463	124.750000	25.875000	1.002862e+05	1.535663e+01	1.082447e+05	1.079308e+05	5.771168e+04	5.740258e+04	3.023345e+02	4.327598e+00	2020	9	27	18
start	20	2020	9	25	18
	272	421	-112.000000	15.375000	1.003634e+05	1.207169e+01	1.084862e+05	1.080933e+05	5.784720e+04	5.726391e+04	3.038638e+02	4.382223e+01	2020	9	25	18
	264	416	-114.000000	14.125000	9.998909e+04	1.505023e+01	1.082012e+05	1.077827e+05	5.748134e+04	5.699537e+04	3.041512e+02	3.756399e+01	2020	9	26	0
	263	423	-114.250000	15.875000	1.001344e+05	1.506570e+01	1.083567e+05	1.079462e+05	5.776391e+04	5.714447e+04	3.035752e+02	4.111178e+01	2020	9	26	6
	263	421	-114.250000	15.375000	9.980468e+04	1.796227e+01	1.080798e+05	1.076179e+05	5.744853e+04	5.682429e+04	3.035177e+02	4.493247e+01	2020	9	26	12
	259	425	-115.250000	16.375000	9.995220e+04	1.894865e+01	1.082663e+05	1.078632e+05	5.764326e+04	5.697440e+04	3.031808e+02	3.636262e+01	2020	9	26	18
	255	427	-116.250000	16.875000	9.954633e+04	1.893602e+01	1.080648e+05	1.076423e+05	5.741368e+04	5.663682e+04	3.029086e+02	3.537562e+01	2020	9	27	0
	256	426	-116.000000	16.625000	9.971386e+04	1.888543e+01	1.081878e+05	1.077921e+05	5.763020e+04	5.680182e+04	3.027539e+02	3.626368e+01	2020	9	27	6
	256	435	-116.000000	18.875000	9.943092e+04	1.913633e+01	1.079605e+05	1.075297e+05	5.743926e+04	5.657419e+04	3.023676e+02	2.358727e+01	2020	9	27	12
	251	438	-117.250000	19.625000	9.972911e+04	2.003907e+01	1.082084e+05	1.078544e+05	5.767470e+04	5.684752e+04	3.019327e+02	1.879927e+01	2020	9	27	18
	247	436	-118.250000	19.125000	9.950125e+04	2.081943e+01	1.080938e+05	1.076412e+05	5.745401e+04	5.665266e+04	3.020510e+02	1.536642e+01	2020	9	28	0
	249	441	-117.750000	20.375000	9.980678e+04	2.052785e+01	1.083134e+05	1.079011e+05	5.779767e+04	5.693967e+04	3.016265e+02	1.101167e+01	2020	9	28	6
	246	445	-118.500000	21.375000	9.968656e+04	1.890923e+01	1.081255e+05	1.077695e+05	5.768953e+04	5.683724e+04	3.013968e+02	6.214398e+00	2020	9	28	12
	244	449	-119.000000	22.375000	1.001075e+05	1.696579e+01	1.084443e+05	1.081047e+05	5.795911e+04	5.715677e+04	3.009241e+02	4.356182e+00	2020	9	28	18
	239	452	-120.250000	23.125000	9.996501e+04	1.429835e+01	1.082481e+05	1.078978e+05	5.782628e+04	5.701704e+04	3.005987e+02	5.524018e+00	2020	9	29	0
	236	456	-121.000000	24.125000	1.002919e+05	1.399195e+01	1.084386e+05	1.079330e+05	5.805668e+04	5.722050e+04	2.992618e+02	4.598131e+00	2020	9	29	6
	234	459	-121.500000	24.875000	1.002276e+05	1.475530e+01	1.082222e+05	1.077096e+05	5.791811e+04	5.712975e+04	2.990328e+02	4.493907e+00	2020	9	29	12
	232	461	-122.000000	25.375000	1.005234e+05	1.449254e+01	1.085162e+05	1.079131e+05	5.816279e+04	5.745825e+04	2.987416e+02	2.854947e+00	2020	9	29	18
	227	462	-123.250000	25.625000	1.003875e+05	1.395218e+01	1.083096e+05	1.076440e+05	5.797315e+04	5.739873e+04	2.982458e+02	3.822770e+00	2020	9	30	0
	224	463	-124.000000	25.875000	1.006694e+05	1.366757e+01	1.084220e+05	1.076339e+05	5.808945e+04	5.767766e+04	2.980068e+02	2.191324e+00	2020	9	30	6
	222	463	-124.500000	25.875000	1.005907e+05	1.244604e+01	1.081572e+05	1.073643e+05	5.789330e+04	5.759480e+04	2.978479e+02	1.241849e+00	2020	9	30	12
start	41	2020	9	26	12
	1303	441	145.750000	20.375000	1.003282e+05	1.039379e+01	1.086696e+05	1.082703e+05	5.806598e+04	5.742707e+04	3.028340e+02	2.509444e+01	2020	9	26	12
	1302	440	145.500000	20.125000	1.001224e+05	1.204401e+01	1.085240e+05	1.079866e+05	5.788130e+04	5.719377e+04	3.026398e+02	2.070720e+01	2020	9	26	18
	1294	444	143.500000	21.125000	1.002112e+05	1.361867e+01	1.087101e+05	1.082181e+05	5.808292e+04	5.731091e+04	3.024468e+02	8.297159e+00	2020	9	27	0
	1290	444	142.500000	21.125000	9.995771e+04	1.141650e+01	1.085003e+05	1.080230e+05	5.786427e+04	5.707359e+04	3.025921e+02	1.860204e+01	2020	9	27	6
	1288	444	142.000000	21.125000	1.001286e+05	1.294795e+01	1.086400e+05	1.082192e+05	5.792957e+04	5.721268e+04	3.024583e+02	2.656051e+01	2020	9	27	12
	1283	445	140.750000	21.375000	9.981109e+04	1.189071e+01	1.084448e+05	1.080083e+05	5.768657e+04	5.690105e+04	3.024688e+02	1.850216e+01	2020	9	27	18
	1280	446	140.000000	21.625000	9.988403e+04	1.310370e+01	1.085837e+05	1.081129e+05	5.783279e+04	5.700738e+04	3.024645e+02	1.727715e+01	2020	9	28	0
	1277	449	139.250000	22.375000	9.953442e+04	1.303224e+01	1.084189e+05	1.078821e+05	5.767894e+04	5.670857e+04	3.025740e+02	2.021459e+01	2020	9	28	6
	1272	449	138.000000	22.375000	9.957202e+04	1.387378e+01	1.084754e+05	1.079717e+05	5.770364e+04	5.671237e+04	3.025174e+02	2.181062e+01	2020	9	28	12
	1270	451	137.500000	22.875000	9.921829e+04	1.453043e+01	1.083182e+05	1.078013e+05	5.752814e+04	5.646185e+04	3.024753e+02	1.861629e+01	2020	9	28	18
	1266	452	136.500000	23.125000	9.929977e+04	1.563425e+01	1.084555e+05	1.079656e+05	5.766442e+04	5.662118e+04	3.024637e+02	1.882250e+01	2020	9	29	0
	1263	452	135.750000	23.125000	9.892143e+04	1.598945e+01	1.083164e+05	1.077613e+05	5.744302e+04	5.637269e+04	3.025010e+02	1.899345e+01	2020	9	29	6
	1260	453	135.000000	23.375000	9.894608e+04	1.736491e+01	1.083691e+05	1.077469e+05	5.753355e+04	5.640619e+04	3.024299e+02	1.767310e+01	2020	9	29	12
	1257	454	134.250000	23.625000	9.862489e+04	1.855314e+01	1.081537e+05	1.075886e+05	5.737677e+04	5.614525e+04	3.023859e+02	1.601564e+01	2020	9	29	18
	1254	455	133.500000	23.875000	9.876075e+04	1.910860e+01	1.082968e+05	1.076669e+05	5.750380e+04	5.613676e+04	3.023665e+02	1.899767e+01	2020	9	30	0
	1253	455	133.250000	23.875000	9.829436e+04	2.194899e+01	1.080798e+05	1.073169e+05	5.733173e+04	5.571516e+04	3.023664e+02	1.929120e+01	2020	9	30	6
	1250	455	132.500000	23.875000	9.837241e+04	2.117660e+01	1.080643e+05	1.073178e+05	5.749807e+04	5.576649e+04	3.022880e+02	1.717246e+01	2020	9	30	12
	1247	454	131.750000	23.625000	9.821171e+04	2.213707e+01	1.078882e+05	1.073331e+05	5.734114e+04	5.568770e+04	3.022895e+02	2.178585e+01	2020	9	30	18
	1245	454	131.250000	23.625000	9.829741e+04	2.425447e+01	1.080405e+05	1.074628e+05	5.747747e+04	5.575887e+04	3.021898e+02	2.280932e+01	2020	10	1	0
	1242	454	130.500000	23.625000	9.796749e+04	2.472143e+01	1.080042e+05	1.071367e+05	5.737932e+04	5.547108e+04	3.023115e+02	2.105979e+01	2020	10	1	6
	1239	452	129.750000	23.125000	9.799415e+04	2.488174e+01	1.081505e+05	1.071824e+05	5.752612e+04	5.552857e+04	3.023746e+02	1.895359e+01	2020	10	1	12
	1235	451	128.750000	22.875000	9.775159e+04	2.525607e+01	1.080842e+05	1.070557e+05	5.741095e+04	5.550439e+04	3.023735e+02	1.918241e+01	2020	10	1	18
	1230	450	127.500000	22.625000	9.778920e+04	2.506414e+01	1.082540e+05	1.072032e+05	5.758016e+04	5.562709e+04	3.022475e+02	2.267693e+01	2020	10	2	0
	1225	450	126.250000	22.625000	9.730657e+04	2.682765e+01	1.082128e+05	1.069471e+05	5.750289e+04	5.517124e+04	3.022244e+02	2.122702e+01	2020	10	2	6
	1219	449	124.750000	22.375000	9.735254e+04	3.127488e+01	1.084283e+05	1.071258e+05	5.770066e+04	5.528395e+04	3.022501e+02	2.044567e+01	2020	10	2	12
	1214	448	123.500000	22.125000	9.738075e+04	2.633099e+01	1.083216e+05	1.071317e+05	5.757132e+04	5.540464e+04	3.022813e+02	2.506701e+01	2020	10	2	18
	1210	449	122.500000	22.375000	9.770162e+04	3.090869e+01	1.083630e+05	1.074864e+05	5.772902e+04	5.572627e+04	9.999000e+03	3.260717e+01	2020	10	3	0
	1201	454	120.250000	23.625000	9.830069e+04	2.599486e+01	1.082591e+05	1.075813e+05	5.766807e+04	5.596693e+04	9.999000e+03	2.491070e+01	2020	10	3	6
	1200	450	120.000000	22.625000	9.881041e+04	2.455969e+01	1.082691e+05	1.077499e+05	5.772407e+04	5.633403e+04	9.999000e+03	2.625329e+01	2020	10	3	12
	1195	451	118.750000	22.875000	9.868095e+04	2.385815e+01	1.081180e+05	1.076870e+05	5.761629e+04	5.628094e+04	9.999000e+03	3.604847e+01	2020	10	3	18
	1192	452	118.000000	23.125000	9.873261e+04	2.398828e+01	1.082029e+05	1.077771e+05	5.765407e+04	5.637315e+04	9.999000e+03	3.335025e+01	2020	10	4	0
	1188	451	117.000000	22.875000	9.879940e+04	2.145486e+01	1.081304e+05	1.078108e+05	5.749391e+04	5.641559e+04	9.999000e+03	2.625004e+01	2020	10	4	6
	1185	449	116.250000	22.375000	9.933990e+04	1.812521e+01	1.082204e+05	1.079816e+05	5.762561e+04	5.675402e+04	9.999000e+03	1.882891e+01	2020	10	4	12
	1180	447	115.000000	21.875000	9.974858e+04	1.913837e+01	1.081060e+05	1.079561e+05	5.757147e+04	5.687263e+04	9.999000e+03	1.597692e+01	2020	10	4	18
	1178	445	114.500000	21.375000	1.001487e+05	1.904657e+01	1.081931e+05	1.080298e+05	5.765712e+04	5.705963e+04	9.999000e+03	1.251119e+01	2020	10	5	0
	1175	445	113.750000	21.375000	1.001518e+05	1.728608e+01	1.081597e+05	1.079667e+05	5.760133e+04	5.704586e+04	9.999000e+03	7.627182e+00	2020	10	5	6
	1173	444	113.250000	21.125000	1.004582e+05	1.676905e+01	1.082833e+05	1.080938e+05	5.769872e+04	5.725638e+04	9.999000e+03	6.545738e+00	2020	10	5	12
	1169	443	112.250000	20.875000	1.005472e+05	1.759340e+01	1.081483e+05	1.079369e+05	5.766858e+04	5.731002e+04	9.999000e+03	7.427410e+00	2020	10	5	18
	1167	442	111.750000	20.625000	1.008038e+05	1.600587e+01	1.082556e+05	1.080655e+05	5.783748e+04	5.750789e+04	9.999000e+03	5.107848e+00	2020	10	6	0
	1166	441	111.500000	20.375000	1.007629e+05	1.473876e+01	1.081949e+05	1.079816e+05	5.780244e+04	5.748652e+04	9.999000e+03	4.449091e+00	2020	10	6	6
	1164	441	111.000000	20.375000	1.009774e+05	1.548808e+01	1.083442e+05	1.081174e+05	5.791097e+04	5.763491e+04	9.999000e+03	5.199656e+00	2020	10	6	12
start	38	2020	9	28	18
	311	407	-102.250000	11.875000	1.009171e+05	1.349742e+01	1.082953e+05	1.080275e+05	5.796899e+04	5.759459e+04	3.032524e+02	1.738683e+01	2020	9	28	18
	307	408	-103.250000	12.125000	1.006411e+05	1.129926e+01	1.081300e+05	1.078550e+05	5.780200e+04	5.736616e+04	3.033691e+02	1.229799e+01	2020	9	29	0
	300	408	-105.000000	12.125000	1.008382e+05	1.200602e+01	1.083076e+05	1.080489e+05	5.798848e+04	5.747201e+04	3.033613e+02	2.331894e+01	2020	9	29	6
	294	409	-106.500000	12.375000	1.005222e+05	1.279110e+01	1.081203e+05	1.078407e+05	5.780723e+04	5.711455e+04	3.032580e+02	2.254798e+01	2020	9	29	12
	289	410	-107.750000	12.625000	1.006559e+05	1.330517e+01	1.083896e+05	1.081258e+05	5.806616e+04	5.733587e+04	3.032314e+02	2.020852e+01	2020	9	29	18
	283	411	-109.250000	12.875000	1.002342e+05	1.399535e+01	1.081839e+05	1.078278e+05	5.780769e+04	5.701636e+04	3.029055e+02	1.709336e+01	2020	9	30	0
	276	410	-111.000000	12.625000	1.003783e+05	1.557446e+01	1.083245e+05	1.080382e+05	5.796512e+04	5.721682e+04	3.029469e+02	2.525307e+01	2020	9	30	6
	270	410	-112.500000	12.625000	9.998979e+04	1.633327e+01	1.081245e+05	1.076372e+05	5.771935e+04	5.689939e+04	3.028920e+02	2.747064e+01	2020	9	30	12
	264	409	-114.000000	12.375000	1.002461e+05	1.740237e+01	1.083242e+05	1.078405e+05	5.795170e+04	5.707882e+04	3.028725e+02	2.361761e+01	2020	9	30	18
	259	409	-115.250000	12.375000	9.986746e+04	1.701435e+01	1.081306e+05	1.075377e+05	5.773797e+04	5.677246e+04	3.027116e+02	1.649084e+01	2020	10	1	0
	253	410	-116.750000	12.625000	1.000690e+05	1.826083e+01	1.082755e+05	1.077194e+05	5.795004e+04	5.697082e+04	3.028215e+02	2.655787e+01	2020	10	1	6
	248	411	-118.000000	12.875000	9.964998e+04	1.912800e+01	1.080985e+05	1.074345e+05	5.771245e+04	5.662166e+04	3.028191e+02	3.107479e+01	2020	10	1	12
	243	411	-119.250000	12.875000	9.979941e+04	1.992430e+01	1.083222e+05	1.075749e+05	5.793344e+04	5.670473e+04	3.028779e+02	3.601227e+01	2020	10	1	18
	238	412	-120.500000	13.125000	9.940597e+04	2.010564e+01	1.080794e+05	1.072983e+05	5.768623e+04	5.640455e+04	3.028642e+02	3.133833e+01	2020	10	2	0
	233	414	-121.750000	13.625000	9.953044e+04	2.116134e+01	1.082672e+05	1.076137e+05	5.789736e+04	5.651636e+04	3.027865e+02	3.390702e+01	2020	10	2	6
	227	416	-123.250000	14.125000	9.904217e+04	2.176886e+01	1.079936e+05	1.074114e+05	5.766086e+04	5.621279e+04	3.026705e+02	3.413552e+01	2020	10	2	12
	223	417	-124.250000	14.375000	9.925739e+04	2.289650e+01	1.082567e+05	1.076318e+05	5.787498e+04	5.635114e+04	3.025590e+02	3.460241e+01	2020	10	2	18
	218	419	-125.500000	14.875000	9.867073e+04	2.364923e+01	1.080609e+05	1.073169e+05	5.765569e+04	5.592793e+04	3.025036e+02	3.539901e+01	2020	10	3	0
	213	421	-126.750000	15.375000	9.882053e+04	2.555492e+01	1.082890e+05	1.073638e+05	5.788193e+04	5.602839e+04	3.024271e+02	3.700302e+01	2020	10	3	6
	209	423	-127.750000	15.875000	9.856855e+04	2.401642e+01	1.080226e+05	1.071403e+05	5.766878e+04	5.589639e+04	3.022174e+02	2.786563e+01	2020	10	3	12
	206	425	-128.500000	16.375000	9.894916e+04	2.426043e+01	1.082543e+05	1.075231e+05	5.787803e+04	5.629830e+04	3.018897e+02	2.459472e+01	2020	10	3	18
	203	426	-129.250000	16.625000	9.880194e+04	2.510005e+01	1.080401e+05	1.074041e+05	5.763291e+04	5.609945e+04	3.016160e+02	2.845382e+01	2020	10	4	0
	200	430	-130.000000	17.625000	9.890472e+04	2.674131e+01	1.082581e+05	1.076567e+05	5.791283e+04	5.636849e+04	3.013256e+02	2.839491e+01	2020	10	4	6
	198	432	-130.500000	18.125000	9.859987e+04	2.562813e+01	1.080329e+05	1.073685e+05	5.767111e+04	5.616475e+04	3.012407e+02	2.411108e+01	2020	10	4	12
	195	435	-131.250000	18.875000	9.911610e+04	2.526755e+01	1.082270e+05	1.076311e+05	5.786932e+04	5.648247e+04	3.005641e+02	2.451720e+01	2020	10	4	18
	192	436	-132.000000	19.125000	9.858395e+04	2.706030e+01	1.080670e+05	1.075487e+05	5.772666e+04	5.643665e+04	3.005385e+02	1.960036e+01	2020	10	5	0
	190	437	-132.500000	19.375000	9.909413e+04	2.337628e+01	1.081673e+05	1.077199e+05	5.794899e+04	5.665014e+04	3.004368e+02	1.593220e+01	2020	10	5	6
	186	439	-133.500000	19.875000	9.897309e+04	2.511625e+01	1.079553e+05	1.075910e+05	5.775538e+04	5.660543e+04	3.003213e+02	1.603349e+01	2020	10	5	12
	182	439	-134.500000	19.875000	9.922442e+04	2.393982e+01	1.081542e+05	1.077552e+05	5.787455e+04	5.677484e+04	3.002638e+02	1.132644e+01	2020	10	5	18
	180	440	-135.000000	20.125000	9.919034e+04	2.201688e+01	1.078943e+05	1.074691e+05	5.764432e+04	5.656614e+04	2.999646e+02	7.972751e+00	2020	10	6	0
	177	440	-135.750000	20.125000	9.953893e+04	2.092626e+01	1.080322e+05	1.075347e+05	5.774725e+04	5.687038e+04	2.996709e+02	1.003821e+01	2020	10	6	6
	177	441	-135.750000	20.375000	9.943661e+04	2.090585e+01	1.077927e+05	1.072249e+05	5.747369e+04	5.673308e+04	2.994336e+02	1.276734e+01	2020	10	6	12
	175	443	-136.250000	20.875000	9.971546e+04	1.844458e+01	1.079946e+05	1.073117e+05	5.763879e+04	5.694595e+04	2.992253e+02	1.260998e+01	2020	10	6	18
	173	444	-136.750000	21.125000	9.952188e+04	1.909721e+01	1.077973e+05	1.071710e+05	5.743552e+04	5.670125e+04	2.991299e+02	1.408416e+01	2020	10	7	0
	173	446	-136.750000	21.625000	9.976407e+04	1.898420e+01	1.079975e+05	1.072894e+05	5.764437e+04	5.684191e+04	2.989142e+02	8.431565e+00	2020	10	7	6
	173	448	-136.750000	22.125000	9.976559e+04	1.804496e+01	1.077544e+05	1.069648e+05	5.750075e+04	5.677303e+04	2.983020e+02	7.164697e+00	2020	10	7	12
	173	449	-136.750000	22.375000	1.001070e+05	1.644078e+01	1.079925e+05	1.070397e+05	5.774223e+04	5.708149e+04	2.980416e+02	8.924812e+00	2020	10	7	18
	175	450	-136.250000	22.625000	1.000245e+05	1.557472e+01	1.078550e+05	1.068298e+05	5.754409e+04	5.697244e+04	2.980684e+02	1.164405e+01	2020	10	8	0
start	26	2020	10	10	12
	318	411	-100.500000	12.875000	1.005329e+05	1.155703e+01	1.080934e+05	1.078255e+05	5.768153e+04	5.730834e+04	3.036754e+02	2.752022e+01	2020	10	10	12
	317	411	-100.750000	12.875000	1.007168e+05	1.148380e+01	1.083253e+05	1.079958e+05	5.784807e+04	5.744343e+04	3.035451e+02	2.666320e+01	2020	10	10	18
	314	411	-101.500000	12.875000	1.004504e+05	1.103307e+01	1.082024e+05	1.078500e+05	5.769464e+04	5.719041e+04	3.034799e+02	2.896357e+01	2020	10	11	0
	313	414	-101.750000	13.625000	1.005837e+05	1.332667e+01	1.082776e+05	1.080319e+05	5.784267e+04	5.723295e+04	3.034648e+02	4.008423e+01	2020	10	11	6
	308	419	-103.000000	14.875000	1.002509e+05	1.520306e+01	1.081350e+05	1.077968e+05	5.768375e+04	5.698135e+04	3.037161e+02	3.913870e+01	2020	10	11	12
	304	418	-104.000000	14.625000	1.002733e+05	1.554855e+01	1.082531e+05	1.079772e+05	5.783093e+04	5.707691e+04	3.036707e+02	4.220772e+01	2020	10	11	18
	299	420	-105.250000	15.125000	9.994752e+04	1.547192e+01	1.081038e+05	1.077474e+05	5.770168e+04	5.678140e+04	3.037961e+02	4.171079e+01	2020	10	12	0
	297	421	-105.750000	15.375000	9.994638e+04	1.668695e+01	1.082371e+05	1.078173e+05	5.779554e+04	5.682118e+04	3.037130e+02	4.290041e+01	2020	10	12	6
	294	423	-106.500000	15.875000	9.961081e+04	1.788596e+01	1.080891e+05	1.076027e+05	5.768255e+04	5.660856e+04	3.035693e+02	4.680589e+01	2020	10	12	12
	291	423	-107.250000	15.875000	9.964166e+04	1.939879e+01	1.082918e+05	1.077605e+05	5.782839e+04	5.672267e+04	3.034010e+02	4.314983e+01	2020	10	12	18
	289	423	-107.750000	15.875000	9.941112e+04	1.990579e+01	1.081291e+05	1.075248e+05	5.768839e+04	5.651918e+04	3.031774e+02	4.451248e+01	2020	10	13	0
	287	423	-108.250000	15.875000	9.946662e+04	2.191312e+01	1.082781e+05	1.076297e+05	5.785579e+04	5.644864e+04	3.029934e+02	4.878466e+01	2020	10	13	6
	284	422	-109.000000	15.625000	9.910825e+04	2.310335e+01	1.080927e+05	1.072911e+05	5.770053e+04	5.610041e+04	3.028736e+02	4.692469e+01	2020	10	13	12
	283	421	-109.250000	15.375000	9.914288e+04	2.460921e+01	1.083048e+05	1.075235e+05	5.786363e+04	5.620320e+04	3.027784e+02	4.600926e+01	2020	10	13	18
	282	422	-109.500000	15.625000	9.881006e+04	2.255484e+01	1.080661e+05	1.070947e+05	5.764266e+04	5.593646e+04	3.026841e+02	3.775840e+01	2020	10	14	0
	281	424	-109.750000	16.125000	9.890948e+04	2.391415e+01	1.081949e+05	1.073275e+05	5.780584e+04	5.614073e+04	3.025982e+02	3.600464e+01	2020	10	14	6
	281	426	-109.750000	16.625000	9.865584e+04	2.643257e+01	1.079851e+05	1.071512e+05	5.764579e+04	5.602434e+04	3.024320e+02	3.556508e+01	2020	10	14	12
	279	427	-110.250000	16.875000	9.870669e+04	2.592734e+01	1.081739e+05	1.072973e+05	5.781102e+04	5.600305e+04	3.022984e+02	3.855061e+01	2020	10	14	18
	279	430	-110.250000	17.625000	9.809729e+04	2.691489e+01	1.078996e+05	1.068568e+05	5.754434e+04	5.548954e+04	3.022887e+02	3.282993e+01	2020	10	15	0
	280	432	-110.000000	18.125000	9.835995e+04	2.648280e+01	1.080442e+05	1.071133e+05	5.771496e+04	5.581511e+04	3.023980e+02	3.064284e+01	2020	10	15	6
	282	434	-109.500000	18.625000	9.829210e+04	2.751255e+01	1.078360e+05	1.070961e+05	5.750532e+04	5.590670e+04	3.025960e+02	3.119570e+01	2020	10	15	12
	283	436	-109.250000	19.125000	9.852866e+04	2.956980e+01	1.080291e+05	1.072840e+05	5.773061e+04	5.621626e+04	3.030447e+02	3.038704e+01	2020	10	15	18
	286	437	-108.500000	19.375000	9.811942e+04	3.011179e+01	1.078511e+05	1.070094e+05	5.756349e+04	5.608229e+04	3.032294e+02	2.659236e+01	2020	10	16	0
	288	439	-108.000000	19.875000	9.850977e+04	2.617494e+01	1.080460e+05	1.068372e+05	5.773230e+04	5.657484e+04	3.034113e+02	2.576329e+01	2020	10	16	6
	293	443	-106.750000	20.875000	9.886149e+04	2.842776e+01	1.078871e+05	1.065394e+05	5.759757e+04	5.645352e+04	9.999000e+03	3.131154e+01	2020	10	16	12
	298	447	-105.500000	21.875000	9.967634e+04	2.176675e+01	1.081112e+05	1.065772e+05	5.778164e+04	5.684543e+04	9.999000e+03	2.229063e+01	2020	10	16	18
start	24	2020	10	11	18
	1309	437	147.250000	19.375000	9.961034e+04	1.344197e+01	1.080694e+05	1.077778e+05	5.741477e+04	5.680856e+04	3.026195e+02	1.341157e+01	2020	10	11	18
	1305	438	146.250000	19.625000	9.974881e+04	1.394585e+01	1.082240e+05	1.079323e+05	5.756921e+04	5.699062e+04	3.028701e+02	1.063986e+01	2020	10	12	0
	1301	440	145.250000	20.125000	9.949862e+04	1.069226e+01	1.081241e+05	1.077733e+05	5.736761e+04	5.680946e+04	3.031847e+02	1.872033e+01	2020	10	12	6
	1298	440	144.500000	20.125000	9.966173e+04	1.035798e+01	1.082550e+05	1.079168e+05	5.745377e+04	5.694931e+04	3.027565e+02	2.029263e+01	2020	10	12	12
	1297	441	144.250000	20.375000	9.940820e+04	1.017671e+01	1.080221e+05	1.077037e+05	5.724702e+04	5.673805e+04	3.026615e+02	1.483716e+01	2020	10	12	18
	1296	441	144.000000	20.375000	9.960699e+04	1.000689e+01	1.082305e+05	1.079288e+05	5.738851e+04	5.693295e+04	3.026242e+02	1.545330e+01	2020	10	13	0
	1294	442	143.500000	20.625000	9.934736e+04	1.003368e+01	1.080944e+05	1.077411e+05	5.721256e+04	5.672607e+04	3.025486e+02	2.194274e+01	2020	10	13	6
	1294	443	143.500000	20.875000	9.954441e+04	9.985371e+00	1.083140e+05	1.079569e+05	5.746626e+04	5.688262e+04	3.023367e+02	2.290906e+01	2020	10	13	12
	1292	445	143.000000	21.375000	9.931983e+04	1.035298e+01	1.080972e+05	1.077840e+05	5.723320e+04	5.667415e+04	3.022471e+02	1.771138e+01	2020	10	13	18
	1290	444	142.500000	21.125000	9.949456e+04	1.049907e+01	1.082921e+05	1.079395e+05	5.743153e+04	5.681036e+04	3.022422e+02	2.135365e+01	2020	10	14	0
	1289	446	142.250000	21.625000	9.920653e+04	1.162764e+01	1.082146e+05	1.078157e+05	5.720853e+04	5.659700e+04	3.022749e+02	1.910976e+01	2020	10	14	6
	1288	446	142.000000	21.625000	9.935854e+04	1.247999e+01	1.083072e+05	1.079853e+05	5.739043e+04	5.671515e+04	3.022464e+02	2.109912e+01	2020	10	14	12
	1288	448	142.000000	22.125000	9.915229e+04	1.243831e+01	1.081167e+05	1.077545e+05	5.723577e+04	5.657062e+04	3.022163e+02	1.766618e+01	2020	10	14	18
	1288	450	142.000000	22.625000	9.934173e+04	1.317901e+01	1.083590e+05	1.079825e+05	5.745940e+04	5.680626e+04	3.021775e+02	1.983939e+01	2020	10	15	0
	1289	452	142.250000	23.125000	9.909603e+04	1.264723e+01	1.083356e+05	1.077956e+05	5.729410e+04	5.662962e+04	3.023331e+02	2.147168e+01	2020	10	15	6
	1287	454	141.750000	23.625000	9.934952e+04	1.354380e+01	1.084959e+05	1.079178e+05	5.749692e+04	5.686717e+04	3.021755e+02	1.670093e+01	2020	10	15	12
	1288	456	142.000000	24.125000	9.926460e+04	1.371256e+01	1.083539e+05	1.076966e+05	5.746920e+04	5.676723e+04	3.021544e+02	1.395424e+01	2020	10	15	18
	1290	460	142.500000	25.125000	9.962371e+04	1.647913e+01	1.087290e+05	1.078584e+05	5.779892e+04	5.705502e+04	3.021329e+02	1.264560e+01	2020	10	16	0
	1293	463	143.250000	25.875000	9.956167e+04	1.835004e+01	1.087404e+05	1.076692e+05	5.777320e+04	5.693346e+04	3.022102e+02	1.195223e+01	2020	10	16	6
	1296	466	144.000000	26.625000	9.994093e+04	1.962204e+01	1.089072e+05	1.077119e+05	5.799132e+04	5.703442e+04	3.020952e+02	1.213311e+01	2020	10	16	12
	1302	471	145.500000	27.875000	1.000291e+05	1.737964e+01	1.088250e+05	1.075320e+05	5.800635e+04	5.683112e+04	3.014033e+02	1.119761e+01	2020	10	16	18
	1308	479	147.000000	29.875000	1.004352e+05	1.886823e+01	1.090602e+05	1.072663e+05	5.828711e+04	5.667494e+04	3.011173e+02	1.306067e+01	2020	10	17	0
	1315	482	148.750000	30.625000	1.005009e+05	2.039745e+01	1.089934e+05	1.072169e+05	5.824957e+04	5.667091e+04	3.009138e+02	1.189579e+01	2020	10	17	6
	1320	482	150.000000	30.625000	1.009225e+05	1.938099e+01	1.090672e+05	1.073821e+05	5.839236e+04	5.695850e+04	3.005771e+02	6.548122e+00	2020	10	17	12
start	28	2020	10	27	0
	1300	410	145.000000	12.625000	1.003814e+05	1.238523e+01	1.080413e+05	1.078990e+05	5.767641e+04	5.734645e+04	9.999000e+03	2.275566e+01	2020	10	27	0
	1298	407	144.500000	11.875000	1.000263e+05	1.202010e+01	1.078548e+05	1.076586e+05	5.745993e+04	5.710606e+04	9.999000e+03	2.491894e+01	2020	10	27	6
	1298	405	144.500000	11.375000	1.002020e+05	1.005759e+01	1.080718e+05	1.078713e+05	5.758397e+04	5.723982e+04	3.027891e+02	2.972892e+01	2020	10	27	12
	1291	408	142.750000	12.125000	9.997955e+04	1.008067e+01	1.078733e+05	1.076234e+05	5.744925e+04	5.696885e+04	3.025688e+02	3.271545e+01	2020	10	27	18
	1288	412	142.000000	13.125000	1.002215e+05	1.357978e+01	1.081419e+05	1.078359e+05	5.770425e+04	5.716027e+04	3.025682e+02	3.555637e+01	2020	10	28	0
	1286	412	141.500000	13.125000	9.989892e+04	1.429910e+01	1.079463e+05	1.076125e+05	5.748907e+04	5.686586e+04	3.027398e+02	3.681867e+01	2020	10	28	6
	1280	415	140.000000	13.875000	1.000929e+05	1.450540e+01	1.081201e+05	1.078587e+05	5.771350e+04	5.706232e+04	3.025575e+02	3.525832e+01	2020	10	28	12
	1276	416	139.000000	14.125000	9.980329e+04	1.480091e+01	1.079864e+05	1.076183e+05	5.751711e+04	5.683514e+04	3.025464e+02	3.338545e+01	2020	10	28	18
	1275	418	138.750000	14.625000	1.000143e+05	1.570476e+01	1.081450e+05	1.078602e+05	5.770455e+04	5.704265e+04	3.025371e+02	3.068281e+01	2020	10	29	0
	1271	420	137.750000	15.125000	9.967444e+04	1.544192e+01	1.079807e+05	1.077249e+05	5.752666e+04	5.682507e+04	3.026745e+02	3.078553e+01	2020	10	29	6
	1270	421	137.500000	15.375000	9.985501e+04	1.955071e+01	1.082250e+05	1.079163e+05	5.775118e+04	5.699298e+04	3.026580e+02	3.640823e+01	2020	10	29	12
	1265	424	136.250000	16.125000	9.953026e+04	2.191826e+01	1.080350e+05	1.077227e+05	5.756769e+04	5.676234e+04	3.026515e+02	3.795908e+01	2020	10	29	18
	1260	425	135.000000	16.375000	9.963309e+04	2.411609e+01	1.081589e+05	1.078296e+05	5.772628e+04	5.684872e+04	3.026462e+02	3.161386e+01	2020	10	30	0
	1259	423	134.750000	15.875000	9.934993e+04	2.179841e+01	1.079578e+05	1.076144e+05	5.749097e+04	5.660719e+04	3.027429e+02	3.038008e+01	2020	10	30	6
	1255	426	133.750000	16.625000	9.943081e+04	2.385080e+01	1.081515e+05	1.077178e+05	5.771568e+04	5.673157e+04	3.026273e+02	3.198561e+01	2020	10	30	12
	1254	427	133.500000	16.875000	9.917411e+04	2.403116e+01	1.079133e+05	1.074231e+05	5.750953e+04	5.657807e+04	3.025661e+02	2.766216e+01	2020	10	30	18
	1251	427	132.750000	16.875000	9.941420e+04	2.230479e+01	1.081218e+05	1.077118e+05	5.768473e+04	5.685588e+04	3.025260e+02	2.255156e+01	2020	10	31	0
	1248	430	132.000000	17.625000	9.905056e+04	2.370398e+01	1.078653e+05	1.075618e+05	5.748470e+04	5.652098e+04	3.025346e+02	2.036915e+01	2020	10	31	6
	1246	428	131.500000	17.125000	9.923962e+04	2.011734e+01	1.080557e+05	1.077610e+05	5.759221e+04	5.677251e+04	3.024840e+02	1.972123e+01	2020	10	31	12
	1243	430	130.750000	17.625000	9.903453e+04	2.120952e+01	1.078291e+05	1.075723e+05	5.741912e+04	5.655589e+04	3.021836e+02	2.253912e+01	2020	10	31	18
	1243	431	130.750000	17.875000	9.909458e+04	2.361463e+01	1.080128e+05	1.076231e+05	5.755964e+04	5.654063e+04	3.019753e+02	2.035796e+01	2020	11	1	0
	1243	431	130.750000	17.875000	9.876691e+04	2.233171e+01	1.078029e+05	1.074463e+05	5.740605e+04	5.636087e+04	3.019904e+02	1.844160e+01	2020	11	1	6
	1243	432	130.750000	18.125000	9.896851e+04	2.395701e+01	1.080055e+05	1.076568e+05	5.762879e+04	5.661385e+04	3.017995e+02	1.776500e+01	2020	11	1	12
	1243	433	130.750000	18.375000	9.868921e+04	2.619323e+01	1.077993e+05	1.073906e+05	5.743428e+04	5.640655e+04	3.016185e+02	1.111462e+01	2020	11	1	18
	1242	432	130.500000	18.125000	9.926179e+04	1.926222e+01	1.080461e+05	1.075432e+05	5.768771e+04	5.704562e+04	3.017043e+02	8.384800e+00	2020	11	2	0
	1242	431	130.500000	17.875000	9.930051e+04	1.856641e+01	1.079484e+05	1.075238e+05	5.757630e+04	5.717566e+04	3.019022e+02	1.140614e+01	2020	11	2	6
	1240	430	130.000000	17.625000	9.974579e+04	1.698153e+01	1.081354e+05	1.077475e+05	5.776662e+04	5.752478e+04	3.019974e+02	1.331227e+01	2020	11	2	12
	1239	429	129.750000	17.375000	9.975122e+04	1.543423e+01	1.079639e+05	1.076239e+05	5.761702e+04	5.738718e+04	3.020783e+02	8.709705e+00	2020	11	2	18
start	22	2020	11	22	6
	1256	394	134.000000	8.625000	1.001843e+05	1.136460e+01	1.078695e+05	1.075940e+05	5.743875e+04	5.709507e+04	3.031146e+02	2.048198e+01	2020	11	22	6
	1256	397	134.000000	9.375000	1.003453e+05	1.360401e+01	1.080353e+05	1.077980e+05	5.765418e+04	5.717783e+04	3.028692e+02	2.264743e+01	2020	11	22	12
	1251	397	132.750000	9.375000	1.000769e+05	1.350288e+01	1.078770e+05	1.076131e+05	5.746510e+04	5.698014e+04	3.029506e+02	2.085881e+01	2020	11	22	18
	1246	396	131.500000	9.125000	1.003261e+05	1.444687e+01	1.080861e+05	1.078620e+05	5.767955e+04	5.720945e+04	3.030403e+02	2.940638e+01	2020	11	23	0
	1241	396	130.250000	9.125000	9.992927e+04	1.531631e+01	1.078772e+05	1.076552e+05	5.745457e+04	5.690126e+04	3.031018e+02	3.259773e+01	2020	11	23	6
	1237	396	129.250000	9.125000	1.001534e+05	1.503231e+01	1.081310e+05	1.077895e+05	5.765167e+04	5.716620e+04	3.029898e+02	2.667607e+01	2020	11	23	12
	1234	396	128.500000	9.125000	9.993534e+04	1.430871e+01	1.079006e+05	1.076123e+05	5.744057e+04	5.698192e+04	3.028989e+02	2.515701e+01	2020	11	23	18
	1231	397	127.750000	9.375000	1.002039e+05	1.542274e+01	1.081472e+05	1.078252e+05	5.768899e+04	5.721197e+04	9.999000e+03	3.028654e+01	2020	11	24	0
	1227	399	126.750000	9.875000	9.992646e+04	1.683833e+01	1.079171e+05	1.076735e+05	5.751478e+04	5.702601e+04	9.999000e+03	2.583960e+01	2020	11	24	6
	1222	402	125.500000	10.625000	1.002667e+05	1.688978e+01	1.081223e+05	1.078525e+05	5.774992e+04	5.718749e+04	9.999000e+03	2.204862e+01	2020	11	24	12
	1215	402	123.750000	10.625000	1.001011e+05	1.552475e+01	1.079305e+05	1.076850e+05	5.755625e+04	5.704262e+04	9.999000e+03	2.717787e+01	2020	11	24	18
	1207	402	121.750000	10.625000	1.003013e+05	1.859988e+01	1.081040e+05	1.078581e+05	5.778062e+04	5.720846e+04	9.999000e+03	3.072879e+01	2020	11	25	0
	1204	402	121.000000	10.625000	9.994786e+04	1.747340e+01	1.078984e+05	1.076963e+05	5.754471e+04	5.696765e+04	9.999000e+03	2.281373e+01	2020	11	25	6
	1202	404	120.500000	11.125000	1.000991e+05	1.753633e+01	1.081788e+05	1.079185e+05	5.781071e+04	5.713147e+04	9.999000e+03	2.485895e+01	2020	11	25	12
	1198	407	119.500000	11.875000	9.989856e+04	1.900844e+01	1.079623e+05	1.076840e+05	5.763353e+04	5.703598e+04	9.999000e+03	2.837486e+01	2020	11	25	18
	1193	409	118.250000	12.375000	9.991484e+04	2.249843e+01	1.081309e+05	1.078960e+05	5.776382e+04	5.716241e+04	9.999000e+03	2.524709e+01	2020	11	26	0
	1191	410	117.750000	12.625000	9.975984e+04	2.107457e+01	1.079712e+05	1.078013e+05	5.755968e+04	5.709652e+04	3.027674e+02	2.203765e+01	2020	11	26	6
	1189	410	117.250000	12.625000	9.992111e+04	2.125068e+01	1.081556e+05	1.079819e+05	5.775330e+04	5.725619e+04	3.026587e+02	2.191540e+01	2020	11	26	12
	1187	411	116.750000	12.875000	9.991940e+04	1.783714e+01	1.079821e+05	1.078076e+05	5.764122e+04	5.723485e+04	3.025064e+02	2.297171e+01	2020	11	26	18
	1187	412	116.750000	13.125000	9.995669e+04	2.295468e+01	1.081589e+05	1.078678e+05	5.773701e+04	5.725676e+04	3.024308e+02	2.188206e+01	2020	11	27	0
	1185	412	116.250000	13.125000	9.974854e+04	2.121391e+01	1.079273e+05	1.077006e+05	5.756635e+04	5.714688e+04	3.022857e+02	9.945458e+00	2020	11	27	6
	1184	413	116.000000	13.375000	1.000080e+05	1.660165e+01	1.080998e+05	1.078414e+05	5.770061e+04	5.750964e+04	3.022271e+02	9.924402e+00	2020	11	27	12
start	31	2021	1	3	12
	1022	314	75.500000	-11.375000	1.002057e+05	1.411484e+01	1.079456e+05	1.076376e+05	5.741814e+04	5.708978e+04	3.031051e+02	3.023998e+01	2021	1	3	12
	1019	309	74.750000	-12.625000	1.004366e+05	1.023109e+01	1.081389e+05	1.078891e+05	5.759457e+04	5.733267e+04	3.025473e+02	3.839534e+01	2021	1	3	18
	1023	309	75.750000	-12.625000	1.001390e+05	1.074133e+01	1.078935e+05	1.075482e+05	5.742713e+04	5.704180e+04	3.025211e+02	3.348369e+01	2021	1	4	0
	1022	311	75.500000	-12.125000	1.002748e+05	1.217624e+01	1.081181e+05	1.078020e+05	5.755987e+04	5.720208e+04	3.025026e+02	2.640245e+01	2021	1	4	6
	1023	303	75.750000	-14.125000	1.000455e+05	1.340283e+01	1.079990e+05	1.076926e+05	5.752962e+04	5.703200e+04	3.025542e+02	2.645782e+01	2021	1	4	12
	1020	304	75.000000	-13.875000	1.002515e+05	1.336846e+01	1.081740e+05	1.078795e+05	5.767643e+04	5.717034e+04	3.022142e+02	3.202381e+01	2021	1	4	18
	1021	304	75.250000	-13.875000	9.998762e+04	1.497482e+01	1.080311e+05	1.076788e+05	5.747006e+04	5.692159e+04	3.022153e+02	2.535842e+01	2021	1	5	0
	1022	300	75.500000	-14.875000	1.001165e+05	1.575669e+01	1.082667e+05	1.078953e+05	5.771577e+04	5.708724e+04	3.019604e+02	1.899583e+01	2021	1	5	6
	1017	298	74.250000	-15.375000	9.989722e+04	1.649080e+01	1.081306e+05	1.077609e+05	5.759466e+04	5.690797e+04	3.018655e+02	1.485922e+01	2021	1	5	12
	1011	299	72.750000	-15.125000	1.001277e+05	1.594368e+01	1.083105e+05	1.079666e+05	5.773544e+04	5.714944e+04	3.016870e+02	2.317325e+01	2021	1	5	18
	1007	298	71.750000	-15.375000	9.978152e+04	1.759983e+01	1.080742e+05	1.076867e+05	5.748232e+04	5.691372e+04	3.015742e+02	2.500828e+01	2021	1	6	0
	1008	297	72.000000	-15.625000	9.985651e+04	1.663794e+01	1.082486e+05	1.078682e+05	5.766848e+04	5.700427e+04	3.015478e+02	1.988913e+01	2021	1	6	6
	1003	293	70.750000	-16.625000	9.956376e+04	1.885402e+01	1.081490e+05	1.077325e+05	5.755520e+04	5.677306e+04	3.015253e+02	2.174318e+01	2021	1	6	12
	1000	295	70.000000	-16.125000	9.976058e+04	1.877320e+01	1.082465e+05	1.078701e+05	5.771570e+04	5.691748e+04	3.012359e+02	2.224686e+01	2021	1	6	18
	996	290	69.000000	-17.375000	9.954002e+04	1.906846e+01	1.080189e+05	1.075410e+05	5.755775e+04	5.665469e+04	3.007399e+02	1.321756e+01	2021	1	7	0
	993	292	68.250000	-16.875000	9.971230e+04	1.870764e+01	1.082027e+05	1.078165e+05	5.768453e+04	5.678181e+04	3.006135e+02	8.953728e+00	2021	1	7	6
	990	290	67.500000	-17.375000	9.949561e+04	1.859677e+01	1.080642e+05	1.076189e+05	5.754533e+04	5.658465e+04	3.006142e+02	1.510749e+01	2021	1	7	12
	982	291	65.500000	-17.125000	9.966262e+04	1.876218e+01	1.081088e+05	1.076654e+05	5.769104e+04	5.670523e+04	3.011737e+02	1.879155e+01	2021	1	7	18
	981	289	65.250000	-17.625000	9.931646e+04	1.811154e+01	1.079088e+05	1.073717e+05	5.749099e+04	5.640382e+04	3.010621e+02	9.642420e+00	2021	1	8	0
	975	289	63.750000	-17.625000	9.949898e+04	1.799023e+01	1.080860e+05	1.075800e+05	5.766034e+04	5.659870e+04	3.011293e+02	9.679524e+00	2021	1	8	6
	970	287	62.500000	-18.125000	9.929203e+04	2.023189e+01	1.079245e+05	1.073682e+05	5.752561e+04	5.633627e+04	3.007908e+02	1.939001e+01	2021	1	8	12
	966	284	61.500000	-18.875000	9.940535e+04	2.069458e+01	1.080634e+05	1.075397e+05	5.773077e+04	5.637707e+04	3.005369e+02	2.176151e+01	2021	1	8	18
	960	283	60.000000	-19.125000	9.906441e+04	2.201782e+01	1.078634e+05	1.072934e+05	5.752911e+04	5.611840e+04	3.008292e+02	1.557704e+01	2021	1	9	0
	958	280	59.500000	-19.875000	9.939755e+04	2.196657e+01	1.081390e+05	1.076203e+05	5.774946e+04	5.650568e+04	9.999000e+03	1.666249e+01	2021	1	9	6
	955	275	58.750000	-21.125000	9.928200e+04	2.236254e+01	1.080281e+05	1.074073e+05	5.764624e+04	5.658893e+04	9.999000e+03	2.264854e+01	2021	1	9	12
	953	273	58.250000	-21.625000	9.932822e+04	2.285839e+01	1.082275e+05	1.075354e+05	5.788461e+04	5.685256e+04	9.999000e+03	1.883730e+01	2021	1	9	18
	952	269	58.000000	-22.625000	9.929207e+04	2.019976e+01	1.080508e+05	1.073470e+05	5.773018e+04	5.699172e+04	2.998268e+02	1.329557e+01	2021	1	10	0
	951	264	57.750000	-23.875000	9.972652e+04	2.061521e+01	1.083230e+05	1.074068e+05	5.797750e+04	5.728720e+04	2.988165e+02	1.390096e+01	2021	1	10	6
	950	259	57.500000	-25.125000	9.970735e+04	1.799384e+01	1.082175e+05	1.073253e+05	5.784447e+04	5.710879e+04	2.986502e+02	1.886326e+01	2021	1	10	12
	950	254	57.500000	-26.375000	9.992473e+04	1.970027e+01	1.083888e+05	1.072279e+05	5.803159e+04	5.723364e+04	2.982750e+02	1.035177e+01	2021	1	10	18
	954	249	58.500000	-27.625000	9.994516e+04	1.741540e+01	1.081250e+05	1.068387e+05	5.790814e+04	5.710284e+04	2.980311e+02	4.288584e+00	2021	1	11	0
start	31	2021	1	13	6
	1199	308	119.750000	-12.875000	9.977493e+04	1.512756e+01	1.080900e+05	1.078131e+05	5.754254e+04	5.674233e+04	3.054583e+02	4.625296e+01	2021	1	13	6
	1195	310	118.750000	-12.375000	9.982839e+04	1.553486e+01	1.082284e+05	1.079026e+05	5.755101e+04	5.679398e+04	3.053053e+02	5.113251e+01	2021	1	13	12
	1194	307	118.500000	-13.125000	9.952641e+04	1.549179e+01	1.081300e+05	1.076133e+05	5.742178e+04	5.651759e+04	3.052119e+02	5.810339e+01	2021	1	13	18
	1187	304	116.750000	-13.875000	9.955366e+04	1.639229e+01	1.082658e+05	1.075400e+05	5.758907e+04	5.653833e+04	3.051425e+02	5.205336e+01	2021	1	14	0
	1185	304	116.250000	-13.875000	9.902820e+04	2.216606e+01	1.081568e+05	1.074128e+05	5.743758e+04	5.637084e+04	3.049885e+02	4.164989e+01	2021	1	14	6
	1179	301	114.750000	-14.625000	9.913374e+04	1.984631e+01	1.083287e+05	1.076390e+05	5.762559e+04	5.659887e+04	3.047919e+02	3.699241e+01	2021	1	14	12
	1179	298	114.750000	-15.375000	9.904304e+04	2.100313e+01	1.082492e+05	1.076219e+05	5.739438e+04	5.658009e+04	3.047021e+02	3.910713e+01	2021	1	14	18
	1174	297	113.500000	-15.625000	9.908259e+04	2.319573e+01	1.082284e+05	1.077322e+05	5.743318e+04	5.673548e+04	3.043527e+02	2.672495e+01	2021	1	15	0
	1173	293	113.250000	-16.625000	9.893770e+04	2.057088e+01	1.081944e+05	1.077619e+05	5.739018e+04	5.664658e+04	3.040734e+02	1.710638e+01	2021	1	15	6
	1173	293	113.250000	-16.625000	9.912023e+04	2.082161e+01	1.082967e+05	1.078833e+05	5.761201e+04	5.680650e+04	3.039253e+02	1.563935e+01	2021	1	15	12
	1173	289	113.250000	-17.625000	9.920783e+04	1.779891e+01	1.081511e+05	1.078716e+05	5.746540e+04	5.689534e+04	3.034769e+02	1.660634e+01	2021	1	15	18
	1171	286	112.750000	-18.375000	9.938412e+04	1.620486e+01	1.082938e+05	1.079409e+05	5.761420e+04	5.705511e+04	3.026092e+02	1.257928e+01	2021	1	16	0
	1170	283	112.500000	-19.125000	9.930779e+04	1.612911e+01	1.082573e+05	1.080079e+05	5.750566e+04	5.704304e+04	3.023715e+02	8.457366e+00	2021	1	16	6
	1170	281	112.500000	-19.625000	9.948725e+04	1.373445e+01	1.083867e+05	1.081336e+05	5.764436e+04	5.717807e+04	3.023003e+02	1.145675e+01	2021	1	16	12
	1169	281	112.250000	-19.625000	9.946727e+04	1.444817e+01	1.082521e+05	1.080110e+05	5.750994e+04	5.708524e+04	3.021944e+02	1.276736e+01	2021	1	16	18
	1167	280	111.750000	-19.875000	9.958009e+04	1.391079e+01	1.082559e+05	1.080261e+05	5.758195e+04	5.712761e+04	3.019616e+02	9.275351e+00	2021	1	17	0
	1167	279	111.750000	-20.125000	9.956977e+04	1.393291e+01	1.082615e+05	1.079830e+05	5.753252e+04	5.701450e+04	3.018339e+02	9.072958e+00	2021	1	17	6
	1165	278	111.250000	-20.375000	9.961349e+04	1.473492e+01	1.083281e+05	1.081306e+05	5.755778e+04	5.701919e+04	3.014019e+02	1.048567e+01	2021	1	17	12
	1165	281	111.250000	-19.625000	9.955138e+04	1.529439e+01	1.082120e+05	1.079265e+05	5.743302e+04	5.692961e+04	3.015455e+02	1.361385e+01	2021	1	17	18
	1164	278	111.000000	-20.375000	9.968977e+04	1.532944e+01	1.082386e+05	1.079797e+05	5.753283e+04	5.697030e+04	3.010585e+02	6.350604e+00	2021	1	18	0
	1163	278	110.750000	-20.375000	9.961437e+04	1.447547e+01	1.083183e+05	1.079730e+05	5.749848e+04	5.689261e+04	3.012423e+02	4.426075e+00	2021	1	18	6
	1163	276	110.750000	-20.875000	9.968462e+04	1.254690e+01	1.083974e+05	1.080856e+05	5.759008e+04	5.704970e+04	3.011819e+02	9.156780e+00	2021	1	18	12
	1162	275	110.500000	-21.125000	9.965413e+04	1.224105e+01	1.082925e+05	1.079947e+05	5.747235e+04	5.703902e+04	3.011198e+02	1.299319e+01	2021	1	18	18
	1160	275	110.000000	-21.125000	9.973173e+04	1.510125e+01	1.083620e+05	1.080273e+05	5.761221e+04	5.715084e+04	3.010699e+02	5.034835e+00	2021	1	19	0
	1160	272	110.000000	-21.875000	9.973957e+04	1.268578e+01	1.083855e+05	1.080357e+05	5.758007e+04	5.719073e+04	3.007876e+02	4.532901e+00	2021	1	19	6
	1159	270	109.750000	-22.375000	9.990624e+04	1.251292e+01	1.085187e+05	1.080980e+05	5.770326e+04	5.726368e+04	3.006630e+02	7.039767e+00	2021	1	19	12
	1158	269	109.500000	-22.625000	9.995492e+04	1.142935e+01	1.083516e+05	1.080018e+05	5.761485e+04	5.725807e+04	3.002758e+02	6.489650e+00	2021	1	19	18
	1159	267	109.750000	-23.125000	1.001231e+05	1.269461e+01	1.084600e+05	1.079639e+05	5.771974e+04	5.737295e+04	2.996526e+02	4.263015e+00	2021	1	20	0
	1159	265	109.750000	-23.625000	1.001192e+05	1.279485e+01	1.084600e+05	1.079227e+05	5.770104e+04	5.737561e+04	2.996792e+02	4.451959e+00	2021	1	20	6
	1160	265	110.000000	-23.625000	1.002425e+05	1.450953e+01	1.086048e+05	1.080196e+05	5.784486e+04	5.747733e+04	2.997624e+02	3.884700e+00	2021	1	20	12
	1161	265	110.250000	-23.625000	1.002938e+05	1.274477e+01	1.083907e+05	1.079836e+05	5.776370e+04	5.747866e+04	3.000062e+02	4.145676e+00	2021	1	20	18
start	55	2021	1	14	12
	1292	318	143.000000	-10.375000	1.004664e+05	1.257336e+01	1.082714e+05	1.080676e+05	5.770438e+04	5.729509e+04	9.999000e+03	2.113652e+01	2021	1	14	12
	1295	318	143.750000	-10.375000	1.000854e+05	1.396042e+01	1.080017e+05	1.077644e+05	5.747946e+04	5.695773e+04	9.999000e+03	2.676248e+01	2021	1	14	18
	1293	318	143.250000	-10.375000	1.002899e+05	1.531720e+01	1.082508e+05	1.079951e+05	5.767095e+04	5.709547e+04	9.999000e+03	2.624736e+01	2021	1	15	0
	1297	318	144.250000	-10.375000	9.990301e+04	1.614620e+01	1.080579e+05	1.078233e+05	5.740222e+04	5.689225e+04	9.999000e+03	2.118864e+01	2021	1	15	6
	1298	315	144.500000	-11.125000	1.001058e+05	1.538453e+01	1.082520e+05	1.080133e+05	5.764771e+04	5.715326e+04	9.999000e+03	2.759983e+01	2021	1	15	12
	1298	313	144.500000	-11.625000	9.968783e+04	1.758648e+01	1.079724e+05	1.075776e+05	5.737168e+04	5.669488e+04	9.999000e+03	2.993411e+01	2021	1	15	18
	1299	311	144.750000	-12.125000	9.995878e+04	1.797658e+01	1.081277e+05	1.077302e+05	5.761972e+04	5.676472e+04	9.999000e+03	2.648405e+01	2021	1	16	0
	1301	310	145.250000	-12.375000	9.955191e+04	1.760358e+01	1.079302e+05	1.074924e+05	5.737526e+04	5.643175e+04	9.999000e+03	2.036497e+01	2021	1	16	6
	1303	310	145.750000	-12.375000	9.977223e+04	1.753248e+01	1.081209e+05	1.077444e+05	5.761666e+04	5.666462e+04	3.029346e+02	2.311704e+01	2021	1	16	12
	1307	307	146.750000	-13.125000	9.925619e+04	1.906329e+01	1.078140e+05	1.073673e+05	5.739335e+04	5.620850e+04	3.031513e+02	2.758554e+01	2021	1	16	18
	1310	305	147.500000	-13.625000	9.938601e+04	2.108410e+01	1.080699e+05	1.075852e+05	5.765616e+04	5.631663e+04	3.031072e+02	2.867195e+01	2021	1	17	0
	1314	303	148.500000	-14.125000	9.898243e+04	2.407397e+01	1.078469e+05	1.072407e+05	5.734214e+04	5.595559e+04	3.031893e+02	2.194494e+01	2021	1	17	6
	1318	302	149.500000	-14.375000	9.914912e+04	2.311575e+01	1.080983e+05	1.074319e+05	5.764431e+04	5.615398e+04	3.032118e+02	2.684351e+01	2021	1	17	12
	1323	301	150.750000	-14.625000	9.880359e+04	2.267796e+01	1.078515e+05	1.072059e+05	5.737966e+04	5.594025e+04	3.032969e+02	3.707395e+01	2021	1	17	18
	1328	299	152.000000	-15.125000	9.904467e+04	2.324051e+01	1.080895e+05	1.074240e+05	5.763052e+04	5.615435e+04	3.031971e+02	3.356129e+01	2021	1	18	0
	1334	299	153.500000	-15.125000	9.881583e+04	2.355550e+01	1.079617e+05	1.072590e+05	5.740520e+04	5.602308e+04	3.029863e+02	2.563301e+01	2021	1	18	6
	1340	299	155.000000	-15.125000	9.902473e+04	2.134491e+01	1.081518e+05	1.075420e+05	5.763764e+04	5.637041e+04	3.030308e+02	2.852433e+01	2021	1	18	12
	1343	299	155.750000	-15.125000	9.861098e+04	2.455115e+01	1.079195e+05	1.074164e+05	5.740382e+04	5.621077e+04	3.030292e+02	2.522774e+01	2021	1	18	18
	1346	300	156.500000	-14.875000	9.881818e+04	2.420904e+01	1.081561e+05	1.076630e+05	5.759827e+04	5.646788e+04	3.030850e+02	2.239064e+01	2021	1	19	0
	1349	299	157.250000	-15.125000	9.845031e+04	2.654314e+01	1.079762e+05	1.075113e+05	5.733096e+04	5.622480e+04	3.030764e+02	1.844097e+01	2021	1	19	6
	1352	300	158.000000	-14.875000	9.871788e+04	2.548207e+01	1.081476e+05	1.077117e+05	5.756493e+04	5.645645e+04	3.030127e+02	1.647703e+01	2021	1	19	12
	1353	301	158.250000	-14.625000	9.867141e+04	2.036466e+01	1.079003e+05	1.073992e+05	5.732581e+04	5.649177e+04	3.030211e+02	1.611850e+01	2021	1	19	18
	1356	300	159.000000	-14.875000	9.867682e+04	2.345305e+01	1.081283e+05	1.075546e+05	5.751925e+04	5.658789e+04	3.028872e+02	1.823557e+01	2021	1	20	0
	1356	301	159.000000	-14.625000	9.848828e+04	2.212106e+01	1.078904e+05	1.074590e+05	5.726318e+04	5.661835e+04	3.029345e+02	1.741084e+01	2021	1	20	6
	1358	301	159.500000	-14.625000	9.904504e+04	1.840209e+01	1.080790e+05	1.076532e+05	5.750849e+04	5.699948e+04	3.029334e+02	2.094232e+01	2021	1	20	12
	1359	300	159.750000	-14.875000	9.880252e+04	2.069364e+01	1.079701e+05	1.073415e+05	5.730834e+04	5.664987e+04	3.028450e+02	2.046648e+01	2021	1	20	18
	1359	299	159.750000	-15.125000	9.882004e+04	2.294182e+01	1.080647e+05	1.074668e+05	5.748664e+04	5.667666e+04	3.028010e+02	1.294380e+01	2021	1	21	0
	1360	299	160.000000	-15.125000	9.892621e+04	1.705149e+01	1.078299e+05	1.073078e+05	5.727222e+04	5.690192e+04	3.028493e+02	1.741476e+01	2021	1	21	6
	1360	299	160.000000	-15.125000	9.933935e+04	1.770530e+01	1.080724e+05	1.076239e+05	5.752798e+04	5.711548e+04	3.027646e+02	1.606137e+01	2021	1	21	12
	1359	300	159.750000	-14.875000	9.925290e+04	1.670561e+01	1.078758e+05	1.074238e+05	5.731298e+04	5.700442e+04	3.027195e+02	1.180065e+01	2021	1	21	18
	1358	300	159.500000	-14.875000	9.960699e+04	1.508893e+01	1.081870e+05	1.078032e+05	5.755766e+04	5.731557e+04	3.027393e+02	1.768198e+01	2021	1	22	0
	1359	298	159.750000	-15.375000	9.943158e+04	1.563155e+01	1.080613e+05	1.076169e+05	5.736737e+04	5.711636e+04	3.027500e+02	2.383381e+01	2021	1	22	6
	1355	298	158.750000	-15.375000	9.971334e+04	1.637419e+01	1.082653e+05	1.078471e+05	5.761222e+04	5.724611e+04	3.024276e+02	1.990758e+01	2021	1	22	12
	1356	299	159.000000	-15.125000	9.947446e+04	1.680214e+01	1.080336e+05	1.076051e+05	5.730892e+04	5.703764e+04	3.023751e+02	1.558183e+01	2021	1	22	18
	1356	299	159.000000	-15.125000	9.973427e+04	1.482631e+01	1.082098e+05	1.078559e+05	5.755601e+04	5.723636e+04	3.024459e+02	1.222232e+01	2021	1	23	0
	1356	300	159.000000	-14.875000	9.952853e+04	1.409321e+01	1.080460e+05	1.077691e+05	5.733832e+04	5.703219e+04	3.027140e+02	1.576412e+01	2021	1	23	6
	1356	300	159.000000	-14.875000	9.980866e+04	1.487615e+01	1.082468e+05	1.079835e+05	5.757907e+04	5.719886e+04	3.024795e+02	1.923312e+01	2021	1	23	12
	1357	301	159.250000	-14.625000	9.954458e+04	1.501765e+01	1.080158e+05	1.077458e+05	5.733920e+04	5.695937e+04	3.026047e+02	1.346295e+01	2021	1	23	18
	1359	303	159.750000	-14.125000	9.979062e+04	1.482774e+01	1.082028e+05	1.079951e+05	5.756386e+04	5.716961e+04	3.029051e+02	1.885217e+01	2021	1	24	0
	1365	306	161.250000	-13.375000	9.952744e+04	1.607989e+01	1.080249e+05	1.078095e+05	5.735971e+04	5.697480e+04	3.033204e+02	2.316406e+01	2021	1	24	6
	1368	308	162.000000	-12.875000	9.949051e+04	1.839255e+01	1.082497e+05	1.078837e+05	5.765066e+04	5.695081e+04	3.035281e+02	2.649019e+01	2021	1	24	12
	1374	311	163.500000	-12.125000	9.922573e+04	1.893987e+01	1.080442e+05	1.076546e+05	5.738512e+04	5.669086e+04	3.034673e+02	3.057542e+01	2021	1	24	18
	1380	312	165.000000	-11.875000	9.933941e+04	1.835163e+01	1.082474e+05	1.078875e+05	5.749582e+04	5.678641e+04	3.031206e+02	2.940547e+01	2021	1	25	0
	1385	315	166.250000	-11.125000	9.907524e+04	2.063405e+01	1.081526e+05	1.077508e+05	5.729368e+04	5.666404e+04	3.032277e+02	3.828395e+01	2021	1	25	6
	1392	317	168.000000	-10.625000	9.915584e+04	2.333423e+01	1.082452e+05	1.079036e+05	5.747918e+04	5.674161e+04	3.032068e+02	4.757171e+01	2021	1	25	12
	1397	317	169.250000	-10.625000	9.887773e+04	2.164980e+01	1.080988e+05	1.074810e+05	5.730750e+04	5.644862e+04	3.031515e+02	3.611607e+01	2021	1	25	18
	1405	317	171.250000	-10.625000	9.901025e+04	2.351117e+01	1.082709e+05	1.077386e+05	5.741016e+04	5.667509e+04	3.030867e+02	3.258354e+01	2021	1	26	0
	1413	315	173.250000	-11.125000	9.886790e+04	2.380507e+01	1.082838e+05	1.078172e+05	5.733554e+04	5.662134e+04	3.029863e+02	4.023585e+01	2021	1	26	6
	1418	311	174.500000	-12.125000	9.906880e+04	2.238570e+01	1.083286e+05	1.079512e+05	5.744017e+04	5.679067e+04	3.025304e+02	3.593292e+01	2021	1	26	12
	1424	309	176.000000	-12.625000	9.899270e+04	2.065946e+01	1.082627e+05	1.078820e+05	5.743370e+04	5.671169e+04	3.021693e+02	2.557547e+01	2021	1	26	18
	1431	304	177.750000	-13.875000	9.916209e+04	2.153328e+01	1.085107e+05	1.081502e+05	5.752656e+04	5.693206e+04	3.017732e+02	2.079325e+01	2021	1	27	0
	1436	299	179.000000	-15.125000	9.913723e+04	2.230394e+01	1.085702e+05	1.080736e+05	5.754377e+04	5.690329e+04	9.999000e+03	1.645655e+01	2021	1	27	6
	1	293	-179.750000	-16.625000	9.950655e+04	2.098783e+01	1.086476e+05	1.082540e+05	5.767222e+04	5.709432e+04	9.999000e+03	9.450104e+00	2021	1	27	12
	7	287	-178.250000	-18.125000	9.964941e+04	1.778907e+01	1.086188e+05	1.082591e+05	5.769512e+04	5.700401e+04	3.007784e+02	4.280399e+00	2021	1	27	18
	11	279	-177.250000	-20.125000	9.984239e+04	1.806920e+01	1.086182e+05	1.083183e+05	5.772324e+04	5.700213e+04	3.003618e+02	4.009700e+00	2021	1	28	0
start	50	2021	1	16	12
	1430	313	177.500000	-11.625000	1.001862e+05	1.268585e+01	1.083492e+05	1.081157e+05	5.749277e+04	5.724880e+04	3.034681e+02	4.140482e+01	2021	1	16	12
	1429	313	177.250000	-11.625000	1.000233e+05	1.340359e+01	1.082669e+05	1.079776e+05	5.738073e+04	5.710119e+04	3.034980e+02	3.742738e+01	2021	1	16	18
	1431	311	177.750000	-12.125000	1.000287e+05	1.431493e+01	1.083504e+05	1.080543e+05	5.742291e+04	5.717802e+04	3.033268e+02	4.220273e+01	2021	1	17	0
	1416	323	174.000000	-9.125000	9.977321e+04	1.890643e+01	1.082614e+05	1.078971e+05	5.734030e+04	5.695551e+04	3.040045e+02	4.360004e+01	2021	1	17	6
	1431	306	177.750000	-13.375000	9.983696e+04	1.556955e+01	1.083079e+05	1.080065e+05	5.741584e+04	5.699927e+04	3.030345e+02	4.492418e+01	2021	1	17	12
	1426	305	176.500000	-13.625000	9.954445e+04	1.859668e+01	1.082374e+05	1.077918e+05	5.726282e+04	5.683212e+04	3.028703e+02	3.432586e+01	2021	1	17	18
	1424	307	176.000000	-13.125000	9.963206e+04	1.562111e+01	1.082192e+05	1.079888e+05	5.736697e+04	5.697007e+04	3.032098e+02	3.424377e+01	2021	1	18	0
	1424	309	176.000000	-12.625000	9.946559e+04	1.727483e+01	1.081801e+05	1.079038e+05	5.724300e+04	5.684773e+04	3.033758e+02	3.877765e+01	2021	1	18	6
	1428	310	177.000000	-12.375000	9.943800e+04	1.678705e+01	1.083127e+05	1.079190e+05	5.739541e+04	5.690620e+04	3.031932e+02	5.115697e+01	2021	1	18	12
	1430	307	177.500000	-13.125000	9.927647e+04	1.672093e+01	1.082094e+05	1.077528e+05	5.719675e+04	5.675725e+04	3.028899e+02	4.234254e+01	2021	1	18	18
	1431	309	177.750000	-12.625000	9.925591e+04	1.740111e+01	1.082330e+05	1.078272e+05	5.731502e+04	5.673357e+04	3.029708e+02	3.764015e+01	2021	1	19	0
	1435	305	178.750000	-13.625000	9.910237e+04	1.721563e+01	1.081636e+05	1.077042e+05	5.718124e+04	5.657441e+04	3.027378e+02	4.824247e+01	2021	1	19	6
	1437	302	179.250000	-14.375000	9.916108e+04	1.781998e+01	1.081863e+05	1.076924e+05	5.724562e+04	5.659146e+04	3.024008e+02	5.709171e+01	2021	1	19	12
	1436	300	179.000000	-14.875000	9.892785e+04	1.721939e+01	1.080571e+05	1.075566e+05	5.714866e+04	5.635839e+04	9.999000e+03	4.495871e+01	2021	1	19	18
	1435	300	178.750000	-14.875000	9.876923e+04	1.799754e+01	1.080276e+05	1.075750e+05	5.714725e+04	5.633388e+04	9.999000e+03	4.126402e+01	2021	1	20	0
	1436	299	179.000000	-15.125000	9.854723e+04	2.022793e+01	1.079252e+05	1.074116e+05	5.699671e+04	5.611341e+04	9.999000e+03	3.902372e+01	2021	1	20	6
	1435	299	178.750000	-15.125000	9.855726e+04	2.052679e+01	1.079764e+05	1.075134e+05	5.717229e+04	5.617195e+04	9.999000e+03	3.638780e+01	2021	1	20	12
	1438	299	179.500000	-15.125000	9.841067e+04	1.872852e+01	1.078843e+05	1.074077e+05	5.703007e+04	5.604195e+04	9.999000e+03	2.924633e+01	2021	1	20	18
	1438	298	179.500000	-15.375000	9.840355e+04	1.870511e+01	1.079420e+05	1.074925e+05	5.704244e+04	5.609199e+04	9.999000e+03	3.130247e+01	2021	1	21	0
	1438	299	179.500000	-15.125000	9.822483e+04	1.908057e+01	1.078612e+05	1.074106e+05	5.697676e+04	5.599391e+04	9.999000e+03	3.556451e+01	2021	1	21	6
	1438	298	179.500000	-15.375000	9.828208e+04	2.031603e+01	1.079383e+05	1.074510e+05	5.700146e+04	5.604870e+04	9.999000e+03	4.310144e+01	2021	1	21	12
	1437	300	179.250000	-14.875000	9.809269e+04	1.996405e+01	1.078427e+05	1.073237e+05	5.692945e+04	5.590961e+04	9.999000e+03	3.674248e+01	2021	1	21	18
	1438	301	179.500000	-14.625000	9.812218e+04	1.965205e+01	1.079469e+05	1.074367e+05	5.703727e+04	5.596562e+04	9.999000e+03	3.743985e+01	2021	1	22	0
	0	301	-180.000000	-14.625000	9.795951e+04	2.049090e+01	1.078895e+05	1.073396e+05	5.693799e+04	5.583323e+04	9.999000e+03	4.041508e+01	2021	1	22	6
	0	301	-180.000000	-14.625000	9.791979e+04	2.076877e+01	1.080110e+05	1.073617e+05	5.700907e+04	5.580795e+04	9.999000e+03	3.925313e+01	2021	1	22	12
	1	302	-179.750000	-14.375000	9.772929e+04	2.190531e+01	1.079329e+05	1.072453e+05	5.694570e+04	5.562788e+04	3.021207e+02	3.573320e+01	2021	1	22	18
	0	301	-180.000000	-14.625000	9.767877e+04	2.272427e+01	1.079767e+05	1.073294e+05	5.695295e+04	5.562582e+04	9.999000e+03	3.778983e+01	2021	1	23	0
	1	301	-179.750000	-14.625000	9.739051e+04	2.379526e+01	1.079397e+05	1.072155e+05	5.691669e+04	5.543419e+04	9.999000e+03	4.147761e+01	2021	1	23	6
	1	299	-179.750000	-15.125000	9.740277e+04	2.500945e+01	1.080032e+05	1.072927e+05	5.700633e+04	5.544772e+04	9.999000e+03	4.084753e+01	2021	1	23	12
	1	297	-179.750000	-15.625000	9.720549e+04	2.481237e+01	1.079869e+05	1.071693e+05	5.698308e+04	5.532287e+04	9.999000e+03	3.537828e+01	2021	1	23	18
	1	295	-179.750000	-16.125000	9.723989e+04	2.430449e+01	1.080196e+05	1.072456e+05	5.700012e+04	5.537479e+04	9.999000e+03	4.001905e+01	2021	1	24	0
	1	292	-179.750000	-16.875000	9.721936e+04	2.449921e+01	1.079468e+05	1.071113e+05	5.694873e+04	5.532160e+04	9.999000e+03	4.037434e+01	2021	1	24	6
	2	291	-179.500000	-17.125000	9.739539e+04	2.420317e+01	1.080078e+05	1.071676e+05	5.704316e+04	5.545168e+04	9.999000e+03	3.816524e+01	2021	1	24	12
	2	288	-179.500000	-17.875000	9.741158e+04	2.247670e+01	1.079561e+05	1.071299e+05	5.698828e+04	5.545895e+04	9.999000e+03	3.426649e+01	2021	1	24	18
	3	284	-179.250000	-18.875000	9.753562e+04	2.441741e+01	1.080062e+05	1.072255e+05	5.703139e+04	5.553898e+04	3.006472e+02	4.247611e+01	2021	1	25	0
	5	279	-178.750000	-20.125000	9.738023e+04	2.492166e+01	1.079905e+05	1.072255e+05	5.700490e+04	5.545900e+04	3.004313e+02	5.873611e+01	2021	1	25	6
	6	274	-178.500000	-21.375000	9.729245e+04	2.556837e+01	1.079804e+05	1.072099e+05	5.703331e+04	5.546403e+04	3.000854e+02	6.057736e+01	2021	1	25	12
	5	271	-178.750000	-22.125000	9.718430e+04	2.493079e+01	1.079682e+05	1.070611e+05	5.698913e+04	5.544573e+04	2.998543e+02	5.081470e+01	2021	1	25	18
	5	265	-178.750000	-23.625000	9.725744e+04	2.759689e+01	1.080068e+05	1.070889e+05	5.697663e+04	5.546070e+04	2.998047e+02	5.062793e+01	2021	1	26	0
	3	264	-179.250000	-23.875000	9.705189e+04	2.796940e+01	1.080005e+05	1.070663e+05	5.685401e+04	5.529137e+04	2.996452e+02	2.765951e+01	2021	1	26	6
	4	260	-179.000000	-24.875000	9.743002e+04	2.506234e+01	1.080379e+05	1.069880e+05	5.693883e+04	5.544095e+04	2.994463e+02	1.624113e+01	2021	1	26	12
	3	256	-179.250000	-25.875000	9.772570e+04	2.264579e+01	1.080231e+05	1.068548e+05	5.693708e+04	5.561205e+04	2.990571e+02	1.248502e+01	2021	1	26	18
	0	253	-180.000000	-26.625000	9.800580e+04	2.164361e+01	1.081283e+05	1.070203e+05	5.693712e+04	5.574590e+04	2.987904e+02	1.067566e+01	2021	1	27	0
	1439	250	179.750000	-27.375000	9.813056e+04	2.036818e+01	1.081187e+05	1.069486e+05	5.694891e+04	5.590765e+04	2.985358e+02	1.199851e+01	2021	1	27	6
	1436	248	179.000000	-27.875000	9.850938e+04	2.015590e+01	1.082298e+05	1.070379e+05	5.705814e+04	5.617757e+04	2.986128e+02	1.098329e+01	2021	1	27	12
	1435	246	178.750000	-28.375000	9.869462e+04	1.772377e+01	1.082310e+05	1.070096e+05	5.712336e+04	5.630898e+04	2.984586e+02	7.366871e+00	2021	1	27	18
	1432	244	178.000000	-28.875000	9.894461e+04	1.700574e+01	1.083488e+05	1.072138e+05	5.713082e+04	5.652706e+04	2.984725e+02	4.345534e+00	2021	1	28	0
	1430	243	177.500000	-29.125000	9.900518e+04	1.662311e+01	1.083453e+05	1.072088e+05	5.703212e+04	5.657148e+04	2.983711e+02	3.605375e+00	2021	1	28	6
	1427	242	176.750000	-29.375000	9.928623e+04	1.446019e+01	1.084701e+05	1.072102e+05	5.713615e+04	5.674748e+04	2.984452e+02	3.954263e+00	2021	1	28	12
	1426	241	176.500000	-29.625000	9.938902e+04	1.116463e+01	1.083592e+05	1.069115e+05	5.710544e+04	5.671913e+04	2.983559e+02	3.812401e+00	2021	1	28	18
start	84	2021	1	23	12
	962	318	60.500000	-10.375000	1.006495e+05	9.525484e+00	1.082407e+05	1.080394e+05	5.772685e+04	5.748822e+04	3.036916e+02	2.905487e+01	2021	1	23	12
	961	315	60.250000	-11.125000	1.009802e+05	1.077809e+01	1.084310e+05	1.082748e+05	5.795252e+04	5.776855e+04	3.029180e+02	2.650954e+01	2021	1	23	18
	957	318	59.250000	-10.375000	1.006197e+05	9.012944e+00	1.080932e+05	1.079023e+05	5.766981e+04	5.747800e+04	3.028517e+02	2.283271e+01	2021	1	24	0
	956	318	59.000000	-10.375000	1.008764e+05	1.060673e+01	1.083548e+05	1.082129e+05	5.791338e+04	5.768802e+04	3.027312e+02	2.779714e+01	2021	1	24	6
	953	318	58.250000	-10.375000	1.005138e+05	1.205151e+01	1.082049e+05	1.080036e+05	5.769805e+04	5.739767e+04	3.028558e+02	3.279166e+01	2021	1	24	12
	948	316	57.000000	-10.875000	1.007701e+05	1.284835e+01	1.084058e+05	1.082201e+05	5.789786e+04	5.760070e+04	3.027013e+02	3.363773e+01	2021	1	24	18
	947	318	56.750000	-10.375000	1.004802e+05	1.399502e+01	1.081423e+05	1.079008e+05	5.764373e+04	5.731154e+04	3.025976e+02	3.411147e+01	2021	1	25	0
	942	319	55.500000	-10.125000	1.006655e+05	1.466219e+01	1.083547e+05	1.081478e+05	5.789955e+04	5.750129e+04	3.025587e+02	2.965575e+01	2021	1	25	6
	941	319	55.250000	-10.125000	1.003003e+05	1.444323e+01	1.082006e+05	1.079687e+05	5.766319e+04	5.721070e+04	3.027769e+02	2.852152e+01	2021	1	25	12
	939	316	54.750000	-10.875000	1.005107e+05	1.589202e+01	1.083840e+05	1.081639e+05	5.791841e+04	5.736645e+04	3.024950e+02	3.300352e+01	2021	1	25	18
	936	318	54.000000	-10.375000	1.000998e+05	1.737561e+01	1.081148e+05	1.079029e+05	5.765195e+04	5.704949e+04	3.023620e+02	4.376650e+01	2021	1	26	0
	931	316	52.750000	-10.875000	1.002810e+05	1.892874e+01	1.083732e+05	1.081483e+05	5.789253e+04	5.722618e+04	3.022188e+02	4.877204e+01	2021	1	26	6
	929	315	52.250000	-11.125000	9.974564e+04	1.951553e+01	1.082543e+05	1.078309e+05	5.774009e+04	5.677040e+04	3.021384e+02	4.871938e+01	2021	1	26	12
	926	315	51.500000	-11.125000	9.979232e+04	2.080953e+01	1.084681e+05	1.078934e+05	5.794039e+04	5.684702e+04	3.020500e+02	5.060133e+01	2021	1	26	18
	923	313	50.750000	-11.625000	9.939300e+04	2.164108e+01	1.081969e+05	1.076906e+05	5.770023e+04	5.658651e+04	9.999000e+03	5.334861e+01	2021	1	27	0
	919	311	49.750000	-12.125000	9.955132e+04	2.516092e+01	1.084010e+05	1.077777e+05	5.790563e+04	5.669720e+04	9.999000e+03	4.568328e+01	2021	1	27	6
	916	307	49.000000	-13.125000	9.948582e+04	1.751060e+01	1.082557e+05	1.076797e+05	5.771373e+04	5.676477e+04	9.999000e+03	4.098744e+01	2021	1	27	12
	912	305	48.000000	-13.625000	9.992903e+04	1.718689e+01	1.083196e+05	1.077698e+05	5.783762e+04	5.683945e+04	9.999000e+03	3.672775e+01	2021	1	27	18
	908	303	47.000000	-14.125000	9.966443e+04	1.754963e+01	1.080787e+05	1.074281e+05	5.760152e+04	5.656515e+04	9.999000e+03	3.460195e+01	2021	1	28	0
	907	301	46.750000	-14.625000	9.992349e+04	1.829976e+01	1.081986e+05	1.076613e+05	5.779878e+04	5.673755e+04	9.999000e+03	3.716650e+01	2021	1	28	6
	907	297	46.750000	-15.625000	9.978793e+04	1.573456e+01	1.080353e+05	1.075788e+05	5.754890e+04	5.658412e+04	9.999000e+03	4.006911e+01	2021	1	28	12
	907	295	46.750000	-16.125000	1.001677e+05	1.410108e+01	1.082305e+05	1.077545e+05	5.775729e+04	5.698942e+04	9.999000e+03	3.520855e+01	2021	1	28	18
	907	293	46.750000	-16.625000	1.000918e+05	1.281025e+01	1.079597e+05	1.076325e+05	5.755332e+04	5.699433e+04	9.999000e+03	3.521584e+01	2021	1	29	0
	906	292	46.500000	-16.875000	1.005292e+05	1.120087e+01	1.081562e+05	1.077147e+05	5.775346e+04	5.731318e+04	9.999000e+03	3.271164e+01	2021	1	29	6
	908	293	47.000000	-16.625000	1.002049e+05	1.148055e+01	1.079742e+05	1.076386e+05	5.757283e+04	5.716247e+04	9.999000e+03	2.917287e+01	2021	1	29	12
	908	293	47.000000	-16.625000	1.005819e+05	9.909769e+00	1.081648e+05	1.076722e+05	5.775238e+04	5.735043e+04	9.999000e+03	2.034826e+01	2021	1	29	18
	918	292	49.500000	-16.875000	1.002616e+05	1.302718e+01	1.078911e+05	1.075296e+05	5.753021e+04	5.711828e+04	9.999000e+03	2.747385e+01	2021	1	30	0
	921	293	50.250000	-16.625000	1.004457e+05	1.379734e+01	1.081051e+05	1.076722e+05	5.775422e+04	5.728917e+04	9.999000e+03	3.148066e+01	2021	1	30	6
	926	291	51.500000	-17.125000	1.000612e+05	1.487111e+01	1.079686e+05	1.075143e+05	5.752355e+04	5.707081e+04	9.999000e+03	3.193749e+01	2021	1	30	12
	927	291	51.750000	-17.125000	1.003523e+05	1.407430e+01	1.081487e+05	1.076292e+05	5.777912e+04	5.726130e+04	9.999000e+03	2.640698e+01	2021	1	30	18
	930	293	52.500000	-16.625000	1.001549e+05	1.491130e+01	1.079532e+05	1.075847e+05	5.754238e+04	5.707085e+04	3.015365e+02	2.308586e+01	2021	1	31	0
	931	293	52.750000	-16.625000	1.004140e+05	1.485667e+01	1.081124e+05	1.077192e+05	5.780755e+04	5.737201e+04	3.015473e+02	2.177079e+01	2021	1	31	6
	930	294	52.500000	-16.375000	1.002315e+05	1.466868e+01	1.080024e+05	1.076135e+05	5.760717e+04	5.730385e+04	3.020688e+02	2.043901e+01	2021	1	31	12
	932	295	53.000000	-16.125000	1.005286e+05	1.378729e+01	1.082574e+05	1.077995e+05	5.783122e+04	5.759527e+04	3.016552e+02	2.407108e+01	2021	1	31	18
	933	296	53.250000	-15.875000	1.002872e+05	1.478582e+01	1.079989e+05	1.076044e+05	5.759529e+04	5.734978e+04	3.016742e+02	2.422818e+01	2021	2	1	0
	933	297	53.250000	-15.625000	1.005568e+05	1.406971e+01	1.082225e+05	1.077823e+05	5.784054e+04	5.756545e+04	3.017233e+02	2.508892e+01	2021	2	1	6
	933	299	53.250000	-15.125000	1.002939e+05	1.397171e+01	1.080725e+05	1.077297e+05	5.763328e+04	5.738184e+04	3.026710e+02	3.015305e+01	2021	2	1	12
	932	298	53.000000	-15.375000	1.005496e+05	1.318915e+01	1.082805e+05	1.079001e+05	5.782759e+04	5.760923e+04	3.019645e+02	3.312401e+01	2021	2	1	18
	931	301	52.750000	-14.625000	1.003117e+05	1.343902e+01	1.080200e+05	1.077581e+05	5.757125e+04	5.736658e+04	3.017272e+02	2.852342e+01	2021	2	2	0
	933	300	53.250000	-14.875000	1.005738e+05	1.256599e+01	1.082223e+05	1.079394e+05	5.779749e+04	5.755881e+04	3.017504e+02	2.970730e+01	2021	2	2	6
	931	301	52.750000	-14.625000	1.002778e+05	1.259016e+01	1.080644e+05	1.078717e+05	5.758078e+04	5.728139e+04	3.022203e+02	3.084760e+01	2021	2	2	12
	933	298	53.250000	-15.375000	1.004589e+05	1.487398e+01	1.082080e+05	1.079496e+05	5.778227e+04	5.736814e+04	3.016904e+02	3.405986e+01	2021	2	2	18
	929	298	52.250000	-15.375000	1.002056e+05	1.685648e+01	1.079392e+05	1.076898e+05	5.755862e+04	5.708989e+04	9.999000e+03	2.715846e+01	2021	2	3	0
	928	299	52.000000	-15.125000	1.003971e+05	1.574855e+01	1.081229e+05	1.079224e+05	5.774048e+04	5.728596e+04	9.999000e+03	2.670980e+01	2021	2	3	6
	928	299	52.000000	-15.125000	1.001067e+05	1.671241e+01	1.080544e+05	1.078331e+05	5.760052e+04	5.710747e+04	9.999000e+03	2.783347e+01	2021	2	3	12
	929	298	52.250000	-15.375000	1.003419e+05	1.486671e+01	1.082616e+05	1.079834e+05	5.777954e+04	5.719886e+04	9.999000e+03	2.888292e+01	2021	2	3	18
	929	298	52.250000	-15.375000	1.000919e+05	1.614504e+01	1.081264e+05	1.076270e+05	5.760536e+04	5.685437e+04	9.999000e+03	2.247346e+01	2021	2	4	0
	928	298	52.000000	-15.375000	1.002322e+05	1.667297e+01	1.083049e+05	1.078648e+05	5.786130e+04	5.699352e+04	9.999000e+03	2.604490e+01	2021	2	4	6
	927	297	51.750000	-15.625000	9.987537e+04	1.496352e+01	1.081967e+05	1.076571e+05	5.763583e+04	5.674382e+04	9.999000e+03	3.037914e+01	2021	2	4	12
	926	296	51.500000	-15.875000	1.001161e+05	1.752150e+01	1.083317e+05	1.078538e+05	5.785517e+04	5.697971e+04	9.999000e+03	2.977439e+01	2021	2	4	18
	923	294	50.750000	-16.375000	9.988252e+04	1.692361e+01	1.081337e+05	1.076698e+05	5.767087e+04	5.686974e+04	9.999000e+03	2.329963e+01	2021	2	5	0
	920	294	50.000000	-16.375000	1.002731e+05	1.560679e+01	1.083344e+05	1.079414e+05	5.787494e+04	5.715709e+04	9.999000e+03	3.117616e+01	2021	2	5	6
	919	295	49.750000	-16.125000	1.002242e+05	1.278133e+01	1.082884e+05	1.079172e+05	5.771266e+04	5.709114e+04	9.999000e+03	3.666921e+01	2021	2	5	12
	915	294	48.750000	-16.375000	1.004803e+05	1.448127e+01	1.083631e+05	1.080829e+05	5.788747e+04	5.734041e+04	9.999000e+03	2.830011e+01	2021	2	5	18
	907	292	46.750000	-16.875000	1.000349e+05	1.042672e+01	1.082009e+05	1.079122e+05	5.767305e+04	5.716671e+04	9.999000e+03	2.567904e+01	2021	2	6	0
	896	292	44.000000	-16.875000	1.004475e+05	7.780090e+00	1.083384e+05	1.081037e+05	5.781810e+04	5.742578e+04	9.999000e+03	2.820422e+01	2021	2	6	6
	896	292	44.000000	-16.875000	1.001489e+05	1.020133e+01	1.082894e+05	1.079130e+05	5.767493e+04	5.721210e+04	9.999000e+03	3.493106e+01	2021	2	6	12
	893	292	43.250000	-16.875000	1.001392e+05	1.499684e+01	1.083935e+05	1.080944e+05	5.779242e+04	5.721770e+04	9.999000e+03	3.717904e+01	2021	2	6	18
	889	292	42.250000	-16.875000	9.980930e+04	1.610045e+01	1.081787e+05	1.079660e+05	5.762942e+04	5.694303e+04	9.999000e+03	3.818491e+01	2021	2	7	0
	885	293	41.250000	-16.625000	9.994070e+04	1.524050e+01	1.084854e+05	1.079566e+05	5.778989e+04	5.697380e+04	9.999000e+03	4.316602e+01	2021	2	7	6
	884	293	41.000000	-16.625000	9.960260e+04	1.705021e+01	1.083814e+05	1.077832e+05	5.764214e+04	5.664341e+04	9.999000e+03	3.805252e+01	2021	2	7	12
	882	293	40.500000	-16.625000	9.973352e+04	1.716523e+01	1.084359e+05	1.078712e+05	5.781514e+04	5.671730e+04	9.999000e+03	4.681189e+01	2021	2	7	18
	878	291	39.500000	-17.125000	9.949696e+04	1.679896e+01	1.083020e+05	1.077138e+05	5.768311e+04	5.655329e+04	9.999000e+03	4.263074e+01	2021	2	8	0
	875	291	38.750000	-17.125000	9.971104e+04	1.663257e+01	1.084778e+05	1.079798e+05	5.773774e+04	5.685228e+04	9.999000e+03	3.988511e+01	2021	2	8	6
	873	290	38.250000	-17.375000	9.950351e+04	1.681674e+01	1.083696e+05	1.079141e+05	5.761238e+04	5.684960e+04	9.999000e+03	3.547960e+01	2021	2	8	12
	871	288	37.750000	-17.875000	9.974141e+04	1.629274e+01	1.084569e+05	1.080416e+05	5.777460e+04	5.709815e+04	9.999000e+03	3.305924e+01	2021	2	8	18
	868	287	37.000000	-18.125000	9.963023e+04	1.598247e+01	1.082529e+05	1.078232e+05	5.760264e+04	5.699611e+04	9.999000e+03	2.740909e+01	2021	2	9	0
	867	286	36.750000	-18.375000	9.984322e+04	1.521108e+01	1.083508e+05	1.079428e+05	5.773423e+04	5.713036e+04	9.999000e+03	2.619258e+01	2021	2	9	6
	865	286	36.250000	-18.375000	9.962415e+04	1.336861e+01	1.082413e+05	1.078337e+05	5.754132e+04	5.698647e+04	9.999000e+03	2.663264e+01	2021	2	9	12
	865	286	36.250000	-18.375000	9.989791e+04	1.220889e+01	1.083041e+05	1.080012e+05	5.760616e+04	5.712843e+04	9.999000e+03	3.200613e+01	2021	2	9	18
	866	287	36.500000	-18.125000	9.980869e+04	1.229027e+01	1.081121e+05	1.078050e+05	5.746708e+04	5.698976e+04	9.999000e+03	3.793570e+01	2021	2	10	0
	865	285	36.250000	-18.625000	9.997685e+04	1.483640e+01	1.082306e+05	1.078947e+05	5.764573e+04	5.711177e+04	9.999000e+03	3.887400e+01	2021	2	10	6
	863	285	35.750000	-18.625000	9.975967e+04	1.379915e+01	1.082400e+05	1.078203e+05	5.753762e+04	5.698720e+04	9.999000e+03	3.747279e+01	2021	2	10	12
	865	286	36.250000	-18.375000	1.000429e+05	1.299931e+01	1.082997e+05	1.079952e+05	5.766169e+04	5.717617e+04	9.999000e+03	3.440444e+01	2021	2	10	18
	865	284	36.250000	-18.875000	9.998574e+04	1.245995e+01	1.081686e+05	1.078009e+05	5.754434e+04	5.710845e+04	9.999000e+03	4.062911e+01	2021	2	11	0
	863	282	35.750000	-19.375000	1.001051e+05	1.300672e+01	1.083794e+05	1.079263e+05	5.774305e+04	5.725536e+04	9.999000e+03	4.188206e+01	2021	2	11	6
	862	283	35.500000	-19.125000	9.996934e+04	1.278247e+01	1.081778e+05	1.078350e+05	5.758102e+04	5.715755e+04	9.999000e+03	3.494592e+01	2021	2	11	12
	862	282	35.500000	-19.375000	1.002143e+05	1.170050e+01	1.083070e+05	1.079996e+05	5.776964e+04	5.729047e+04	9.999000e+03	3.343180e+01	2021	2	11	18
	858	282	34.500000	-19.375000	1.002352e+05	1.097029e+01	1.082355e+05	1.078050e+05	5.764838e+04	5.718755e+04	9.999000e+03	3.115401e+01	2021	2	12	0
	857	282	34.250000	-19.375000	1.005025e+05	9.209481e+00	1.083202e+05	1.079460e+05	5.777145e+04	5.733914e+04	9.999000e+03	2.269061e+01	2021	2	12	6
	858	283	34.500000	-19.125000	1.003334e+05	8.229514e+00	1.082117e+05	1.079449e+05	5.771551e+04	5.727271e+04	9.999000e+03	2.087032e+01	2021	2	12	12
	858	284	34.500000	-18.875000	1.005539e+05	9.689993e+00	1.083887e+05	1.080700e+05	5.792311e+04	5.742916e+04	9.999000e+03	1.715426e+01	2021	2	12	18
	860	280	35.000000	-19.875000	1.005527e+05	1.102326e+01	1.082386e+05	1.078973e+05	5.775855e+04	5.735572e+04	9.999000e+03	1.797649e+01	2021	2	13	0
	859	278	34.750000	-20.375000	1.007671e+05	7.914687e+00	1.083512e+05	1.080812e+05	5.790858e+04	5.754510e+04	9.999000e+03	1.663351e+01	2021	2	13	6
start	55	2021	1	30	12
	1307	308	146.750000	-12.875000	1.007007e+05	1.270821e+01	1.083604e+05	1.081570e+05	5.780840e+04	5.760691e+04	3.033684e+02	2.507474e+01	2021	1	30	12
	1307	306	146.750000	-13.375000	1.003903e+05	1.387012e+01	1.081291e+05	1.078574e+05	5.761100e+04	5.732196e+04	3.040384e+02	2.654985e+01	2021	1	30	18
	1302	308	145.500000	-12.875000	1.006790e+05	1.512909e+01	1.083463e+05	1.081294e+05	5.789536e+04	5.760188e+04	9.999000e+03	2.046046e+01	2021	1	31	0
	1301	312	145.250000	-11.875000	1.003518e+05	1.429028e+01	1.081638e+05	1.080171e+05	5.764872e+04	5.735454e+04	9.999000e+03	1.915389e+01	2021	1	31	6
	1301	312	145.250000	-11.875000	1.006232e+05	1.433103e+01	1.084267e+05	1.081842e+05	5.783145e+04	5.762642e+04	9.999000e+03	2.337890e+01	2021	1	31	12
	1299	311	144.750000	-12.125000	1.003222e+05	1.236408e+01	1.081179e+05	1.079037e+05	5.760613e+04	5.733115e+04	9.999000e+03	2.815164e+01	2021	1	31	18
	1300	312	145.000000	-11.875000	1.005253e+05	1.338184e+01	1.084196e+05	1.081116e+05	5.778073e+04	5.748080e+04	9.999000e+03	3.106019e+01	2021	2	1	0
	1299	309	144.750000	-12.625000	1.002055e+05	1.515761e+01	1.081754e+05	1.079594e+05	5.756446e+04	5.716341e+04	9.999000e+03	1.977003e+01	2021	2	1	6
	1295	309	143.750000	-12.625000	1.004808e+05	1.643022e+01	1.083460e+05	1.081260e+05	5.783970e+04	5.736405e+04	9.999000e+03	1.863981e+01	2021	2	1	12
	1295	308	143.750000	-12.875000	1.002008e+05	1.762930e+01	1.080853e+05	1.078769e+05	5.763805e+04	5.707421e+04	9.999000e+03	2.003864e+01	2021	2	1	18
	1288	308	142.000000	-12.875000	1.004518e+05	1.350454e+01	1.083224e+05	1.081191e+05	5.780847e+04	5.728742e+04	9.999000e+03	1.859239e+01	2021	2	2	0
	1284	308	141.000000	-12.875000	1.000840e+05	1.556195e+01	1.081693e+05	1.079517e+05	5.761380e+04	5.712498e+04	9.999000e+03	1.584687e+01	2021	2	2	6
	1278	307	139.500000	-13.125000	1.002155e+05	1.667619e+01	1.083716e+05	1.080560e+05	5.790548e+04	5.723316e+04	3.066859e+02	2.024298e+01	2021	2	2	12
	1274	307	138.500000	-13.125000	9.990850e+04	1.741631e+01	1.080827e+05	1.077190e+05	5.762715e+04	5.698561e+04	9.999000e+03	2.541855e+01	2021	2	2	18
	1268	307	137.000000	-13.125000	9.999520e+04	1.713008e+01	1.082773e+05	1.079351e+05	5.783892e+04	5.707907e+04	9.999000e+03	2.491812e+01	2021	2	3	0
	1264	307	136.000000	-13.125000	9.971883e+04	1.449021e+01	1.080961e+05	1.076195e+05	5.768186e+04	5.681200e+04	9.999000e+03	2.138766e+01	2021	2	3	6
	1260	309	135.000000	-12.625000	1.001166e+05	1.277254e+01	1.083181e+05	1.079278e+05	5.785139e+04	5.719032e+04	9.999000e+03	3.167158e+01	2021	2	3	12
	1257	310	134.250000	-12.375000	9.992112e+04	1.354123e+01	1.080438e+05	1.077248e+05	5.753569e+04	5.704910e+04	9.999000e+03	3.161475e+01	2021	2	3	18
	1251	309	132.750000	-12.625000	1.000053e+05	1.476616e+01	1.082034e+05	1.079788e+05	5.779839e+04	5.718205e+04	9.999000e+03	2.752081e+01	2021	2	4	0
	1248	309	132.000000	-12.625000	9.961475e+04	1.620583e+01	1.081158e+05	1.078161e+05	5.764299e+04	5.699919e+04	9.999000e+03	2.287781e+01	2021	2	4	6
	1243	307	130.750000	-13.125000	9.964920e+04	1.254144e+01	1.082437e+05	1.079665e+05	5.789312e+04	5.701934e+04	9.999000e+03	2.722474e+01	2021	2	4	12
	1238	305	129.500000	-13.625000	9.912285e+04	2.285219e+01	1.079761e+05	1.075791e+05	5.768651e+04	5.646283e+04	9.999000e+03	2.806803e+01	2021	2	4	18
	1235	305	128.750000	-13.625000	9.914025e+04	2.289727e+01	1.082070e+05	1.075031e+05	5.785236e+04	5.635669e+04	9.999000e+03	3.289998e+01	2021	2	5	0
	1232	303	128.000000	-14.125000	9.907880e+04	2.200089e+01	1.080995e+05	1.073922e+05	5.777121e+04	5.606896e+04	9.999000e+03	3.852196e+01	2021	2	5	6
	1227	301	126.750000	-14.625000	9.960520e+04	1.880323e+01	1.082814e+05	1.075207e+05	5.795757e+04	5.651659e+04	9.999000e+03	3.427549e+01	2021	2	5	12
	1223	301	125.750000	-14.625000	9.952570e+04	1.719882e+01	1.080211e+05	1.074168e+05	5.776926e+04	5.654435e+04	9.999000e+03	3.210021e+01	2021	2	5	18
	1218	299	124.500000	-15.125000	9.958291e+04	1.629333e+01	1.082000e+05	1.077320e+05	5.795095e+04	5.676463e+04	9.999000e+03	3.733529e+01	2021	2	6	0
	1213	297	123.250000	-15.625000	9.928494e+04	2.359830e+01	1.082337e+05	1.077989e+05	5.786151e+04	5.665596e+04	9.999000e+03	5.043059e+01	2021	2	6	6
	1208	296	122.000000	-15.875000	9.922649e+04	2.282977e+01	1.083930e+05	1.078513e+05	5.801360e+04	5.664697e+04	9.999000e+03	5.488461e+01	2021	2	6	12
	1204	297	121.000000	-15.625000	9.882098e+04	2.372940e+01	1.081534e+05	1.074223e+05	5.783278e+04	5.620244e+04	9.999000e+03	6.632626e+01	2021	2	6	18
	1200	297	120.000000	-15.625000	9.857026e+04	2.272247e+01	1.082471e+05	1.075565e+05	5.785441e+04	5.611593e+04	3.043580e+02	6.081593e+01	2021	2	7	0
	1197	295	119.250000	-16.125000	9.819049e+04	2.388935e+01	1.081409e+05	1.073971e+05	5.776677e+04	5.571663e+04	3.041037e+02	5.692336e+01	2021	2	7	6
	1192	296	118.000000	-15.875000	9.789518e+04	2.551962e+01	1.082408e+05	1.072043e+05	5.778584e+04	5.547898e+04	3.038034e+02	5.957440e+01	2021	2	7	12
	1190	296	117.500000	-15.875000	9.731847e+04	2.563152e+01	1.080073e+05	1.068926e+05	5.753883e+04	5.508920e+04	3.037119e+02	6.743948e+01	2021	2	7	18
	1188	295	117.000000	-16.125000	9.699255e+04	2.734528e+01	1.080848e+05	1.066423e+05	5.755374e+04	5.487629e+04	3.034855e+02	6.589321e+01	2021	2	8	0
	1185	294	116.250000	-16.375000	9.662204e+04	2.925823e+01	1.079292e+05	1.066002e+05	5.729252e+04	5.456549e+04	3.032280e+02	5.450135e+01	2021	2	8	6
	1184	291	116.000000	-17.125000	9.649406e+04	2.948426e+01	1.080236e+05	1.066460e+05	5.744464e+04	5.461737e+04	3.032051e+02	5.713537e+01	2021	2	8	12
	1182	290	115.500000	-17.375000	9.624848e+04	3.088779e+01	1.078336e+05	1.065091e+05	5.725249e+04	5.448117e+04	3.030109e+02	5.956704e+01	2021	2	8	18
	1181	287	115.250000	-18.125000	9.641476e+04	3.082676e+01	1.079656e+05	1.066060e+05	5.738259e+04	5.468827e+04	3.030936e+02	5.246311e+01	2021	2	9	0
	1180	283	115.000000	-19.125000	9.631738e+04	3.436468e+01	1.079119e+05	1.066458e+05	5.731759e+04	5.466379e+04	3.047021e+02	4.716950e+01	2021	2	9	6
	1178	279	114.500000	-20.125000	9.642045e+04	3.871904e+01	1.080814e+05	1.068468e+05	5.749454e+04	5.481623e+04	9.999000e+03	4.286992e+01	2021	2	9	12
	1177	274	114.250000	-21.375000	9.636311e+04	3.502658e+01	1.079511e+05	1.067393e+05	5.740103e+04	5.475856e+04	9.999000e+03	3.763801e+01	2021	2	9	18
	1175	269	113.750000	-22.625000	9.658855e+04	3.227783e+01	1.080080e+05	1.069527e+05	5.748873e+04	5.499860e+04	9.999000e+03	3.460109e+01	2021	2	10	0
	1171	265	112.750000	-23.625000	9.672573e+04	2.762978e+01	1.079370e+05	1.070314e+05	5.726416e+04	5.503453e+04	9.999000e+03	2.564202e+01	2021	2	10	6
	1170	262	112.500000	-24.375000	9.712573e+04	2.745825e+01	1.081940e+05	1.072234e+05	5.743928e+04	5.535949e+04	9.999000e+03	2.037128e+01	2021	2	10	12
	1170	258	112.500000	-25.375000	9.737754e+04	2.606307e+01	1.080831e+05	1.073439e+05	5.740627e+04	5.556973e+04	9.999000e+03	1.878557e+01	2021	2	10	18
	1171	255	112.750000	-26.125000	9.783089e+04	2.318592e+01	1.081646e+05	1.074501e+05	5.753260e+04	5.588714e+04	9.999000e+03	1.748996e+01	2021	2	11	0
	1174	250	113.500000	-27.375000	9.807533e+04	2.013175e+01	1.081761e+05	1.072582e+05	5.752506e+04	5.601005e+04	9.999000e+03	2.076883e+01	2021	2	11	6
	1179	244	114.750000	-28.875000	9.842126e+04	2.010222e+01	1.082943e+05	1.071019e+05	5.764263e+04	5.616167e+04	9.999000e+03	1.988777e+01	2021	2	11	12
	1185	238	116.250000	-30.375000	9.874117e+04	1.774609e+01	1.082000e+05	1.066644e+05	5.749050e+04	5.617038e+04	9.999000e+03	1.527013e+01	2021	2	11	18
	1193	234	118.250000	-31.375000	9.924198e+04	1.246520e+01	1.081933e+05	1.064720e+05	5.764364e+04	5.637211e+04	9.999000e+03	1.405309e+01	2021	2	12	0
	1216	229	124.000000	-32.625000	9.938356e+04	1.326313e+01	1.081842e+05	1.065611e+05	5.774110e+04	5.618032e+04	9.999000e+03	1.500347e+01	2021	2	12	6
	1229	226	127.250000	-33.375000	9.958730e+04	1.504552e+01	1.082497e+05	1.065084e+05	5.781047e+04	5.617884e+04	9.999000e+03	1.228473e+01	2021	2	12	12
	1233	221	128.250000	-34.625000	9.959840e+04	1.983863e+01	1.079639e+05	1.052659e+05	5.739092e+04	5.550251e+04	2.945883e+02	8.911894e+00	2021	2	12	18
	1246	220	131.500000	-34.875000	9.998380e+04	1.817667e+01	1.079905e+05	1.049891e+05	5.747440e+04	5.534543e+04	2.936759e+02	3.915476e+00	2021	2	13	0
start	15	2021	2	2	6
	1166	302	111.500000	-14.375000	1.004255e+05	1.037214e+01	1.081667e+05	1.079275e+05	5.780914e+04	5.732891e+04	3.034111e+02	9.061440e+00	2021	2	2	6
	1159	301	109.750000	-14.625000	1.004630e+05	1.134141e+01	1.083282e+05	1.079884e+05	5.793334e+04	5.730645e+04	3.031888e+02	1.379065e+01	2021	2	2	12
	1153	301	108.250000	-14.625000	1.003739e+05	1.267049e+01	1.082117e+05	1.078560e+05	5.784572e+04	5.723906e+04	3.030758e+02	2.522115e+01	2021	2	2	18
	1147	301	106.750000	-14.625000	1.004028e+05	1.395140e+01	1.081966e+05	1.078474e+05	5.782587e+04	5.720980e+04	3.023129e+02	2.334445e+01	2021	2	3	0
	1140	298	105.000000	-15.375000	1.001953e+05	1.465837e+01	1.081427e+05	1.078595e+05	5.777764e+04	5.712390e+04	3.023999e+02	1.400535e+01	2021	2	3	6
	1133	298	103.250000	-15.375000	1.001350e+05	1.664394e+01	1.082019e+05	1.078987e+05	5.781142e+04	5.705386e+04	3.024359e+02	1.537252e+01	2021	2	3	12
	1126	297	101.500000	-15.625000	1.000978e+05	1.676824e+01	1.081910e+05	1.078996e+05	5.780793e+04	5.699890e+04	3.020835e+02	2.794210e+01	2021	2	3	18
	1123	296	100.750000	-15.875000	1.001074e+05	2.011292e+01	1.081967e+05	1.078120e+05	5.775877e+04	5.703257e+04	3.020576e+02	2.465513e+01	2021	2	4	0
	1116	291	99.000000	-17.125000	1.000311e+05	2.035670e+01	1.082181e+05	1.079142e+05	5.779376e+04	5.708316e+04	3.019770e+02	1.663609e+01	2021	2	4	6
	1112	291	98.000000	-17.125000	9.990237e+04	1.992878e+01	1.082245e+05	1.079838e+05	5.780631e+04	5.713792e+04	3.014977e+02	1.452167e+01	2021	2	4	12
	1107	288	96.750000	-17.875000	1.000872e+05	1.775995e+01	1.082177e+05	1.080247e+05	5.785236e+04	5.731725e+04	3.011542e+02	1.597217e+01	2021	2	4	18
	1100	286	95.000000	-18.375000	1.001197e+05	1.692051e+01	1.081431e+05	1.079045e+05	5.775193e+04	5.732218e+04	3.009306e+02	1.063192e+01	2021	2	5	0
	1097	284	94.250000	-18.875000	1.002198e+05	1.877422e+01	1.082261e+05	1.079609e+05	5.779277e+04	5.742222e+04	3.007045e+02	5.710167e+00	2021	2	5	6
	1092	283	93.000000	-19.125000	1.001935e+05	1.631696e+01	1.082003e+05	1.078185e+05	5.772838e+04	5.744275e+04	3.009828e+02	1.053770e+01	2021	2	5	12
	1090	282	92.500000	-19.375000	1.003681e+05	1.527341e+01	1.081751e+05	1.077049e+05	5.777689e+04	5.751734e+04	3.009121e+02	1.774122e+01	2021	2	5	18
start	13	2021	2	5	0
	1437	311	179.250000	-12.125000	1.005127e+05	1.163257e+01	1.083319e+05	1.081565e+05	5.772116e+04	5.744779e+04	3.022990e+02	1.443415e+01	2021	2	5	0
	1436	310	179.000000	-12.375000	1.003948e+05	1.142667e+01	1.083005e+05	1.081177e+05	5.767109e+04	5.738009e+04	3.022387e+02	2.016552e+01	2021	2	5	6
	1434	306	178.500000	-13.375000	1.005271e+05	1.201986e+01	1.083801e+05	1.082462e+05	5.775964e+04	5.746036e+04	3.020555e+02	2.325854e+01	2021	2	5	12
	1433	304	178.250000	-13.875000	1.004147e+05	1.257371e+01	1.083106e+05	1.081226e+05	5.772175e+04	5.741013e+04	3.018991e+02	1.932104e+01	2021	2	5	18
	1431	302	177.750000	-14.375000	1.004505e+05	1.412111e+01	1.084227e+05	1.082316e+05	5.772909e+04	5.741456e+04	3.019168e+02	2.190960e+01	2021	2	6	0
	1427	300	176.750000	-14.875000	1.003672e+05	1.468240e+01	1.082379e+05	1.080511e+05	5.762605e+04	5.734584e+04	3.021230e+02	2.142858e+01	2021	2	6	6
	1424	299	176.000000	-15.125000	1.005243e+05	1.504947e+01	1.083308e+05	1.081511e+05	5.778773e+04	5.748824e+04	3.021142e+02	1.692621e+01	2021	2	6	12
	1422	299	175.500000	-15.125000	1.003379e+05	1.472380e+01	1.082183e+05	1.080159e+05	5.764862e+04	5.741807e+04	3.020629e+02	9.576521e+00	2021	2	6	18
	1419	298	174.750000	-15.375000	1.004298e+05	1.509103e+01	1.083450e+05	1.081145e+05	5.779625e+04	5.758407e+04	3.027477e+02	1.300019e+01	2021	2	7	0
	1416	296	174.000000	-15.875000	1.002962e+05	1.467664e+01	1.082608e+05	1.080071e+05	5.766743e+04	5.750517e+04	3.029024e+02	1.881617e+01	2021	2	7	6
	1413	294	173.250000	-16.375000	1.005231e+05	1.559930e+01	1.084170e+05	1.081422e+05	5.782338e+04	5.757996e+04	3.024919e+02	1.589900e+01	2021	2	7	12
	1410	294	172.500000	-16.375000	1.003702e+05	1.510669e+01	1.082087e+05	1.079302e+05	5.767509e+04	5.750384e+04	3.026106e+02	7.465044e+00	2021	2	7	18
	1409	294	172.250000	-16.375000	1.004731e+05	1.413795e+01	1.083720e+05	1.080836e+05	5.787646e+04	5.761896e+04	3.028671e+02	6.911708e+00	2021	2	8	0
start	32	2021	2	16	0
	1351	315	157.750000	-11.125000	1.004112e+05	1.007362e+01	1.083362e+05	1.081591e+05	5.769480e+04	5.727769e+04	3.039492e+02	3.504857e+01	2021	2	16	0
	1347	313	156.750000	-11.625000	1.000981e+05	1.136159e+01	1.081438e+05	1.079023e+05	5.745412e+04	5.709240e+04	3.043237e+02	2.452364e+01	2021	2	16	6
	1349	317	157.250000	-10.625000	1.003701e+05	1.120438e+01	1.082995e+05	1.081558e+05	5.763761e+04	5.732391e+04	3.038081e+02	3.333438e+01	2021	2	16	12
	1351	317	157.750000	-10.625000	9.997741e+04	1.236918e+01	1.080442e+05	1.078056e+05	5.739324e+04	5.699227e+04	3.037335e+02	3.646131e+01	2021	2	16	18
	1352	314	158.000000	-11.375000	1.002212e+05	1.286241e+01	1.082778e+05	1.080389e+05	5.758912e+04	5.715868e+04	9.999000e+03	3.710145e+01	2021	2	17	0
	1349	312	157.250000	-11.875000	9.987813e+04	1.235245e+01	1.080167e+05	1.077643e+05	5.734839e+04	5.691842e+04	3.036915e+02	2.496963e+01	2021	2	17	6
	1346	316	156.500000	-10.875000	1.001554e+05	1.421705e+01	1.083115e+05	1.081169e+05	5.756731e+04	5.716314e+04	3.036419e+02	2.574239e+01	2021	2	17	12
	1351	315	157.750000	-11.125000	9.986209e+04	1.374887e+01	1.080575e+05	1.078238e+05	5.735031e+04	5.689552e+04	3.035984e+02	3.330187e+01	2021	2	17	18
	1352	313	158.000000	-11.625000	1.000761e+05	1.523079e+01	1.083191e+05	1.080429e+05	5.759465e+04	5.720823e+04	9.999000e+03	3.597810e+01	2021	2	18	0
	1348	313	157.000000	-11.625000	9.974737e+04	1.425872e+01	1.081500e+05	1.079036e+05	5.735088e+04	5.695751e+04	3.036477e+02	2.786895e+01	2021	2	18	6
	1351	312	157.750000	-11.875000	1.000332e+05	1.621694e+01	1.084044e+05	1.082056e+05	5.764163e+04	5.721769e+04	3.035701e+02	3.103135e+01	2021	2	18	12
	1351	309	157.750000	-12.625000	9.973945e+04	1.485684e+01	1.081974e+05	1.079665e+05	5.739436e+04	5.698653e+04	3.035166e+02	2.739537e+01	2021	2	18	18
	1350	309	157.500000	-12.625000	9.988378e+04	1.525479e+01	1.084555e+05	1.081964e+05	5.763320e+04	5.717043e+04	3.035225e+02	3.083250e+01	2021	2	19	0
	1354	307	158.500000	-13.125000	9.960646e+04	1.571316e+01	1.082980e+05	1.079246e+05	5.743864e+04	5.690403e+04	3.035123e+02	2.996444e+01	2021	2	19	6
	1351	306	157.750000	-13.375000	9.971122e+04	1.667777e+01	1.085203e+05	1.081618e+05	5.764781e+04	5.710378e+04	3.034032e+02	3.522141e+01	2021	2	19	12
	1353	303	158.250000	-14.125000	9.934662e+04	1.658068e+01	1.082998e+05	1.078326e+05	5.741939e+04	5.675859e+04	3.032715e+02	3.162696e+01	2021	2	19	18
	1350	302	157.500000	-14.375000	9.943560e+04	1.764269e+01	1.084340e+05	1.080523e+05	5.757402e+04	5.686384e+04	3.031559e+02	2.853175e+01	2021	2	20	0
	1352	300	158.000000	-14.875000	9.903773e+04	1.910889e+01	1.082760e+05	1.076918e+05	5.729392e+04	5.656214e+04	3.030617e+02	2.647388e+01	2021	2	20	6
	1353	299	158.250000	-15.125000	9.913750e+04	1.934621e+01	1.084279e+05	1.079302e+05	5.755361e+04	5.674220e+04	3.029737e+02	2.911421e+01	2021	2	20	12
	1354	297	158.500000	-15.625000	9.879424e+04	2.018577e+01	1.081546e+05	1.075848e+05	5.725028e+04	5.644397e+04	3.029010e+02	2.646424e+01	2021	2	20	18
	1357	295	159.250000	-16.125000	9.886061e+04	2.012908e+01	1.083744e+05	1.077387e+05	5.746064e+04	5.647562e+04	3.028768e+02	2.861052e+01	2021	2	21	0
	1359	292	159.750000	-16.875000	9.846935e+04	2.303153e+01	1.082234e+05	1.073139e+05	5.725680e+04	5.605010e+04	3.028130e+02	2.806447e+01	2021	2	21	6
	1364	289	161.000000	-17.625000	9.856868e+04	2.101015e+01	1.083933e+05	1.074094e+05	5.748217e+04	5.604296e+04	3.026061e+02	3.428938e+01	2021	2	21	12
	1367	285	161.750000	-18.625000	9.819409e+04	2.297344e+01	1.081754e+05	1.070960e+05	5.730666e+04	5.558034e+04	3.025084e+02	2.845339e+01	2021	2	21	18
	1371	281	162.750000	-19.625000	9.830289e+04	2.320732e+01	1.084315e+05	1.072735e+05	5.749805e+04	5.567859e+04	9.999000e+03	2.687555e+01	2021	2	22	0
	1375	274	163.750000	-21.375000	9.812304e+04	2.532333e+01	1.084049e+05	1.071067e+05	5.743420e+04	5.545426e+04	9.999000e+03	2.649982e+01	2021	2	22	6
	1379	266	164.750000	-23.375000	9.841133e+04	2.513815e+01	1.086149e+05	1.075736e+05	5.767431e+04	5.578056e+04	9.999000e+03	2.671210e+01	2021	2	22	12
	1383	257	165.750000	-25.625000	9.836272e+04	2.325543e+01	1.084788e+05	1.071184e+05	5.758559e+04	5.581514e+04	3.013643e+02	2.036850e+01	2021	2	22	18
	1389	247	167.250000	-28.125000	9.863884e+04	2.536434e+01	1.087069e+05	1.070247e+05	5.780695e+04	5.613039e+04	3.001857e+02	1.973000e+01	2021	2	23	0
	1395	235	168.750000	-31.125000	9.862980e+04	2.367237e+01	1.086012e+05	1.064588e+05	5.775990e+04	5.614884e+04	2.987302e+02	1.507215e+01	2021	2	23	6
	1404	222	171.000000	-34.375000	9.896658e+04	2.346157e+01	1.086665e+05	1.059018e+05	5.788109e+04	5.600104e+04	2.968113e+02	1.471996e+01	2021	2	23	12
	1413	212	173.250000	-36.875000	9.924332e+04	2.289439e+01	1.085244e+05	1.051693e+05	5.776297e+04	5.564784e+04	9.999000e+03	7.446247e+00	2021	2	23	18
start	13	2021	2	19	18
	1011	289	72.750000	-17.625000	1.003054e+05	1.308056e+01	1.082542e+05	1.080056e+05	5.784703e+04	5.732636e+04	3.022418e+02	3.150658e+01	2021	2	19	18
	1006	286	71.500000	-18.375000	1.000554e+05	1.357021e+01	1.080603e+05	1.077432e+05	5.757680e+04	5.710241e+04	3.016839e+02	2.110658e+01	2021	2	20	0
	1002	283	70.500000	-19.125000	1.002703e+05	1.277147e+01	1.081821e+05	1.079339e+05	5.777548e+04	5.723551e+04	3.016291e+02	1.579280e+01	2021	2	20	6
	1002	279	70.500000	-20.125000	1.000886e+05	1.246481e+01	1.081448e+05	1.077888e+05	5.765805e+04	5.703150e+04	3.014690e+02	2.036235e+01	2021	2	20	12
	1004	275	71.000000	-21.125000	1.003267e+05	1.332113e+01	1.083844e+05	1.079252e+05	5.784398e+04	5.720039e+04	3.008026e+02	2.341254e+01	2021	2	20	18
	1003	272	70.750000	-21.875000	1.000802e+05	1.335700e+01	1.081411e+05	1.076825e+05	5.763347e+04	5.700625e+04	3.005927e+02	1.935061e+01	2021	2	21	0
	1002	269	70.500000	-22.625000	1.002279e+05	1.301341e+01	1.083395e+05	1.076611e+05	5.776834e+04	5.720429e+04	3.005860e+02	1.425838e+01	2021	2	21	6
	1007	266	71.750000	-23.375000	1.000960e+05	1.428507e+01	1.082461e+05	1.075074e+05	5.770695e+04	5.709707e+04	3.004196e+02	1.933755e+01	2021	2	21	12
	1013	262	73.250000	-24.375000	1.002645e+05	1.553852e+01	1.083881e+05	1.075219e+05	5.789042e+04	5.721543e+04	2.999641e+02	2.716151e+01	2021	2	21	18
	1017	257	74.250000	-25.625000	9.995176e+04	1.463244e+01	1.081458e+05	1.070528e+05	5.770870e+04	5.705415e+04	2.993742e+02	2.397081e+01	2021	2	22	0
	1018	257	74.500000	-25.625000	1.001524e+05	1.614543e+01	1.083381e+05	1.071175e+05	5.786410e+04	5.727276e+04	2.994228e+02	2.052489e+01	2021	2	22	6
	1021	256	75.250000	-25.875000	1.000500e+05	1.780088e+01	1.082201e+05	1.070178e+05	5.772659e+04	5.719226e+04	2.997808e+02	2.289646e+01	2021	2	22	12
	1025	255	76.250000	-26.125000	1.002981e+05	1.940374e+01	1.083032e+05	1.069923e+05	5.787436e+04	5.723918e+04	2.990593e+02	2.654081e+01	2021	2	22	18
start	26	2021	3	22	12
	1082	323	90.500000	-9.125000	1.005832e+05	1.227305e+01	1.080909e+05	1.078175e+05	5.783824e+04	5.749590e+04	3.034681e+02	2.237079e+01	2021	3	22	12
	1077	320	89.250000	-9.875000	1.007410e+05	1.508103e+01	1.082279e+05	1.079488e+05	5.791374e+04	5.759416e+04	3.034069e+02	3.065873e+01	2021	3	22	18
	1074	320	88.500000	-9.875000	1.004834e+05	1.512062e+01	1.080124e+05	1.077287e+05	5.770418e+04	5.725123e+04	3.033292e+02	2.612060e+01	2021	3	23	0
	1070	322	87.500000	-9.375000	1.005649e+05	1.440845e+01	1.080596e+05	1.078582e+05	5.775821e+04	5.733020e+04	3.034633e+02	1.488210e+01	2021	3	23	6
	1065	324	86.250000	-8.875000	1.003356e+05	1.419462e+01	1.079406e+05	1.076898e+05	5.765239e+04	5.721717e+04	3.032087e+02	2.128337e+01	2021	3	23	12
	1063	324	85.750000	-8.875000	1.005058e+05	1.354591e+01	1.081469e+05	1.078712e+05	5.773416e+04	5.736850e+04	3.030244e+02	3.319324e+01	2021	3	23	18
	1062	323	85.500000	-9.125000	1.001617e+05	1.466455e+01	1.079023e+05	1.076549e+05	5.747214e+04	5.708370e+04	3.029270e+02	3.454831e+01	2021	3	24	0
	1060	323	85.000000	-9.125000	1.001965e+05	1.516870e+01	1.079369e+05	1.077480e+05	5.754809e+04	5.711768e+04	3.028361e+02	3.274799e+01	2021	3	24	6
	1059	320	84.750000	-9.875000	9.995159e+04	1.600536e+01	1.078119e+05	1.076128e+05	5.739102e+04	5.691633e+04	3.027178e+02	3.002990e+01	2021	3	24	12
	1057	322	84.250000	-9.375000	1.000307e+05	1.619791e+01	1.079394e+05	1.075966e+05	5.757335e+04	5.697661e+04	3.025721e+02	3.019232e+01	2021	3	24	18
	1057	318	84.250000	-10.375000	9.976915e+04	1.682314e+01	1.077740e+05	1.074579e+05	5.744110e+04	5.680163e+04	3.023787e+02	2.769555e+01	2021	3	25	0
	1057	316	84.250000	-10.875000	9.983167e+04	1.724336e+01	1.079533e+05	1.075373e+05	5.758193e+04	5.682159e+04	3.022749e+02	2.868365e+01	2021	3	25	6
	1055	312	83.750000	-11.875000	9.955775e+04	1.761010e+01	1.078436e+05	1.073236e+05	5.745479e+04	5.655181e+04	3.023611e+02	3.206530e+01	2021	3	25	12
	1056	310	84.000000	-12.375000	9.966454e+04	1.806528e+01	1.080735e+05	1.075117e+05	5.766693e+04	5.670546e+04	3.022259e+02	2.715522e+01	2021	3	25	18
	1056	307	84.000000	-13.125000	9.933125e+04	1.888577e+01	1.078734e+05	1.073210e+05	5.746971e+04	5.645049e+04	3.021902e+02	2.758677e+01	2021	3	26	0
	1056	304	84.000000	-13.875000	9.937515e+04	1.977389e+01	1.080545e+05	1.074843e+05	5.763827e+04	5.653368e+04	3.022948e+02	3.093722e+01	2021	3	26	6
	1058	301	84.500000	-14.625000	9.893321e+04	2.254884e+01	1.079899e+05	1.073061e+05	5.757458e+04	5.612851e+04	3.022496e+02	3.505425e+01	2021	3	26	12
	1058	297	84.500000	-15.625000	9.882553e+04	2.180134e+01	1.080798e+05	1.072637e+05	5.764811e+04	5.599230e+04	3.022242e+02	3.461269e+01	2021	3	26	18
	1059	293	84.750000	-16.625000	9.874775e+04	2.368673e+01	1.079250e+05	1.071726e+05	5.747863e+04	5.601154e+04	3.021177e+02	2.748220e+01	2021	3	27	0
	1058	291	84.500000	-17.125000	9.905598e+04	2.463818e+01	1.080467e+05	1.074211e+05	5.761680e+04	5.638838e+04	3.021024e+02	2.452915e+01	2021	3	27	6
	1059	289	84.750000	-17.625000	9.907489e+04	2.290153e+01	1.080028e+05	1.075266e+05	5.749052e+04	5.665313e+04	3.019821e+02	2.291077e+01	2021	3	27	12
	1057	287	84.250000	-18.125000	9.897339e+04	2.694514e+01	1.080462e+05	1.076467e+05	5.765077e+04	5.670448e+04	3.018531e+02	1.549654e+01	2021	3	27	18
	1055	287	83.750000	-18.125000	9.898054e+04	2.067628e+01	1.079213e+05	1.074555e+05	5.743654e+04	5.680905e+04	3.018068e+02	9.230186e+00	2021	3	28	0
	1052	286	83.000000	-18.375000	9.943759e+04	2.000015e+01	1.080554e+05	1.075885e+05	5.755602e+04	5.716747e+04	3.018207e+02	7.813589e+00	2021	3	28	6
	1049	284	82.250000	-18.875000	9.950245e+04	1.986966e+01	1.080132e+05	1.074589e+05	5.747199e+04	5.720624e+04	3.014207e+02	9.006881e+00	2021	3	28	12
	1044	284	81.000000	-18.875000	9.993029e+04	1.854127e+01	1.081238e+05	1.074983e+05	5.763135e+04	5.741141e+04	3.014814e+02	9.430576e+00	2021	3	28	18
start	31	2021	3	24	18
	1169	318	112.250000	-10.375000	1.003915e+05	1.033806e+01	1.080732e+05	1.078490e+05	5.754445e+04	5.727288e+04	3.036734e+02	3.440699e+01	2021	3	24	18
	1165	317	111.250000	-10.625000	1.004738e+05	1.216606e+01	1.082037e+05	1.078938e+05	5.768952e+04	5.734610e+04	3.033391e+02	3.598037e+01	2021	3	25	0
	1167	313	111.750000	-11.625000	1.003429e+05	1.347892e+01	1.081624e+05	1.078589e+05	5.759401e+04	5.719327e+04	3.034612e+02	3.174916e+01	2021	3	25	6
	1158	309	109.500000	-12.625000	1.004139e+05	1.428518e+01	1.082845e+05	1.079744e+05	5.771700e+04	5.728104e+04	3.034860e+02	2.628100e+01	2021	3	25	12
	1152	310	108.000000	-12.375000	1.003893e+05	1.318126e+01	1.082469e+05	1.079636e+05	5.769668e+04	5.723621e+04	3.034662e+02	3.079691e+01	2021	3	25	18
	1150	312	107.500000	-11.875000	1.003233e+05	1.440067e+01	1.082735e+05	1.078848e+05	5.769346e+04	5.725697e+04	3.034438e+02	3.080329e+01	2021	3	26	0
	1149	311	107.250000	-12.125000	1.001382e+05	1.381354e+01	1.082324e+05	1.078956e+05	5.761832e+04	5.708364e+04	3.033736e+02	2.496171e+01	2021	3	26	6
	1143	308	105.750000	-12.875000	1.001218e+05	1.440349e+01	1.082655e+05	1.079228e+05	5.772431e+04	5.697079e+04	3.032920e+02	2.443576e+01	2021	3	26	12
	1139	307	104.750000	-13.125000	1.000112e+05	1.657761e+01	1.082171e+05	1.078292e+05	5.774718e+04	5.687333e+04	3.030549e+02	3.034208e+01	2021	3	26	18
	1133	306	103.250000	-13.375000	9.984235e+04	1.653451e+01	1.082265e+05	1.078348e+05	5.770527e+04	5.680644e+04	3.025533e+02	2.831143e+01	2021	3	27	0
	1128	304	102.000000	-13.875000	9.969147e+04	1.735852e+01	1.081478e+05	1.076325e+05	5.768820e+04	5.673321e+04	3.022408e+02	2.739471e+01	2021	3	27	6
	1124	302	101.000000	-14.375000	9.958139e+04	1.803175e+01	1.082131e+05	1.076407e+05	5.774267e+04	5.668607e+04	3.020147e+02	2.040744e+01	2021	3	27	12
	1119	300	99.750000	-14.875000	9.966289e+04	1.906635e+01	1.082178e+05	1.077387e+05	5.776248e+04	5.682426e+04	3.023788e+02	1.785231e+01	2021	3	27	18
	1114	299	98.500000	-15.125000	9.956130e+04	1.835069e+01	1.081507e+05	1.077279e+05	5.774023e+04	5.680870e+04	3.024924e+02	1.621490e+01	2021	3	28	0
	1111	294	97.750000	-16.375000	9.959097e+04	2.039748e+01	1.082478e+05	1.077884e+05	5.784437e+04	5.685206e+04	3.022778e+02	1.741702e+01	2021	3	28	6
	1107	293	96.750000	-16.625000	9.953195e+04	2.023195e+01	1.083013e+05	1.078340e+05	5.776667e+04	5.680650e+04	3.020247e+02	1.872967e+01	2021	3	28	12
	1102	291	95.500000	-17.125000	9.952639e+04	2.029571e+01	1.082857e+05	1.077070e+05	5.782924e+04	5.666138e+04	3.012331e+02	1.742431e+01	2021	3	28	18
	1099	287	94.750000	-18.125000	9.935538e+04	2.291300e+01	1.082040e+05	1.074529e+05	5.786133e+04	5.638911e+04	3.010368e+02	1.507091e+01	2021	3	29	0
	1096	284	94.000000	-18.875000	9.942443e+04	2.246219e+01	1.082785e+05	1.076809e+05	5.792523e+04	5.655099e+04	3.007731e+02	2.196339e+01	2021	3	29	6
	1091	281	92.750000	-19.625000	9.924919e+04	2.641355e+01	1.082684e+05	1.077400e+05	5.788075e+04	5.650562e+04	3.006816e+02	2.679852e+01	2021	3	29	12
	1088	278	92.000000	-20.375000	9.916504e+04	2.541754e+01	1.082758e+05	1.077556e+05	5.788838e+04	5.653966e+04	3.004028e+02	2.149351e+01	2021	3	29	18
	1085	275	91.250000	-21.125000	9.909293e+04	2.406246e+01	1.081287e+05	1.075632e+05	5.781049e+04	5.649549e+04	3.004175e+02	1.557092e+01	2021	3	30	0
	1081	272	90.250000	-21.875000	9.928659e+04	2.485215e+01	1.082084e+05	1.078186e+05	5.779344e+04	5.677554e+04	3.003194e+02	1.550828e+01	2021	3	30	6
	1079	269	89.750000	-22.625000	9.925929e+04	2.328576e+01	1.081353e+05	1.076308e+05	5.772597e+04	5.688012e+04	3.001015e+02	1.801511e+01	2021	3	30	12
	1078	267	89.500000	-23.125000	9.943126e+04	2.250178e+01	1.081536e+05	1.074039e+05	5.772951e+04	5.692576e+04	2.997134e+02	1.875619e+01	2021	3	30	18
	1077	266	89.250000	-23.375000	9.943598e+04	2.242115e+01	1.079587e+05	1.071100e+05	5.762655e+04	5.685884e+04	2.995548e+02	2.049031e+01	2021	3	31	0
	1077	266	89.250000	-23.375000	9.956333e+04	2.193955e+01	1.080349e+05	1.070349e+05	5.773089e+04	5.693438e+04	2.995707e+02	2.018394e+01	2021	3	31	6
	1075	266	88.750000	-23.375000	9.959795e+04	2.268653e+01	1.080072e+05	1.070366e+05	5.767206e+04	5.704193e+04	2.996893e+02	2.210138e+01	2021	3	31	12
	1073	268	88.250000	-22.875000	9.994683e+04	2.103340e+01	1.080519e+05	1.069919e+05	5.772750e+04	5.715414e+04	2.999412e+02	2.319916e+01	2021	3	31	18
	1073	268	88.250000	-22.875000	9.990738e+04	1.980917e+01	1.078305e+05	1.068696e+05	5.755408e+04	5.697147e+04	2.998924e+02	2.066640e+01	2021	4	1	0
	1071	267	87.750000	-23.125000	9.990515e+04	2.298181e+01	1.079468e+05	1.068251e+05	5.768834e+04	5.707603e+04	2.998299e+02	1.411008e+01	2021	4	1	6
start	30	2021	4	6	0
	935	310	53.750000	-12.375000	1.003451e+05	1.183656e+01	1.080374e+05	1.078107e+05	5.755349e+04	5.722601e+04	3.028849e+02	1.920407e+01	2021	4	6	0
	936	310	54.000000	-12.375000	1.006623e+05	1.245522e+01	1.083071e+05	1.081076e+05	5.781426e+04	5.742367e+04	3.028822e+02	1.804055e+01	2021	4	6	6
	935	310	53.750000	-12.375000	1.003126e+05	1.240381e+01	1.080415e+05	1.077701e+05	5.756145e+04	5.709228e+04	3.033255e+02	1.728089e+01	2021	4	6	12
	936	309	54.000000	-12.625000	1.006145e+05	1.218621e+01	1.082887e+05	1.081023e+05	5.787257e+04	5.742711e+04	3.028040e+02	2.182452e+01	2021	4	6	18
	931	313	52.750000	-11.625000	1.003029e+05	1.300689e+01	1.080838e+05	1.078116e+05	5.757829e+04	5.723214e+04	3.026608e+02	1.825768e+01	2021	4	7	0
	934	311	53.500000	-12.125000	1.006249e+05	1.230203e+01	1.083249e+05	1.081460e+05	5.791429e+04	5.755061e+04	3.027098e+02	1.934292e+01	2021	4	7	6
	933	310	53.250000	-12.375000	1.002879e+05	1.244547e+01	1.081498e+05	1.079097e+05	5.765676e+04	5.730319e+04	3.034104e+02	2.243780e+01	2021	4	7	12
	932	309	53.000000	-12.625000	1.005716e+05	1.231838e+01	1.084016e+05	1.081343e+05	5.791386e+04	5.755544e+04	3.025571e+02	2.804946e+01	2021	4	7	18
	928	311	52.000000	-12.125000	1.003020e+05	1.450816e+01	1.081387e+05	1.078960e+05	5.766656e+04	5.723946e+04	3.023619e+02	2.601142e+01	2021	4	8	0
	930	309	52.500000	-12.625000	1.005589e+05	1.468387e+01	1.083603e+05	1.081599e+05	5.793712e+04	5.740635e+04	3.023057e+02	2.861979e+01	2021	4	8	6
	929	307	52.250000	-13.125000	1.002295e+05	1.365179e+01	1.081891e+05	1.078597e+05	5.772634e+04	5.714493e+04	3.024967e+02	3.614251e+01	2021	4	8	12
	928	310	52.000000	-12.375000	1.004819e+05	1.510977e+01	1.084192e+05	1.080608e+05	5.791471e+04	5.726758e+04	3.022016e+02	4.459226e+01	2021	4	8	18
	925	308	51.250000	-12.875000	1.001184e+05	1.487512e+01	1.081291e+05	1.077543e+05	5.765052e+04	5.694843e+04	9.999000e+03	3.339365e+01	2021	4	9	0
	925	307	51.250000	-13.125000	1.002928e+05	1.518463e+01	1.083438e+05	1.079069e+05	5.790998e+04	5.709120e+04	9.999000e+03	3.656565e+01	2021	4	9	6
	924	305	51.000000	-13.625000	9.985014e+04	1.524210e+01	1.081066e+05	1.076993e+05	5.761626e+04	5.677111e+04	9.999000e+03	4.130215e+01	2021	4	9	12
	924	303	51.000000	-14.125000	1.000443e+05	1.606131e+01	1.082663e+05	1.078676e+05	5.782420e+04	5.693843e+04	9.999000e+03	4.562342e+01	2021	4	9	18
	923	300	50.750000	-14.875000	9.976666e+04	1.724290e+01	1.080389e+05	1.076417e+05	5.758583e+04	5.680206e+04	9.999000e+03	3.190233e+01	2021	4	10	0
	922	296	50.500000	-15.875000	1.001742e+05	1.606866e+01	1.082781e+05	1.078916e+05	5.783286e+04	5.708996e+04	9.999000e+03	3.686701e+01	2021	4	10	6
	921	296	50.250000	-15.875000	9.998933e+04	1.471590e+01	1.081585e+05	1.078164e+05	5.763887e+04	5.693343e+04	9.999000e+03	4.805721e+01	2021	4	10	12
	923	297	50.750000	-15.625000	1.003266e+05	1.569048e+01	1.082695e+05	1.079962e+05	5.785965e+04	5.721484e+04	9.999000e+03	4.628523e+01	2021	4	10	18
	921	292	50.250000	-16.875000	9.996961e+04	1.683095e+01	1.080477e+05	1.078036e+05	5.760106e+04	5.699283e+04	9.999000e+03	3.870187e+01	2021	4	11	0
	919	289	49.750000	-17.625000	1.002878e+05	1.716571e+01	1.083099e+05	1.080691e+05	5.785248e+04	5.726028e+04	9.999000e+03	4.158818e+01	2021	4	11	6
	918	289	49.500000	-17.625000	1.001199e+05	1.480905e+01	1.081550e+05	1.079123e+05	5.764238e+04	5.704726e+04	9.999000e+03	4.647725e+01	2021	4	11	12
	918	286	49.500000	-18.375000	1.004092e+05	1.623380e+01	1.083191e+05	1.080567e+05	5.784063e+04	5.723087e+04	9.999000e+03	4.659669e+01	2021	4	11	18
	917	284	49.250000	-18.875000	1.002131e+05	1.878861e+01	1.080861e+05	1.078082e+05	5.762495e+04	5.700723e+04	9.999000e+03	3.604566e+01	2021	4	12	0
	917	281	49.250000	-19.625000	1.005211e+05	1.933296e+01	1.083534e+05	1.079566e+05	5.791931e+04	5.723765e+04	9.999000e+03	3.449375e+01	2021	4	12	6
	916	278	49.000000	-20.375000	1.003264e+05	1.854305e+01	1.081720e+05	1.077260e+05	5.769701e+04	5.715267e+04	9.999000e+03	3.402842e+01	2021	4	12	12
	915	275	48.750000	-21.125000	1.005033e+05	2.093545e+01	1.083692e+05	1.077394e+05	5.789225e+04	5.737114e+04	9.999000e+03	2.887371e+01	2021	4	12	18
	913	274	48.250000	-21.375000	1.003369e+05	1.940177e+01	1.081570e+05	1.074635e+05	5.769348e+04	5.728367e+04	9.999000e+03	1.908258e+01	2021	4	13	0
	914	273	48.500000	-21.625000	1.006850e+05	1.772549e+01	1.084025e+05	1.076488e+05	5.797823e+04	5.755246e+04	9.999000e+03	1.692696e+01	2021	4	13	6
start	31	2021	4	15	18
	1091	328	92.750000	-7.875000	1.005791e+05	1.437620e+01	1.081070e+05	1.079107e+05	5.773391e+04	5.740077e+04	3.033117e+02	2.080325e+01	2021	4	15	18
	1092	327	93.000000	-8.125000	1.004791e+05	1.247424e+01	1.080278e+05	1.077878e+05	5.756923e+04	5.734209e+04	3.032267e+02	2.637470e+01	2021	4	16	0
	1087	325	91.750000	-8.625000	1.005610e+05	1.315799e+01	1.080772e+05	1.079191e+05	5.773683e+04	5.739423e+04	3.031603e+02	2.427794e+01	2021	4	16	6
	1084	326	91.000000	-8.375000	1.004331e+05	1.539869e+01	1.080564e+05	1.077788e+05	5.760399e+04	5.722992e+04	3.030593e+02	2.413620e+01	2021	4	16	12
	1083	324	90.750000	-8.875000	1.005753e+05	1.522005e+01	1.081388e+05	1.079218e+05	5.774162e+04	5.729627e+04	3.029227e+02	2.931871e+01	2021	4	16	18
	1078	323	89.500000	-9.125000	1.003616e+05	1.639090e+01	1.080603e+05	1.077550e+05	5.765846e+04	5.721325e+04	3.028378e+02	2.725618e+01	2021	4	17	0
	1075	323	88.750000	-9.125000	1.003176e+05	1.652457e+01	1.081404e+05	1.079098e+05	5.775680e+04	5.720823e+04	3.028470e+02	2.756380e+01	2021	4	17	6
	1072	321	88.000000	-9.625000	1.001533e+05	1.642473e+01	1.080809e+05	1.078343e+05	5.772664e+04	5.710163e+04	3.027975e+02	2.495442e+01	2021	4	17	12
	1067	322	86.750000	-9.375000	1.001688e+05	1.815796e+01	1.082437e+05	1.079432e+05	5.782461e+04	5.719394e+04	3.027563e+02	3.251573e+01	2021	4	17	18
	1063	322	85.750000	-9.375000	9.990151e+04	1.797620e+01	1.081491e+05	1.077615e+05	5.764545e+04	5.696945e+04	3.026823e+02	3.216251e+01	2021	4	18	0
	1057	322	84.250000	-9.375000	9.990223e+04	1.891128e+01	1.081924e+05	1.078705e+05	5.775266e+04	5.688873e+04	3.025919e+02	2.821941e+01	2021	4	18	6
	1053	322	83.250000	-9.375000	9.964695e+04	1.825569e+01	1.081258e+05	1.075659e+05	5.765886e+04	5.668411e+04	3.024875e+02	3.080139e+01	2021	4	18	12
	1048	322	82.000000	-9.375000	9.972665e+04	1.825917e+01	1.082464e+05	1.076590e+05	5.778098e+04	5.681083e+04	3.024958e+02	3.616734e+01	2021	4	18	18
	1044	321	81.000000	-9.625000	9.945977e+04	1.844034e+01	1.080346e+05	1.073882e+05	5.761240e+04	5.660614e+04	3.024701e+02	3.309859e+01	2021	4	19	0
	1039	320	79.750000	-9.875000	9.956446e+04	1.954356e+01	1.081492e+05	1.076225e+05	5.774682e+04	5.674171e+04	3.025671e+02	3.261737e+01	2021	4	19	6
	1035	319	78.750000	-10.125000	9.922401e+04	1.963501e+01	1.080071e+05	1.074795e+05	5.754181e+04	5.649145e+04	3.025734e+02	3.050619e+01	2021	4	19	12
	1031	317	77.750000	-10.625000	9.937920e+04	1.954807e+01	1.081592e+05	1.076837e+05	5.774611e+04	5.668239e+04	3.025021e+02	3.252623e+01	2021	4	19	18
	1026	315	76.500000	-11.125000	9.907476e+04	2.052718e+01	1.079925e+05	1.075063e+05	5.755533e+04	5.655508e+04	3.024388e+02	2.734309e+01	2021	4	20	0
	1022	312	75.500000	-11.875000	9.930263e+04	2.066199e+01	1.081916e+05	1.077769e+05	5.779907e+04	5.680261e+04	3.023784e+02	2.691935e+01	2021	4	20	6
	1019	310	74.750000	-12.375000	9.907135e+04	2.036814e+01	1.080620e+05	1.076150e+05	5.764869e+04	5.664254e+04	3.023682e+02	2.664464e+01	2021	4	20	12
	1016	305	74.000000	-13.625000	9.921398e+04	2.217241e+01	1.081884e+05	1.077972e+05	5.780458e+04	5.678017e+04	3.023010e+02	2.549701e+01	2021	4	20	18
	1015	300	73.750000	-14.875000	9.912457e+04	2.163749e+01	1.080281e+05	1.076478e+05	5.766295e+04	5.673808e+04	3.021788e+02	1.844245e+01	2021	4	21	0
	1014	294	73.500000	-16.375000	9.946738e+04	2.201032e+01	1.082892e+05	1.078978e+05	5.787518e+04	5.704437e+04	3.017591e+02	1.573289e+01	2021	4	21	6
	1015	288	73.750000	-17.875000	9.926799e+04	2.177089e+01	1.082105e+05	1.076695e+05	5.780784e+04	5.685699e+04	3.014017e+02	1.351182e+01	2021	4	21	12
	1016	281	74.000000	-19.625000	9.945354e+04	2.176155e+01	1.082884e+05	1.076870e+05	5.792230e+04	5.697093e+04	3.010531e+02	1.760079e+01	2021	4	21	18
	1019	274	74.750000	-21.375000	9.913341e+04	2.282463e+01	1.080614e+05	1.072045e+05	5.767800e+04	5.657238e+04	3.003890e+02	2.087482e+01	2021	4	22	0
	1026	266	76.500000	-23.375000	9.910317e+04	2.480044e+01	1.082372e+05	1.068798e+05	5.777020e+04	5.640877e+04	2.996502e+02	2.054699e+01	2021	4	22	6
	1036	257	79.000000	-25.625000	9.871305e+04	2.627590e+01	1.079956e+05	1.061943e+05	5.765055e+04	5.611963e+04	2.986938e+02	2.604987e+01	2021	4	22	12
	1047	245	81.750000	-28.625000	9.834495e+04	3.037405e+01	1.079284e+05	1.051528e+05	5.752309e+04	5.534860e+04	2.967371e+02	2.965171e+01	2021	4	22	18
	1066	233	86.500000	-31.625000	9.810215e+04	2.868758e+01	1.075872e+05	1.042184e+05	5.733897e+04	5.467596e+04	2.947330e+02	2.106531e+01	2021	4	23	0
	1084	223	91.000000	-34.125000	9.876627e+04	2.469273e+01	1.074546e+05	1.028459e+05	5.727291e+04	5.423813e+04	2.927870e+02	9.067014e+00	2021	4	23	6
start	27	2021	5	24	12
	1254	391	133.500000	7.875000	1.006871e+05	1.053848e+01	1.082704e+05	1.081047e+05	5.779535e+04	5.762080e+04	3.035883e+02	1.034874e+01	2021	5	24	12
	1253	392	133.250000	8.125000	1.004946e+05	1.080168e+01	1.080969e+05	1.079329e+05	5.763955e+04	5.746988e+04	3.035334e+02	2.143127e+01	2021	5	24	18
	1253	393	133.250000	8.375000	1.007217e+05	1.184713e+01	1.083061e+05	1.081553e+05	5.782722e+04	5.763239e+04	3.034531e+02	1.698127e+01	2021	5	25	0
	1250	393	132.500000	8.375000	1.005108e+05	1.268620e+01	1.081576e+05	1.080397e+05	5.770722e+04	5.749947e+04	3.034932e+02	1.007009e+01	2021	5	25	6
	1248	393	132.000000	8.375000	1.007137e+05	1.278589e+01	1.083696e+05	1.082332e+05	5.790355e+04	5.769233e+04	3.034350e+02	1.293680e+01	2021	5	25	12
	1246	395	131.500000	8.875000	1.005222e+05	1.179140e+01	1.081833e+05	1.080821e+05	5.774453e+04	5.747820e+04	3.033675e+02	1.955383e+01	2021	5	25	18
	1244	396	131.000000	9.125000	1.007020e+05	1.237543e+01	1.083960e+05	1.082729e+05	5.792166e+04	5.760540e+04	3.033602e+02	1.998153e+01	2021	5	26	0
	1241	398	130.250000	9.625000	1.004707e+05	1.340793e+01	1.082618e+05	1.081013e+05	5.778783e+04	5.739407e+04	3.035616e+02	1.465695e+01	2021	5	26	6
	1239	399	129.750000	9.875000	1.006733e+05	1.340036e+01	1.084758e+05	1.082984e+05	5.801292e+04	5.760027e+04	3.035438e+02	1.691479e+01	2021	5	26	12
	1236	401	129.000000	10.375000	1.004539e+05	1.299531e+01	1.083096e+05	1.081247e+05	5.782870e+04	5.725576e+04	3.034667e+02	2.200614e+01	2021	5	26	18
	1233	403	128.250000	10.875000	1.005776e+05	1.391997e+01	1.084226e+05	1.082082e+05	5.798251e+04	5.741673e+04	3.033829e+02	1.945774e+01	2021	5	27	0
	1230	405	127.500000	11.375000	1.003648e+05	1.420625e+01	1.083255e+05	1.080320e+05	5.786557e+04	5.724609e+04	9.999000e+03	2.285268e+01	2021	5	27	6
	1227	407	126.750000	11.875000	1.004709e+05	1.486967e+01	1.084894e+05	1.081656e+05	5.800634e+04	5.737065e+04	9.999000e+03	2.471773e+01	2021	5	27	12
	1224	408	126.000000	12.125000	1.001934e+05	1.521692e+01	1.083397e+05	1.079308e+05	5.784119e+04	5.703128e+04	9.999000e+03	2.646198e+01	2021	5	27	18
	1220	411	125.000000	12.875000	1.002686e+05	1.668432e+01	1.084026e+05	1.079242e+05	5.796302e+04	5.702734e+04	9.999000e+03	1.992830e+01	2021	5	28	0
	1217	413	124.250000	13.375000	1.001941e+05	1.628753e+01	1.083477e+05	1.078022e+05	5.784774e+04	5.702581e+04	9.999000e+03	1.968344e+01	2021	5	28	6
	1212	415	123.000000	13.875000	1.004211e+05	1.438169e+01	1.084372e+05	1.080273e+05	5.797984e+04	5.727939e+04	9.999000e+03	1.610379e+01	2021	5	28	12
	1210	417	122.500000	14.375000	1.002222e+05	1.535229e+01	1.083370e+05	1.080050e+05	5.789055e+04	5.720960e+04	9.999000e+03	1.639925e+01	2021	5	28	18
	1204	417	121.000000	14.375000	1.004650e+05	1.375477e+01	1.083752e+05	1.081455e+05	5.799544e+04	5.731419e+04	9.999000e+03	2.191323e+01	2021	5	29	0
	1204	419	121.000000	14.875000	1.001497e+05	1.337458e+01	1.083761e+05	1.080541e+05	5.783059e+04	5.717261e+04	9.999000e+03	1.652166e+01	2021	5	29	6
	1203	420	120.750000	15.125000	1.004140e+05	1.159148e+01	1.083505e+05	1.081411e+05	5.795746e+04	5.743661e+04	9.999000e+03	8.955109e+00	2021	5	29	12
	1201	429	120.250000	17.375000	1.004298e+05	1.071122e+01	1.082718e+05	1.080385e+05	5.786811e+04	5.741944e+04	9.999000e+03	1.226418e+01	2021	5	29	18
	1201	429	120.250000	17.375000	1.006087e+05	1.163399e+01	1.083059e+05	1.080929e+05	5.799431e+04	5.752045e+04	9.999000e+03	1.125613e+01	2021	5	30	0
	1202	435	120.500000	18.875000	1.004557e+05	1.130058e+01	1.082350e+05	1.079479e+05	5.781480e+04	5.747486e+04	9.999000e+03	1.153718e+01	2021	5	30	6
	1199	431	119.750000	17.875000	1.006433e+05	9.622699e+00	1.083878e+05	1.080511e+05	5.794491e+04	5.759668e+04	9.999000e+03	1.396170e+01	2021	5	30	12
	1200	429	120.000000	17.375000	1.005732e+05	1.048487e+01	1.082452e+05	1.079936e+05	5.778908e+04	5.748105e+04	9.999000e+03	1.951780e+01	2021	5	30	18
	1200	432	120.000000	18.125000	1.007124e+05	1.097175e+01	1.082943e+05	1.079714e+05	5.793372e+04	5.752408e+04	9.999000e+03	1.834980e+01	2021	5	31	0
start	15	2021	6	18	12
	376	434	-86.000000	18.625000	1.005633e+05	1.594002e+01	1.079797e+05	1.073957e+05	5.764445e+04	5.717532e+04	9.999000e+03	3.294455e+01	2021	6	18	12
	377	439	-85.750000	19.875000	1.004433e+05	1.794278e+01	1.080031e+05	1.074043e+05	5.765492e+04	5.720132e+04	9.999000e+03	3.181706e+01	2021	6	18	18
	373	440	-86.750000	20.125000	1.002554e+05	1.534778e+01	1.079623e+05	1.072849e+05	5.746165e+04	5.709276e+04	9.999000e+03	2.773861e+01	2021	6	19	0
	373	441	-86.750000	20.375000	1.003225e+05	1.295181e+01	1.079511e+05	1.071154e+05	5.752016e+04	5.716905e+04	9.999000e+03	2.548751e+01	2021	6	19	6
	375	443	-86.250000	20.875000	1.002462e+05	1.192729e+01	1.078829e+05	1.069338e+05	5.747865e+04	5.704173e+04	9.999000e+03	2.970861e+01	2021	6	19	12
	378	444	-85.500000	21.125000	1.002586e+05	1.214795e+01	1.079569e+05	1.069940e+05	5.758130e+04	5.708153e+04	9.999000e+03	2.491713e+01	2021	6	19	18
	380	449	-85.000000	22.375000	1.001213e+05	1.113913e+01	1.079760e+05	1.068399e+05	5.750660e+04	5.701606e+04	9.999000e+03	2.156125e+01	2021	6	20	0
	385	454	-83.750000	23.625000	1.002317e+05	1.568736e+01	1.080248e+05	1.067843e+05	5.757606e+04	5.703556e+04	9.999000e+03	3.053563e+01	2021	6	20	6
	391	461	-82.250000	25.375000	1.000900e+05	1.792685e+01	1.080133e+05	1.066881e+05	5.757076e+04	5.700788e+04	9.999000e+03	3.590642e+01	2021	6	20	12
	390	463	-82.500000	25.875000	1.001832e+05	1.389629e+01	1.080899e+05	1.067238e+05	5.760947e+04	5.708588e+04	9.999000e+03	2.391385e+01	2021	6	20	18
	394	470	-81.500000	27.625000	1.001461e+05	1.605987e+01	1.081199e+05	1.065171e+05	5.764913e+04	5.711183e+04	9.999000e+03	2.415136e+01	2021	6	21	0
	401	481	-79.750000	30.375000	1.001421e+05	1.948243e+01	1.080430e+05	1.060478e+05	5.760959e+04	5.686727e+04	9.999000e+03	3.285679e+01	2021	6	21	6
	407	488	-78.250000	32.125000	1.000246e+05	2.065707e+01	1.079402e+05	1.056907e+05	5.765246e+04	5.667707e+04	9.999000e+03	3.432027e+01	2021	6	21	12
	413	498	-76.750000	34.625000	9.960014e+04	2.547480e+01	1.079857e+05	1.054340e+05	5.767710e+04	5.648295e+04	9.999000e+03	3.021536e+01	2021	6	21	18
	418	506	-75.500000	36.625000	9.944295e+04	2.270879e+01	1.079408e+05	1.050190e+05	5.767157e+04	5.616661e+04	9.999000e+03	2.733304e+01	2021	6	22	0
start	20	2021	6	25	18
	1078	449	89.500000	22.375000	9.957384e+04	1.299407e+01	1.085515e+05	1.082165e+05	5.762205e+04	5.703700e+04	9.999000e+03	3.638290e+01	2021	6	25	18
	1074	449	88.500000	22.375000	9.936350e+04	1.116010e+01	1.084464e+05	1.079350e+05	5.743429e+04	5.680177e+04	9.999000e+03	3.157123e+01	2021	6	26	0
	1072	449	88.000000	22.375000	9.940567e+04	1.193812e+01	1.085940e+05	1.081439e+05	5.751877e+04	5.687905e+04	9.999000e+03	2.267663e+01	2021	6	26	6
	1068	449	87.000000	22.375000	9.914066e+04	1.219275e+01	1.084857e+05	1.080899e+05	5.735112e+04	5.667921e+04	9.999000e+03	1.865609e+01	2021	6	26	12
	1068	448	87.000000	22.125000	9.938748e+04	1.324764e+01	1.085086e+05	1.081954e+05	5.745645e+04	5.683085e+04	9.999000e+03	3.168056e+01	2021	6	26	18
	1068	450	87.000000	22.625000	9.915109e+04	1.185953e+01	1.083854e+05	1.079816e+05	5.728816e+04	5.664396e+04	9.999000e+03	2.304292e+01	2021	6	27	0
	1063	451	85.750000	22.875000	9.932652e+04	8.393029e+00	1.084379e+05	1.081052e+05	5.739376e+04	5.675727e+04	9.999000e+03	2.580297e+01	2021	6	27	6
	1060	450	85.000000	22.625000	9.901509e+04	6.461668e+00	1.083314e+05	1.079869e+05	5.720741e+04	5.655255e+04	9.999000e+03	1.942627e+01	2021	6	27	12
	1059	449	84.750000	22.375000	9.920909e+04	6.336926e+00	1.083554e+05	1.080690e+05	5.734915e+04	5.666346e+04	9.999000e+03	2.319193e+01	2021	6	27	18
	1056	449	84.000000	22.375000	9.899059e+04	7.123127e+00	1.081573e+05	1.078439e+05	5.720260e+04	5.650300e+04	9.999000e+03	2.351837e+01	2021	6	28	0
	1052	448	83.000000	22.125000	9.909521e+04	8.289098e+00	1.083941e+05	1.080119e+05	5.741466e+04	5.666689e+04	9.999000e+03	3.028214e+01	2021	6	28	6
	1047	446	81.750000	21.625000	9.890653e+04	7.534421e+00	1.083530e+05	1.079341e+05	5.731063e+04	5.654694e+04	9.999000e+03	2.842223e+01	2021	6	28	12
	1048	443	82.000000	20.875000	9.920216e+04	9.297138e+00	1.084183e+05	1.080230e+05	5.745654e+04	5.675388e+04	9.999000e+03	3.972525e+01	2021	6	28	18
	1051	441	82.750000	20.375000	9.900284e+04	8.463221e+00	1.082126e+05	1.078320e+05	5.724777e+04	5.649665e+04	9.999000e+03	3.462753e+01	2021	6	29	0
	1048	442	82.000000	20.625000	9.915741e+04	1.013536e+01	1.084839e+05	1.080603e+05	5.747906e+04	5.665480e+04	9.999000e+03	3.066380e+01	2021	6	29	6
	1045	444	81.250000	21.125000	9.905400e+04	8.654024e+00	1.085172e+05	1.079456e+05	5.745507e+04	5.665881e+04	9.999000e+03	2.455243e+01	2021	6	29	12
	1046	444	81.500000	21.125000	9.952184e+04	7.596649e+00	1.086265e+05	1.081600e+05	5.767073e+04	5.690952e+04	9.999000e+03	1.810634e+01	2021	6	29	18
	1037	440	79.250000	20.125000	9.936760e+04	9.021761e+00	1.083418e+05	1.079450e+05	5.742477e+04	5.673562e+04	9.999000e+03	2.358238e+01	2021	6	30	0
	1037	443	79.250000	20.875000	9.944571e+04	8.129185e+00	1.086840e+05	1.082225e+05	5.771713e+04	5.695672e+04	9.999000e+03	2.185860e+01	2021	6	30	6
	1033	451	78.250000	22.875000	9.925223e+04	6.898927e+00	1.087530e+05	1.081950e+05	5.769189e+04	5.686398e+04	9.999000e+03	1.882578e+01	2021	6	30	12
start	62	2021	7	3	18
	1318	390	149.500000	7.625000	1.005683e+05	1.071299e+01	1.081772e+05	1.079428e+05	5.763713e+04	5.739478e+04	3.034494e+02	4.162908e+01	2021	7	3	18
	1313	393	148.250000	8.375000	1.007288e+05	1.157555e+01	1.083423e+05	1.081421e+05	5.784398e+04	5.747841e+04	3.033591e+02	4.121881e+01	2021	7	4	0
	1311	394	147.750000	8.625000	1.004195e+05	1.189232e+01	1.082314e+05	1.079719e+05	5.768046e+04	5.722466e+04	3.033059e+02	3.910290e+01	2021	7	4	6
	1310	395	147.500000	8.875000	1.005884e+05	1.292162e+01	1.084198e+05	1.081072e+05	5.785116e+04	5.741084e+04	3.033071e+02	3.723063e+01	2021	7	4	12
	1308	395	147.000000	8.875000	1.002838e+05	1.294612e+01	1.081626e+05	1.078321e+05	5.760493e+04	5.714756e+04	3.033162e+02	3.262733e+01	2021	7	4	18
	1305	398	146.250000	9.625000	1.003875e+05	1.413921e+01	1.083532e+05	1.079966e+05	5.782602e+04	5.733500e+04	3.031534e+02	3.024619e+01	2021	7	5	0
	1300	402	145.000000	10.625000	1.000692e+05	1.509490e+01	1.082571e+05	1.078652e+05	5.768086e+04	5.717670e+04	3.031432e+02	3.087038e+01	2021	7	5	6
	1296	401	144.000000	10.375000	1.002077e+05	1.594617e+01	1.083992e+05	1.080429e+05	5.779974e+04	5.734984e+04	3.032006e+02	3.155601e+01	2021	7	5	12
	1293	403	143.250000	10.875000	9.986411e+04	1.620891e+01	1.082143e+05	1.078540e+05	5.759198e+04	5.706092e+04	3.032913e+02	3.318166e+01	2021	7	5	18
	1290	405	142.500000	11.375000	1.000060e+05	1.660396e+01	1.083568e+05	1.079763e+05	5.776446e+04	5.726192e+04	3.032154e+02	3.104583e+01	2021	7	6	0
	1290	406	142.500000	11.625000	9.979030e+04	1.643423e+01	1.082112e+05	1.078948e+05	5.765889e+04	5.720470e+04	3.032620e+02	3.315862e+01	2021	7	6	6
	1287	409	141.750000	12.375000	1.000155e+05	1.551908e+01	1.083781e+05	1.080835e+05	5.784915e+04	5.736535e+04	3.032166e+02	4.130798e+01	2021	7	6	12
	1285	409	141.250000	12.375000	9.971122e+04	1.756406e+01	1.081680e+05	1.078266e+05	5.755302e+04	5.700493e+04	3.031914e+02	3.872316e+01	2021	7	6	18
	1286	412	141.500000	13.125000	9.983571e+04	1.730407e+01	1.082862e+05	1.079722e+05	5.771988e+04	5.727014e+04	3.030916e+02	2.935805e+01	2021	7	7	0
	1284	413	141.000000	13.375000	9.962107e+04	1.502133e+01	1.082127e+05	1.078973e+05	5.759727e+04	5.712811e+04	3.033578e+02	3.786295e+01	2021	7	7	6
	1282	415	140.500000	13.875000	9.982262e+04	1.624532e+01	1.083743e+05	1.080617e+05	5.773767e+04	5.726312e+04	3.032307e+02	4.322576e+01	2021	7	7	12
	1281	416	140.250000	14.125000	9.958395e+04	1.533091e+01	1.081702e+05	1.078449e+05	5.756687e+04	5.696254e+04	3.032318e+02	4.217309e+01	2021	7	7	18
	1278	417	139.500000	14.375000	9.967500e+04	1.589263e+01	1.083205e+05	1.079558e+05	5.769023e+04	5.710655e+04	3.032829e+02	4.071652e+01	2021	7	8	0
	1275	418	138.750000	14.625000	9.940825e+04	1.540757e+01	1.082454e+05	1.079211e+05	5.752872e+04	5.692555e+04	3.033207e+02	4.795715e+01	2021	7	8	6
	1273	417	138.250000	14.375000	9.943989e+04	1.661897e+01	1.084019e+05	1.080506e+05	5.761618e+04	5.698286e+04	3.032257e+02	5.903267e+01	2021	7	8	12
	1273	418	138.250000	14.625000	9.911895e+04	1.852039e+01	1.082107e+05	1.076795e+05	5.737048e+04	5.651809e+04	3.031953e+02	6.145267e+01	2021	7	8	18
	1272	419	138.000000	14.875000	9.907092e+04	1.825332e+01	1.084535e+05	1.078458e+05	5.745717e+04	5.657798e+04	3.032252e+02	5.856390e+01	2021	7	9	0
	1270	421	137.500000	15.375000	9.876575e+04	1.841497e+01	1.082820e+05	1.077649e+05	5.731166e+04	5.636678e+04	3.033977e+02	5.779007e+01	2021	7	9	6
	1269	423	137.250000	15.875000	9.879739e+04	1.920064e+01	1.083832e+05	1.077907e+05	5.747427e+04	5.640624e+04	3.034528e+02	5.714603e+01	2021	7	9	12
	1267	426	136.750000	16.625000	9.840818e+04	2.007163e+01	1.082128e+05	1.076492e+05	5.732643e+04	5.618067e+04	3.035062e+02	5.185965e+01	2021	7	9	18
	1264	427	136.000000	16.875000	9.842117e+04	2.111724e+01	1.083636e+05	1.078116e+05	5.743995e+04	5.622362e+04	3.034745e+02	5.001929e+01	2021	7	10	0
	1262	431	135.500000	17.875000	9.808748e+04	2.034847e+01	1.082702e+05	1.076564e+05	5.734165e+04	5.598902e+04	3.035500e+02	4.823361e+01	2021	7	10	6
	1260	432	135.000000	18.125000	9.810988e+04	2.234278e+01	1.084077e+05	1.077350e+05	5.746156e+04	5.602002e+04	3.034589e+02	5.386125e+01	2021	7	10	12
	1258	436	134.500000	19.125000	9.775796e+04	2.288322e+01	1.082413e+05	1.074549e+05	5.730825e+04	5.572241e+04	3.033432e+02	5.084797e+01	2021	7	10	18
	1255	440	133.750000	20.125000	9.776833e+04	2.259009e+01	1.083432e+05	1.075765e+05	5.740672e+04	5.579401e+04	3.033813e+02	4.893439e+01	2021	7	11	0
	1253	443	133.250000	20.875000	9.750302e+04	2.162296e+01	1.082888e+05	1.074012e+05	5.726393e+04	5.562629e+04	3.034686e+02	4.648419e+01	2021	7	11	6
	1251	445	132.750000	21.375000	9.754607e+04	2.162789e+01	1.084035e+05	1.074898e+05	5.734130e+04	5.558347e+04	3.033804e+02	4.995788e+01	2021	7	11	12
	1250	448	132.500000	22.125000	9.729570e+04	2.175299e+01	1.082092e+05	1.073191e+05	5.721548e+04	5.542366e+04	3.032536e+02	4.427535e+01	2021	7	11	18
	1249	452	132.250000	23.125000	9.720835e+04	2.270967e+01	1.083541e+05	1.072645e+05	5.727792e+04	5.534027e+04	3.030556e+02	4.113318e+01	2021	7	12	0
	1249	456	132.250000	24.125000	9.696704e+04	2.334576e+01	1.083388e+05	1.071839e+05	5.723136e+04	5.516764e+04	3.025010e+02	3.630459e+01	2021	7	12	6
	1248	461	132.000000	25.375000	9.716904e+04	2.254589e+01	1.085104e+05	1.073168e+05	5.741788e+04	5.534655e+04	3.018684e+02	3.459948e+01	2021	7	12	12
	1244	465	131.000000	26.375000	9.718945e+04	2.210493e+01	1.083028e+05	1.072943e+05	5.721812e+04	5.534288e+04	3.012743e+02	3.067273e+01	2021	7	12	18
	1243	469	130.750000	27.375000	9.746727e+04	2.103407e+01	1.084538e+05	1.074953e+05	5.733101e+04	5.561193e+04	9.999000e+03	2.445069e+01	2021	7	13	0
	1242	471	130.500000	27.875000	9.753075e+04	2.084476e+01	1.085246e+05	1.076783e+05	5.717338e+04	5.570195e+04	9.999000e+03	1.984406e+01	2021	7	13	6
	1241	474	130.250000	28.625000	9.783673e+04	2.215496e+01	1.085803e+05	1.078234e+05	5.732337e+04	5.593379e+04	9.999000e+03	2.205383e+01	2021	7	13	12
	1240	476	130.000000	29.125000	9.781392e+04	2.058437e+01	1.083385e+05	1.076898e+05	5.712702e+04	5.585452e+04	9.999000e+03	2.168957e+01	2021	7	13	18
	1241	478	130.250000	29.625000	9.800204e+04	2.116076e+01	1.083746e+05	1.077156e+05	5.724261e+04	5.599307e+04	9.999000e+03	1.887977e+01	2021	7	14	0
	1243	481	130.750000	30.375000	9.796089e+04	1.987440e+01	1.083467e+05	1.076753e+05	5.721163e+04	5.596438e+04	9.999000e+03	2.201719e+01	2021	7	14	6
	1244	483	131.000000	30.875000	9.815990e+04	2.121270e+01	1.084104e+05	1.077858e+05	5.730353e+04	5.613573e+04	9.999000e+03	2.651832e+01	2021	7	14	12
	1248	488	132.000000	32.125000	9.809845e+04	2.225776e+01	1.082423e+05	1.076680e+05	5.724099e+04	5.603759e+04	9.999000e+03	3.120387e+01	2021	7	14	18
	1247	494	131.750000	33.625000	9.814289e+04	2.057937e+01	1.083216e+05	1.074392e+05	5.720412e+04	5.608775e+04	9.999000e+03	3.093705e+01	2021	7	15	0
	1247	501	131.750000	35.375000	9.817887e+04	1.689710e+01	1.082600e+05	1.068857e+05	5.706725e+04	5.608447e+04	9.999000e+03	3.344742e+01	2021	7	15	6
	1249	509	132.250000	37.375000	9.818715e+04	1.829340e+01	1.083406e+05	1.063277e+05	5.712572e+04	5.592159e+04	2.998159e+02	4.381687e+01	2021	7	15	12
	1256	517	134.000000	39.375000	9.789188e+04	1.994838e+01	1.082007e+05	1.056752e+05	5.700066e+04	5.535958e+04	2.983018e+02	4.399619e+01	2021	7	15	18
	1264	520	136.000000	40.125000	9.812586e+04	2.349012e+01	1.081450e+05	1.055386e+05	5.708791e+04	5.510955e+04	2.977646e+02	2.107871e+01	2021	7	16	0
	1275	526	138.750000	41.625000	9.820930e+04	2.064136e+01	1.083271e+05	1.052406e+05	5.715936e+04	5.486916e+04	9.999000e+03	8.356346e+00	2021	7	16	6
	1290	539	142.500000	44.875000	9.831584e+04	1.923910e+01	1.084519e+05	1.046028e+05	5.726850e+04	5.477280e+04	9.999000e+03	7.040471e+00	2021	7	16	12
	1298	550	144.500000	47.625000	9.806780e+04	1.641915e+01	1.078633e+05	1.035426e+05	5.685420e+04	5.444909e+04	9.999000e+03	1.400039e+01	2021	7	16	18
	1306	556	146.500000	49.125000	9.750117e+04	2.012699e+01	1.075503e+05	1.031380e+05	5.659198e+04	5.393320e+04	9.999000e+03	1.463461e+01	2021	7	17	0
	1317	562	149.250000	50.625000	9.702976e+04	2.296956e+01	1.071149e+05	1.030172e+05	5.627396e+04	5.349344e+04	2.830995e+02	1.274936e+01	2021	7	17	6
	1324	569	151.000000	52.375000	9.688641e+04	2.151210e+01	1.062122e+05	1.029396e+05	5.554392e+04	5.289808e+04	2.826050e+02	1.186078e+01	2021	7	17	12
	1327	574	151.750000	53.625000	9.683306e+04	1.889139e+01	1.047857e+05	1.023561e+05	5.474705e+04	5.251368e+04	2.819305e+02	8.719656e+00	2021	7	17	18
	1331	574	152.750000	53.625000	9.715753e+04	1.831294e+01	1.040411e+05	1.021514e+05	5.497441e+04	5.249588e+04	9.999000e+03	6.023377e+00	2021	7	18	0
	1340	574	155.000000	53.625000	9.762906e+04	1.773728e+01	1.046183e+05	1.021395e+05	5.508104e+04	5.266230e+04	9.999000e+03	4.574453e+00	2021	7	18	6
	1346	571	156.500000	52.875000	9.838361e+04	1.671875e+01	1.050005e+05	1.020310e+05	5.540455e+04	5.289127e+04	9.999000e+03	3.534330e+00	2021	7	18	12
	1364	572	161.000000	53.125000	9.854830e+04	1.747177e+01	1.041717e+05	1.017331e+05	5.495562e+04	5.289136e+04	9.999000e+03	4.728919e+00	2021	7	18	18
	1373	573	163.250000	53.375000	9.876690e+04	1.094718e+01	1.037181e+05	1.017643e+05	5.477434e+04	5.303893e+04	9.999000e+03	4.716188e+00	2021	7	19	0
start	10	2021	7	4	12
	1243	414	130.750000	13.625000	1.007271e+05	1.152965e+01	1.085562e+05	1.081595e+05	5.799185e+04	5.747702e+04	3.039616e+02	2.889263e+01	2021	7	4	12
	1237	412	129.250000	13.125000	1.004563e+05	1.226476e+01	1.083832e+05	1.079548e+05	5.781840e+04	5.735326e+04	3.039885e+02	3.009912e+01	2021	7	4	18
	1235	411	128.750000	12.875000	1.005057e+05	1.265036e+01	1.084427e+05	1.080088e+05	5.793458e+04	5.749875e+04	3.040102e+02	2.923260e+01	2021	7	5	0
	1232	416	128.000000	14.125000	1.002314e+05	1.289386e+01	1.084050e+05	1.079389e+05	5.786143e+04	5.729505e+04	3.040369e+02	3.090416e+01	2021	7	5	6
	1225	417	126.250000	14.375000	1.003736e+05	1.404254e+01	1.085480e+05	1.080638e+05	5.792472e+04	5.743408e+04	9.999000e+03	2.818521e+01	2021	7	5	12
	1220	416	125.000000	14.125000	1.001543e+05	1.350151e+01	1.083824e+05	1.078855e+05	5.774386e+04	5.724382e+04	9.999000e+03	2.636310e+01	2021	7	5	18
	1217	419	124.250000	14.875000	1.002156e+05	1.349034e+01	1.084608e+05	1.080088e+05	5.788332e+04	5.729318e+04	9.999000e+03	2.348570e+01	2021	7	6	0
	1212	418	123.000000	14.625000	1.000666e+05	1.381018e+01	1.083570e+05	1.079233e+05	5.774953e+04	5.720886e+04	9.999000e+03	2.933769e+01	2021	7	6	6
	1208	418	122.000000	14.625000	1.001910e+05	1.229081e+01	1.084491e+05	1.080944e+05	5.784043e+04	5.732239e+04	9.999000e+03	3.207125e+01	2021	7	6	12
	1201	428	120.250000	17.125000	1.000135e+05	1.416658e+01	1.084514e+05	1.079369e+05	5.777479e+04	5.712726e+04	9.999000e+03	1.963284e+01	2021	7	6	18
start	30	2021	7	7	6
	1197	425	119.250000	16.375000	9.987148e+04	1.314225e+01	1.083037e+05	1.078585e+05	5.765915e+04	5.699708e+04	9.999000e+03	2.586253e+01	2021	7	7	6
	1190	428	117.500000	17.125000	9.995153e+04	1.356768e+01	1.084337e+05	1.080252e+05	5.773423e+04	5.705325e+04	3.041802e+02	1.881259e+01	2021	7	7	12
	1184	426	116.000000	16.625000	9.981293e+04	1.164444e+01	1.082732e+05	1.079405e+05	5.762562e+04	5.690719e+04	3.036377e+02	2.846590e+01	2021	7	7	18
	1183	427	115.750000	16.875000	9.976492e+04	1.284064e+01	1.083043e+05	1.078537e+05	5.760063e+04	5.692136e+04	3.036012e+02	3.203757e+01	2021	7	8	0
	1181	430	115.250000	17.625000	9.958191e+04	1.519735e+01	1.082666e+05	1.078801e+05	5.753976e+04	5.687507e+04	3.039001e+02	3.053528e+01	2021	7	8	6
	1178	432	114.500000	18.125000	9.960755e+04	1.445578e+01	1.083530e+05	1.079634e+05	5.755598e+04	5.696120e+04	3.036286e+02	2.033443e+01	2021	7	8	12
	1177	434	114.250000	18.625000	9.955205e+04	1.492105e+01	1.082386e+05	1.079113e+05	5.751261e+04	5.690199e+04	3.035930e+02	2.925524e+01	2021	7	8	18
	1177	436	114.250000	19.125000	9.952183e+04	1.706654e+01	1.082518e+05	1.078525e+05	5.748153e+04	5.692558e+04	3.036192e+02	2.193669e+01	2021	7	9	0
	1177	439	114.250000	19.875000	9.942600e+04	1.525397e+01	1.082646e+05	1.079169e+05	5.741152e+04	5.697385e+04	3.044105e+02	1.695500e+01	2021	7	9	6
	1176	440	114.000000	20.125000	9.939466e+04	1.496169e+01	1.083688e+05	1.080293e+05	5.745468e+04	5.698859e+04	9.999000e+03	1.588912e+01	2021	7	9	12
	1176	441	114.000000	20.375000	9.940895e+04	1.477032e+01	1.082346e+05	1.079946e+05	5.737093e+04	5.695538e+04	9.999000e+03	2.333647e+01	2021	7	9	18
	1177	443	114.250000	20.875000	9.940571e+04	1.621566e+01	1.082373e+05	1.079353e+05	5.740652e+04	5.688394e+04	9.999000e+03	2.697018e+01	2021	7	10	0
	1178	445	114.500000	21.375000	9.930274e+04	1.562035e+01	1.082405e+05	1.079731e+05	5.735951e+04	5.687281e+04	9.999000e+03	1.946639e+01	2021	7	10	6
	1177	445	114.250000	21.375000	9.937402e+04	1.313179e+01	1.083003e+05	1.080396e+05	5.741409e+04	5.694475e+04	9.999000e+03	1.867070e+01	2021	7	10	12
	1176	444	114.000000	21.125000	9.930295e+04	1.392339e+01	1.082334e+05	1.079902e+05	5.726864e+04	5.684512e+04	9.999000e+03	3.206723e+01	2021	7	10	18
	1176	447	114.000000	21.875000	9.933884e+04	1.490247e+01	1.082387e+05	1.079544e+05	5.732543e+04	5.681665e+04	9.999000e+03	2.718578e+01	2021	7	11	0
	1175	447	113.750000	21.875000	9.929404e+04	1.332122e+01	1.082059e+05	1.080184e+05	5.732545e+04	5.676693e+04	9.999000e+03	2.049623e+01	2021	7	11	6
	1174	447	113.500000	21.875000	9.936943e+04	1.145768e+01	1.083627e+05	1.081389e+05	5.735781e+04	5.682979e+04	9.999000e+03	2.270604e+01	2021	7	11	12
	1173	449	113.250000	22.375000	9.948317e+04	1.262748e+01	1.083056e+05	1.080759e+05	5.733676e+04	5.682362e+04	9.999000e+03	3.288966e+01	2021	7	11	18
	1171	448	112.750000	22.125000	9.941111e+04	1.368245e+01	1.082465e+05	1.080435e+05	5.727341e+04	5.681197e+04	9.999000e+03	2.923051e+01	2021	7	12	0
	1170	449	112.500000	22.375000	9.935255e+04	1.233097e+01	1.082976e+05	1.080790e+05	5.729649e+04	5.675011e+04	9.999000e+03	2.469537e+01	2021	7	12	6
	1170	449	112.500000	22.375000	9.944080e+04	1.102585e+01	1.084188e+05	1.082098e+05	5.733263e+04	5.683610e+04	9.999000e+03	2.277388e+01	2021	7	12	12
	1168	446	112.000000	21.625000	9.950483e+04	1.353951e+01	1.083675e+05	1.081336e+05	5.739983e+04	5.678644e+04	9.999000e+03	3.160982e+01	2021	7	12	18
	1171	450	112.750000	22.625000	9.946058e+04	1.503375e+01	1.083567e+05	1.078248e+05	5.732959e+04	5.672608e+04	9.999000e+03	2.715091e+01	2021	7	13	0
	1172	452	113.000000	23.125000	9.928193e+04	1.402041e+01	1.083250e+05	1.077166e+05	5.726443e+04	5.671380e+04	9.999000e+03	2.524548e+01	2021	7	13	6
	1171	452	112.750000	23.125000	9.941891e+04	1.260717e+01	1.084324e+05	1.078446e+05	5.737502e+04	5.675622e+04	9.999000e+03	2.117540e+01	2021	7	13	12
	1171	451	112.750000	22.875000	9.944123e+04	1.274794e+01	1.084088e+05	1.076834e+05	5.735077e+04	5.674838e+04	9.999000e+03	2.969349e+01	2021	7	13	18
	1177	450	114.250000	22.625000	9.942302e+04	1.461773e+01	1.084733e+05	1.077417e+05	5.745216e+04	5.681137e+04	9.999000e+03	2.350672e+01	2021	7	14	0
	1181	451	115.250000	22.875000	9.934179e+04	1.289612e+01	1.084442e+05	1.077533e+05	5.742688e+04	5.678240e+04	9.999000e+03	1.726738e+01	2021	7	14	6
	1180	455	115.000000	23.875000	9.942620e+04	1.082517e+01	1.084683e+05	1.078419e+05	5.737855e+04	5.687239e+04	9.999000e+03	1.305867e+01	2021	7	14	12
start	11	2021	7	18	18
	216	414	-126.000000	13.625000	1.007675e+05	1.086655e+01	1.082250e+05	1.079522e+05	5.798862e+04	5.750539e+04	3.024706e+02	1.116093e+01	2021	7	18	18
	214	414	-126.500000	13.625000	1.005402e+05	1.412053e+01	1.081047e+05	1.078330e+05	5.784646e+04	5.733895e+04	3.024915e+02	1.248554e+01	2021	7	19	0
	211	412	-127.250000	13.125000	1.007650e+05	1.734571e+01	1.082982e+05	1.080488e+05	5.801971e+04	5.755986e+04	3.024090e+02	1.488641e+01	2021	7	19	6
	211	415	-127.250000	13.875000	1.004261e+05	1.816348e+01	1.080613e+05	1.077868e+05	5.786262e+04	5.734097e+04	3.023166e+02	8.425346e+00	2021	7	19	12
	207	419	-128.250000	14.875000	1.007103e+05	1.487944e+01	1.082692e+05	1.080781e+05	5.808984e+04	5.754618e+04	3.015877e+02	6.982087e+00	2021	7	19	18
	201	421	-129.750000	15.375000	1.005351e+05	1.365399e+01	1.081459e+05	1.079304e+05	5.793355e+04	5.740229e+04	3.023025e+02	8.006707e+00	2021	7	20	0
	197	421	-130.750000	15.375000	1.007550e+05	1.242934e+01	1.083219e+05	1.081350e+05	5.808284e+04	5.761170e+04	3.017444e+02	8.842995e+00	2021	7	20	6
	194	423	-131.500000	15.875000	1.005687e+05	1.195269e+01	1.080992e+05	1.078975e+05	5.786232e+04	5.742670e+04	3.015134e+02	6.612202e+00	2021	7	20	12
	190	424	-132.500000	16.125000	1.008473e+05	1.195948e+01	1.082700e+05	1.080847e+05	5.803089e+04	5.768468e+04	3.011141e+02	3.923908e+00	2021	7	20	18
	187	426	-133.250000	16.625000	1.007011e+05	1.014327e+01	1.081634e+05	1.079666e+05	5.788964e+04	5.757734e+04	3.011418e+02	2.833277e+00	2021	7	21	0
	184	427	-134.000000	16.875000	1.009694e+05	9.481187e+00	1.083490e+05	1.081087e+05	5.808235e+04	5.779732e+04	3.007931e+02	1.731317e+00	2021	7	21	6
start	28	2021	7	24	18
	294	415	-106.500000	13.875000	1.007776e+05	1.530253e+01	1.082355e+05	1.080103e+05	5.805550e+04	5.751827e+04	3.031461e+02	1.535644e+01	2021	7	24	18
	289	415	-107.750000	13.875000	1.005566e+05	1.305744e+01	1.081229e+05	1.078905e+05	5.793246e+04	5.742844e+04	3.035965e+02	1.389796e+01	2021	7	25	0
	286	415	-108.500000	13.875000	1.008108e+05	1.257424e+01	1.082968e+05	1.081192e+05	5.814180e+04	5.766117e+04	3.033693e+02	2.675083e+01	2021	7	25	6
	280	416	-110.000000	14.125000	1.005291e+05	1.442280e+01	1.081524e+05	1.079211e+05	5.795831e+04	5.737601e+04	3.034222e+02	2.631728e+01	2021	7	25	12
	274	416	-111.500000	14.125000	1.007076e+05	1.540704e+01	1.082740e+05	1.081250e+05	5.813984e+04	5.749841e+04	3.035423e+02	2.258250e+01	2021	7	25	18
	269	414	-112.750000	13.625000	1.004244e+05	1.481117e+01	1.081152e+05	1.078838e+05	5.792283e+04	5.720253e+04	3.034541e+02	2.130983e+01	2021	7	26	0
	264	414	-114.000000	13.625000	1.005697e+05	1.524198e+01	1.083100e+05	1.080495e+05	5.811269e+04	5.735159e+04	3.033227e+02	2.505556e+01	2021	7	26	6
	259	414	-115.250000	13.625000	1.001522e+05	1.571011e+01	1.080995e+05	1.078112e+05	5.786297e+04	5.704199e+04	3.032366e+02	3.556280e+01	2021	7	26	12
	254	413	-116.500000	13.375000	1.003232e+05	1.684823e+01	1.083387e+05	1.080230e+05	5.805041e+04	5.724154e+04	3.029472e+02	3.905370e+01	2021	7	26	18
	249	414	-117.750000	13.625000	9.997024e+04	1.774303e+01	1.081978e+05	1.077984e+05	5.786883e+04	5.694160e+04	3.030109e+02	3.210179e+01	2021	7	27	0
	246	415	-118.500000	13.875000	1.000428e+05	1.939945e+01	1.084046e+05	1.078056e+05	5.804545e+04	5.691391e+04	3.029969e+02	2.653386e+01	2021	7	27	6
	242	417	-119.500000	14.375000	9.955491e+04	2.021057e+01	1.081157e+05	1.074381e+05	5.777888e+04	5.638242e+04	3.028111e+02	3.123930e+01	2021	7	27	12
	238	418	-120.500000	14.625000	9.955098e+04	2.165105e+01	1.082925e+05	1.074753e+05	5.796679e+04	5.634823e+04	3.026852e+02	3.126260e+01	2021	7	27	18
	234	420	-121.500000	15.125000	9.925223e+04	2.139968e+01	1.081558e+05	1.072594e+05	5.781086e+04	5.611381e+04	3.024952e+02	3.224837e+01	2021	7	28	0
	230	422	-122.500000	15.625000	9.939003e+04	2.230730e+01	1.083191e+05	1.074512e+05	5.794035e+04	5.631090e+04	3.023194e+02	3.045314e+01	2021	7	28	6
	228	425	-123.000000	16.375000	9.908205e+04	2.189834e+01	1.079901e+05	1.072895e+05	5.765942e+04	5.611741e+04	3.016501e+02	3.508860e+01	2021	7	28	12
	226	427	-123.500000	16.875000	9.929291e+04	2.274003e+01	1.081911e+05	1.075106e+05	5.776404e+04	5.626385e+04	3.012339e+02	3.473159e+01	2021	7	28	18
	224	430	-124.000000	17.625000	9.893498e+04	2.324916e+01	1.079252e+05	1.073302e+05	5.753031e+04	5.603810e+04	3.009449e+02	3.299544e+01	2021	7	29	0
	224	432	-124.000000	18.125000	9.918959e+04	2.272930e+01	1.081083e+05	1.075430e+05	5.776121e+04	5.646229e+04	3.005013e+02	2.498141e+01	2021	7	29	6
	224	435	-124.000000	18.875000	9.897061e+04	2.278633e+01	1.078529e+05	1.071496e+05	5.749401e+04	5.629102e+04	2.996029e+02	2.186491e+01	2021	7	29	12
	224	436	-124.000000	19.125000	9.913147e+04	2.237642e+01	1.080517e+05	1.072850e+05	5.769039e+04	5.659588e+04	2.994957e+02	2.000387e+01	2021	7	29	18
	223	439	-124.250000	19.875000	9.899171e+04	2.195773e+01	1.079480e+05	1.072702e+05	5.753604e+04	5.652941e+04	2.993203e+02	1.746769e+01	2021	7	30	0
	221	441	-124.750000	20.375000	9.941484e+04	1.999605e+01	1.081087e+05	1.074401e+05	5.770107e+04	5.680620e+04	2.988606e+02	1.321908e+01	2021	7	30	6
	219	443	-125.250000	20.875000	9.946705e+04	1.821720e+01	1.078938e+05	1.072431e+05	5.752689e+04	5.669704e+04	2.986530e+02	7.362517e+00	2021	7	30	12
	215	444	-126.250000	21.125000	9.986127e+04	1.705348e+01	1.080513e+05	1.073374e+05	5.772485e+04	5.693520e+04	2.984939e+02	4.044426e+00	2021	7	30	18
	213	445	-126.750000	21.375000	9.987189e+04	1.654318e+01	1.079192e+05	1.072288e+05	5.762125e+04	5.689043e+04	2.981884e+02	4.643085e+00	2021	7	31	0
	210	448	-127.500000	22.125000	1.002149e+05	1.665615e+01	1.080672e+05	1.072875e+05	5.783174e+04	5.714499e+04	2.978364e+02	4.224807e+00	2021	7	31	6
	205	450	-128.750000	22.625000	1.001817e+05	1.629339e+01	1.077117e+05	1.070028e+05	5.761912e+04	5.700243e+04	2.974527e+02	3.764945e+00	2021	7	31	12
start	28	2021	8	3	6
	1273	403	138.250000	10.875000	1.002511e+05	1.265775e+01	1.079444e+05	1.077668e+05	5.750857e+04	5.705561e+04	3.036209e+02	2.554118e+01	2021	8	3	6
	1269	403	137.250000	10.875000	1.004893e+05	1.122409e+01	1.081150e+05	1.079413e+05	5.771976e+04	5.728128e+04	3.030585e+02	2.314621e+01	2021	8	3	12
	1270	403	137.500000	10.875000	1.002366e+05	1.369876e+01	1.079498e+05	1.077903e+05	5.759229e+04	5.707479e+04	3.028936e+02	2.664123e+01	2021	8	3	18
	1266	407	136.500000	11.875000	1.004285e+05	1.375362e+01	1.081750e+05	1.079998e+05	5.779389e+04	5.722347e+04	3.028261e+02	2.958676e+01	2021	8	4	0
	1263	408	135.750000	12.125000	1.001376e+05	1.296509e+01	1.080716e+05	1.077894e+05	5.767095e+04	5.694888e+04	3.027943e+02	2.849257e+01	2021	8	4	6
	1260	408	135.000000	12.125000	1.002567e+05	1.309446e+01	1.082265e+05	1.079924e+05	5.781501e+04	5.711349e+04	3.027261e+02	3.653993e+01	2021	8	4	12
	1259	408	134.750000	12.125000	9.996882e+04	1.290061e+01	1.080300e+05	1.078014e+05	5.760349e+04	5.688239e+04	3.027284e+02	4.303289e+01	2021	8	4	18
	1254	409	133.500000	12.375000	9.998176e+04	1.432862e+01	1.081380e+05	1.078771e+05	5.769590e+04	5.696366e+04	3.027451e+02	3.071045e+01	2021	8	5	0
	1254	410	133.500000	12.625000	9.966735e+04	1.595285e+01	1.080299e+05	1.077312e+05	5.751870e+04	5.670553e+04	3.027660e+02	3.330153e+01	2021	8	5	6
	1252	412	133.000000	13.125000	9.965299e+04	1.638599e+01	1.081668e+05	1.078705e+05	5.766038e+04	5.674411e+04	3.027097e+02	3.948028e+01	2021	8	5	12
	1249	414	132.250000	13.625000	9.933425e+04	1.680616e+01	1.080377e+05	1.076411e+05	5.748784e+04	5.655295e+04	3.027377e+02	3.482272e+01	2021	8	5	18
	1246	416	131.500000	14.125000	9.936526e+04	1.809508e+01	1.081987e+05	1.078021e+05	5.762684e+04	5.665949e+04	3.028649e+02	3.301958e+01	2021	8	6	0
	1245	418	131.250000	14.625000	9.904755e+04	1.808656e+01	1.081097e+05	1.077073e+05	5.751524e+04	5.649264e+04	3.029548e+02	3.125253e+01	2021	8	6	6
	1242	420	130.500000	15.125000	9.906382e+04	2.114297e+01	1.082887e+05	1.078460e+05	5.769007e+04	5.655560e+04	3.030009e+02	3.469229e+01	2021	8	6	12
	1241	423	130.250000	15.875000	9.879044e+04	2.145393e+01	1.082305e+05	1.076642e+05	5.757286e+04	5.631726e+04	3.029557e+02	3.604574e+01	2021	8	6	18
	1238	426	129.500000	16.625000	9.869392e+04	2.218412e+01	1.083460e+05	1.077510e+05	5.766764e+04	5.629040e+04	3.030023e+02	3.657566e+01	2021	8	7	0
	1234	428	128.500000	17.125000	9.834128e+04	2.383654e+01	1.082058e+05	1.074785e+05	5.761716e+04	5.603743e+04	3.030425e+02	3.489791e+01	2021	8	7	6
	1230	431	127.500000	17.875000	9.823530e+04	2.424137e+01	1.083835e+05	1.074270e+05	5.775735e+04	5.595810e+04	3.030260e+02	3.204907e+01	2021	8	7	12
	1226	433	126.500000	18.375000	9.792022e+04	2.858881e+01	1.082663e+05	1.072837e+05	5.761177e+04	5.567364e+04	3.029950e+02	3.531543e+01	2021	8	7	18
	1222	435	125.500000	18.875000	9.798430e+04	2.606803e+01	1.084144e+05	1.073034e+05	5.773930e+04	5.570534e+04	3.029473e+02	3.760805e+01	2021	8	8	0
	1219	438	124.750000	19.625000	9.770635e+04	2.597479e+01	1.083960e+05	1.071286e+05	5.770260e+04	5.537598e+04	3.029607e+02	4.021091e+01	2021	8	8	6
	1215	440	123.750000	20.125000	9.760776e+04	2.744975e+01	1.085725e+05	1.072339e+05	5.778661e+04	5.535834e+04	3.029306e+02	3.861892e+01	2021	8	8	12
	1210	443	122.500000	20.875000	9.732277e+04	2.755775e+01	1.084624e+05	1.072338e+05	5.766132e+04	5.523808e+04	9.999000e+03	3.992042e+01	2021	8	8	18
	1207	445	121.750000	21.375000	9.744106e+04	3.098082e+01	1.085190e+05	1.074510e+05	5.775134e+04	5.551179e+04	9.999000e+03	4.921150e+01	2021	8	9	0
	1204	450	121.000000	22.625000	9.807983e+04	2.830457e+01	1.085746e+05	1.075059e+05	5.778290e+04	5.572550e+04	9.999000e+03	4.208699e+01	2021	8	9	6
	1198	455	119.500000	23.875000	9.896362e+04	2.057195e+01	1.087066e+05	1.077800e+05	5.786565e+04	5.646835e+04	9.999000e+03	2.161582e+01	2021	8	9	12
	1191	458	117.750000	24.625000	9.943377e+04	1.621918e+01	1.085897e+05	1.078872e+05	5.775518e+04	5.673732e+04	9.999000e+03	2.170796e+01	2021	8	9	18
	1185	464	116.250000	26.125000	9.973714e+04	6.783251e+00	1.085781e+05	1.080873e+05	5.781116e+04	5.690684e+04	9.999000e+03	1.535907e+01	2021	8	10	0
start	15	2021	8	4	6
	101	481	-154.750000	30.375000	1.012920e+05	1.592552e+01	1.072983e+05	1.065023e+05	5.801100e+04	5.740908e+04	2.987950e+02	1.086846e+01	2021	8	4	6
	95	485	-156.250000	31.375000	1.012139e+05	1.735973e+01	1.070553e+05	1.063376e+05	5.787957e+04	5.727010e+04	2.986336e+02	1.408349e+01	2021	8	4	12
	90	490	-157.500000	32.625000	1.010660e+05	1.872470e+01	1.069744e+05	1.062770e+05	5.783477e+04	5.714264e+04	2.978846e+02	1.009840e+01	2021	8	4	18
	86	494	-158.500000	33.625000	1.007608e+05	1.895045e+01	1.069346e+05	1.062819e+05	5.776290e+04	5.692952e+04	2.984558e+02	7.014615e+00	2021	8	5	0
	84	496	-159.000000	34.125000	1.007451e+05	1.645771e+01	1.068420e+05	1.062261e+05	5.769394e+04	5.679061e+04	2.979469e+02	7.669820e+00	2021	8	5	6
	81	499	-159.750000	34.875000	1.007023e+05	1.633242e+01	1.065671e+05	1.060038e+05	5.752757e+04	5.674060e+04	2.971509e+02	1.113962e+01	2021	8	5	12
	81	502	-159.750000	35.625000	1.008006e+05	1.635343e+01	1.064925e+05	1.057695e+05	5.751365e+04	5.675251e+04	2.967165e+02	8.535308e+00	2021	8	5	18
	80	506	-160.000000	36.625000	1.008616e+05	1.554760e+01	1.064639e+05	1.056066e+05	5.752122e+04	5.680258e+04	2.966368e+02	5.759489e+00	2021	8	6	0
	81	508	-159.750000	37.125000	1.008551e+05	1.489796e+01	1.063848e+05	1.055490e+05	5.752921e+04	5.676439e+04	2.963705e+02	7.009594e+00	2021	8	6	6
	84	512	-159.000000	38.125000	1.008867e+05	1.525260e+01	1.062374e+05	1.053309e+05	5.748456e+04	5.680491e+04	2.951764e+02	8.341154e+00	2021	8	6	12
	87	516	-158.250000	39.125000	1.009509e+05	1.592458e+01	1.061824e+05	1.051857e+05	5.754527e+04	5.680102e+04	2.949336e+02	4.791707e+00	2021	8	6	18
	89	520	-157.750000	40.125000	1.010917e+05	1.536871e+01	1.062992e+05	1.053877e+05	5.762468e+04	5.690574e+04	2.948127e+02	3.703502e+00	2021	8	7	0
	93	525	-156.750000	41.375000	1.011422e+05	1.549058e+01	1.063419e+05	1.054601e+05	5.768455e+04	5.689295e+04	2.934716e+02	4.263379e+00	2021	8	7	6
	96	529	-156.000000	42.375000	1.012635e+05	1.461341e+01	1.062875e+05	1.053782e+05	5.765847e+04	5.679850e+04	2.929639e+02	4.530283e+00	2021	8	7	12
	102	533	-154.500000	43.375000	1.013938e+05	1.471580e+01	1.063179e+05	1.051031e+05	5.771120e+04	5.656289e+04	2.924924e+02	3.024499e+00	2021	8	7	18
start	53	2021	8	8	18
	1292	394	143.000000	8.625000	1.006089e+05	1.136208e+01	1.079592e+05	1.077808e+05	5.756404e+04	5.728098e+04	3.030330e+02	2.263188e+01	2021	8	8	18
	1294	396	143.500000	9.125000	1.006983e+05	1.111258e+01	1.081637e+05	1.079738e+05	5.775870e+04	5.746059e+04	3.030135e+02	1.537059e+01	2021	8	9	0
	1291	396	142.750000	9.125000	1.004385e+05	1.162823e+01	1.080038e+05	1.078405e+05	5.757486e+04	5.724315e+04	3.030287e+02	1.098647e+01	2021	8	9	6
	1289	395	142.250000	8.875000	1.006921e+05	1.084846e+01	1.082053e+05	1.080065e+05	5.776757e+04	5.749343e+04	3.029908e+02	1.435140e+01	2021	8	9	12
	1291	396	142.750000	9.125000	1.004066e+05	1.137100e+01	1.079659e+05	1.077900e+05	5.754064e+04	5.733456e+04	3.029348e+02	1.898103e+01	2021	8	9	18
	1289	397	142.250000	9.375000	1.005768e+05	1.054812e+01	1.081551e+05	1.080260e+05	5.771324e+04	5.754680e+04	3.029241e+02	1.889919e+01	2021	8	10	0
	1288	397	142.000000	9.375000	1.003119e+05	1.118996e+01	1.080236e+05	1.078766e+05	5.753908e+04	5.733611e+04	3.030547e+02	2.327948e+01	2021	8	10	6
	1289	399	142.250000	9.875000	1.005211e+05	1.196513e+01	1.082603e+05	1.080686e+05	5.772426e+04	5.747337e+04	3.028756e+02	3.317042e+01	2021	8	10	12
	1287	401	141.750000	10.375000	1.002616e+05	1.242779e+01	1.079952e+05	1.078455e+05	5.751839e+04	5.726130e+04	3.028398e+02	2.794319e+01	2021	8	10	18
	1288	400	142.000000	10.125000	1.004595e+05	1.333306e+01	1.081618e+05	1.080106e+05	5.768273e+04	5.743163e+04	3.028506e+02	2.897086e+01	2021	8	11	0
	1288	403	142.000000	10.875000	1.001922e+05	1.348872e+01	1.080177e+05	1.078371e+05	5.751435e+04	5.718261e+04	3.029458e+02	2.763383e+01	2021	8	11	6
	1288	404	142.000000	11.125000	1.004424e+05	1.412346e+01	1.082684e+05	1.080428e+05	5.771108e+04	5.740209e+04	3.029084e+02	2.869221e+01	2021	8	11	12
	1289	406	142.250000	11.625000	1.001672e+05	1.480615e+01	1.079996e+05	1.077682e+05	5.749431e+04	5.722477e+04	3.029785e+02	2.562532e+01	2021	8	11	18
	1289	410	142.250000	12.625000	1.004308e+05	1.455947e+01	1.082178e+05	1.080017e+05	5.770284e+04	5.743936e+04	3.030722e+02	3.012736e+01	2021	8	12	0
	1290	411	142.500000	12.875000	1.001834e+05	1.507237e+01	1.080933e+05	1.078913e+05	5.756475e+04	5.721496e+04	3.033038e+02	3.792344e+01	2021	8	12	6
	1291	415	142.750000	13.875000	1.004137e+05	1.559818e+01	1.082822e+05	1.080598e+05	5.778558e+04	5.740221e+04	3.033479e+02	3.183694e+01	2021	8	12	12
	1290	414	142.500000	13.625000	1.001726e+05	1.699879e+01	1.081274e+05	1.078363e+05	5.758748e+04	5.709752e+04	3.032576e+02	3.033956e+01	2021	8	12	18
	1289	417	142.250000	14.375000	1.003557e+05	1.625231e+01	1.082740e+05	1.080331e+05	5.775095e+04	5.720282e+04	3.033068e+02	3.618243e+01	2021	8	13	0
	1289	418	142.250000	14.625000	1.000924e+05	1.585071e+01	1.081455e+05	1.076254e+05	5.759660e+04	5.686770e+04	3.033640e+02	3.638232e+01	2021	8	13	6
	1289	420	142.250000	15.125000	1.002040e+05	1.676446e+01	1.082766e+05	1.078336e+05	5.777817e+04	5.697215e+04	3.033372e+02	3.950848e+01	2021	8	13	12
	1289	421	142.250000	15.375000	9.989531e+04	1.714678e+01	1.080305e+05	1.076061e+05	5.758814e+04	5.671311e+04	3.032837e+02	3.554445e+01	2021	8	13	18
	1289	423	142.250000	15.875000	9.992628e+04	1.658776e+01	1.081701e+05	1.078038e+05	5.768634e+04	5.681405e+04	3.032721e+02	3.483673e+01	2021	8	14	0
	1288	426	142.000000	16.625000	9.955444e+04	1.740215e+01	1.080347e+05	1.076199e+05	5.754173e+04	5.659308e+04	3.034507e+02	3.511611e+01	2021	8	14	6
	1287	427	141.750000	16.875000	9.960549e+04	1.891333e+01	1.081430e+05	1.077478e+05	5.763530e+04	5.668482e+04	3.033910e+02	2.849751e+01	2021	8	14	12
	1285	428	141.250000	17.125000	9.926638e+04	1.832617e+01	1.078936e+05	1.075576e+05	5.745629e+04	5.637286e+04	3.033061e+02	3.329220e+01	2021	8	14	18
	1285	428	141.250000	17.125000	9.924849e+04	2.012466e+01	1.080218e+05	1.074737e+05	5.754077e+04	5.638746e+04	3.032046e+02	4.168365e+01	2021	8	15	0
	1284	430	141.000000	17.625000	9.882228e+04	1.891436e+01	1.079072e+05	1.071769e+05	5.738398e+04	5.601491e+04	3.033040e+02	3.640660e+01	2021	8	15	6
	1284	431	141.000000	17.875000	9.887675e+04	1.981069e+01	1.080539e+05	1.073037e+05	5.748855e+04	5.609943e+04	3.032184e+02	3.705843e+01	2021	8	15	12
	1283	431	140.750000	17.875000	9.855729e+04	1.982598e+01	1.078286e+05	1.071809e+05	5.726753e+04	5.595269e+04	3.032864e+02	4.305177e+01	2021	8	15	18
	1283	432	140.750000	18.125000	9.857498e+04	2.127450e+01	1.079414e+05	1.072606e+05	5.734349e+04	5.603935e+04	3.032081e+02	4.829137e+01	2021	8	16	0
	1284	433	141.000000	18.375000	9.820979e+04	2.288458e+01	1.078099e+05	1.070626e+05	5.718732e+04	5.578179e+04	3.030769e+02	3.741134e+01	2021	8	16	6
	1286	435	141.500000	18.875000	9.817574e+04	2.283669e+01	1.080705e+05	1.071859e+05	5.741402e+04	5.574784e+04	3.029299e+02	3.949329e+01	2021	8	16	12
	1288	438	142.000000	19.625000	9.768220e+04	2.439761e+01	1.079304e+05	1.069503e+05	5.729772e+04	5.532240e+04	3.026790e+02	3.685601e+01	2021	8	16	18
	1289	443	142.250000	20.875000	9.782003e+04	2.599173e+01	1.081937e+05	1.070804e+05	5.753507e+04	5.551889e+04	3.026714e+02	3.152871e+01	2021	8	17	0
	1289	450	142.250000	22.625000	9.748357e+04	2.505691e+01	1.082429e+05	1.069849e+05	5.749185e+04	5.529445e+04	3.026739e+02	2.904627e+01	2021	8	17	6
	1286	456	141.500000	24.125000	9.762369e+04	2.483846e+01	1.084410e+05	1.071473e+05	5.769294e+04	5.551956e+04	3.026719e+02	2.621880e+01	2021	8	17	12
	1282	463	140.500000	25.875000	9.760429e+04	2.497736e+01	1.083593e+05	1.071279e+05	5.764298e+04	5.547676e+04	3.022526e+02	2.462289e+01	2021	8	17	18
	1275	469	138.750000	27.375000	9.779081e+04	2.495876e+01	1.084930e+05	1.073809e+05	5.773766e+04	5.573742e+04	3.023775e+02	2.160888e+01	2021	8	18	0
	1267	473	136.750000	28.375000	9.766345e+04	2.448933e+01	1.084926e+05	1.074241e+05	5.768279e+04	5.562771e+04	3.023661e+02	2.117847e+01	2021	8	18	6
	1258	478	134.500000	29.625000	9.786645e+04	2.505116e+01	1.086438e+05	1.075534e+05	5.783061e+04	5.585464e+04	3.023322e+02	2.387107e+01	2021	8	18	12
	1250	481	132.500000	30.375000	9.788159e+04	2.405992e+01	1.085315e+05	1.074823e+05	5.768727e+04	5.584878e+04	9.999000e+03	2.837696e+01	2021	8	18	18
	1243	484	130.750000	31.125000	9.816158e+04	2.492865e+01	1.085106e+05	1.075947e+05	5.771888e+04	5.604331e+04	9.999000e+03	2.999641e+01	2021	8	19	0
	1236	488	129.000000	32.125000	9.778429e+04	2.664135e+01	1.084744e+05	1.076563e+05	5.753174e+04	5.597056e+04	9.999000e+03	3.120888e+01	2021	8	19	6
	1233	494	128.250000	33.625000	9.775505e+04	2.590514e+01	1.086252e+05	1.076734e+05	5.765833e+04	5.601039e+04	9.999000e+03	2.798488e+01	2021	8	19	12
	1230	498	127.500000	34.625000	9.810778e+04	2.139485e+01	1.084731e+05	1.076545e+05	5.760410e+04	5.607698e+04	9.999000e+03	2.637967e+01	2021	8	19	18
	1230	505	127.500000	36.375000	9.860299e+04	2.137647e+01	1.086180e+05	1.076876e+05	5.774566e+04	5.631182e+04	9.999000e+03	2.355756e+01	2021	8	20	0
	1230	510	127.500000	37.625000	9.877173e+04	1.961098e+01	1.085857e+05	1.074837e+05	5.769498e+04	5.640674e+04	9.999000e+03	2.230792e+01	2021	8	20	6
	1235	515	128.750000	38.875000	9.891334e+04	1.931253e+01	1.086501e+05	1.073542e+05	5.786190e+04	5.658029e+04	9.999000e+03	1.768074e+01	2021	8	20	12
	1240	517	130.000000	39.375000	9.897089e+04	1.910077e+01	1.084433e+05	1.070301e+05	5.778292e+04	5.644279e+04	9.999000e+03	1.659566e+01	2021	8	20	18
	1248	522	132.000000	40.625000	9.897414e+04	2.031336e+01	1.083899e+05	1.064408e+05	5.778323e+04	5.639406e+04	9.999000e+03	1.722172e+01	2021	8	21	0
	1259	524	134.750000	41.125000	9.886703e+04	2.046681e+01	1.082833e+05	1.058424e+05	5.778938e+04	5.609830e+04	9.999000e+03	1.221943e+01	2021	8	21	6
	1273	525	138.250000	41.375000	9.889227e+04	2.240185e+01	1.083292e+05	1.054807e+05	5.782877e+04	5.581845e+04	9.999000e+03	1.277376e+01	2021	8	21	12
	1289	526	142.250000	41.625000	9.876398e+04	1.757671e+01	1.081129e+05	1.046553e+05	5.755280e+04	5.537025e+04	9.999000e+03	8.119222e+00	2021	8	21	18
start	39	2021	8	20	18
	261	419	-114.750000	14.875000	1.007386e+05	1.089798e+01	1.083183e+05	1.079691e+05	5.788359e+04	5.749406e+04	3.027868e+02	2.662691e+01	2021	8	20	18
	258	418	-115.500000	14.625000	1.003394e+05	1.180259e+01	1.081237e+05	1.078816e+05	5.763184e+04	5.718616e+04	3.030583e+02	2.149942e+01	2021	8	21	0
	256	419	-116.000000	14.875000	1.005496e+05	1.230322e+01	1.082833e+05	1.080512e+05	5.782310e+04	5.741099e+04	3.028151e+02	1.996409e+01	2021	8	21	6
	253	420	-116.750000	15.125000	1.001961e+05	1.335642e+01	1.080499e+05	1.077334e+05	5.757659e+04	5.717651e+04	3.026556e+02	2.376189e+01	2021	8	21	12
	249	423	-117.750000	15.875000	1.003842e+05	1.490346e+01	1.083071e+05	1.080014e+05	5.778810e+04	5.732346e+04	3.025924e+02	2.065696e+01	2021	8	21	18
	246	422	-118.500000	15.625000	1.000573e+05	1.469797e+01	1.080991e+05	1.078218e+05	5.759018e+04	5.710084e+04	3.027284e+02	1.531128e+01	2021	8	22	0
	240	424	-120.000000	16.125000	1.002604e+05	1.521341e+01	1.083481e+05	1.079910e+05	5.785700e+04	5.719380e+04	3.023848e+02	1.655319e+01	2021	8	22	6
	237	423	-120.750000	15.875000	9.994697e+04	1.428130e+01	1.080965e+05	1.077549e+05	5.759438e+04	5.688310e+04	3.023755e+02	1.608106e+01	2021	8	22	12
	232	422	-122.000000	15.625000	1.001371e+05	1.462859e+01	1.082971e+05	1.079567e+05	5.778620e+04	5.701972e+04	3.023991e+02	1.564581e+01	2021	8	22	18
	229	423	-122.750000	15.875000	9.982118e+04	1.495234e+01	1.081856e+05	1.077224e+05	5.767867e+04	5.679853e+04	3.023778e+02	1.558098e+01	2021	8	23	0
	224	423	-124.000000	15.875000	1.000853e+05	1.586807e+01	1.084523e+05	1.079067e+05	5.792714e+04	5.710512e+04	3.022613e+02	1.539530e+01	2021	8	23	6
	218	424	-125.500000	16.125000	9.985223e+04	1.610978e+01	1.081867e+05	1.077549e+05	5.774511e+04	5.696968e+04	3.021877e+02	1.454395e+01	2021	8	23	12
	214	425	-126.500000	16.375000	1.001117e+05	1.516951e+01	1.084130e+05	1.079086e+05	5.797818e+04	5.721544e+04	3.021808e+02	1.244030e+01	2021	8	23	18
	209	426	-127.750000	16.625000	9.988659e+04	1.641365e+01	1.082779e+05	1.077583e+05	5.783738e+04	5.705670e+04	3.020050e+02	1.440438e+01	2021	8	24	0
	204	426	-129.000000	16.625000	1.000849e+05	1.631098e+01	1.084102e+05	1.079142e+05	5.799280e+04	5.721777e+04	3.016480e+02	1.295403e+01	2021	8	24	6
	199	427	-130.250000	16.875000	9.987182e+04	1.750813e+01	1.081509e+05	1.076733e+05	5.783216e+04	5.697077e+04	3.017241e+02	1.303724e+01	2021	8	24	12
	194	427	-131.500000	16.875000	1.000581e+05	1.681497e+01	1.082832e+05	1.078557e+05	5.799672e+04	5.707709e+04	3.017707e+02	1.261188e+01	2021	8	24	18
	189	428	-132.750000	17.125000	9.973946e+04	1.878872e+01	1.081008e+05	1.074887e+05	5.777571e+04	5.671770e+04	3.017904e+02	1.343941e+01	2021	8	25	0
	184	429	-134.000000	17.375000	9.983800e+04	1.795548e+01	1.082100e+05	1.077660e+05	5.795318e+04	5.699576e+04	3.015232e+02	1.324726e+01	2021	8	25	6
	180	429	-135.000000	17.375000	9.956846e+04	1.849954e+01	1.079459e+05	1.074558e+05	5.774558e+04	5.667339e+04	3.013752e+02	1.358634e+01	2021	8	25	12
	175	430	-136.250000	17.625000	9.977995e+04	1.955622e+01	1.080963e+05	1.076385e+05	5.790383e+04	5.673518e+04	3.011588e+02	1.448889e+01	2021	8	25	18
	170	431	-137.500000	17.875000	9.961932e+04	1.918800e+01	1.079416e+05	1.074322e+05	5.775634e+04	5.652841e+04	3.008055e+02	1.286889e+01	2021	8	26	0
	166	431	-138.500000	17.875000	9.979044e+04	2.003556e+01	1.080884e+05	1.076253e+05	5.788366e+04	5.675821e+04	3.003367e+02	1.643309e+01	2021	8	26	6
	165	432	-138.750000	18.125000	9.953270e+04	2.173675e+01	1.078933e+05	1.075136e+05	5.771768e+04	5.656511e+04	3.001115e+02	1.676850e+01	2021	8	26	12
	162	433	-139.500000	18.375000	9.962629e+04	2.250503e+01	1.080801e+05	1.076652e+05	5.785363e+04	5.682523e+04	3.000470e+02	1.391791e+01	2021	8	26	18
	160	434	-140.000000	18.625000	9.944412e+04	2.344099e+01	1.079675e+05	1.075395e+05	5.772531e+04	5.675129e+04	3.002006e+02	1.511481e+01	2021	8	27	0
	157	435	-140.750000	18.875000	9.953726e+04	2.407044e+01	1.080959e+05	1.076668e+05	5.785277e+04	5.686634e+04	3.000829e+02	1.622867e+01	2021	8	27	6
	155	436	-141.250000	19.125000	9.929034e+04	2.469960e+01	1.078647e+05	1.075158e+05	5.768230e+04	5.665183e+04	2.999340e+02	1.552206e+01	2021	8	27	12
	149	437	-142.750000	19.375000	9.934572e+04	2.587050e+01	1.080066e+05	1.075999e+05	5.780616e+04	5.678219e+04	2.998707e+02	1.041704e+01	2021	8	27	18
	145	438	-143.750000	19.625000	9.924138e+04	2.457681e+01	1.078806e+05	1.074505e+05	5.770895e+04	5.665352e+04	3.002297e+02	8.688877e+00	2021	8	28	0
	141	439	-144.750000	19.875000	9.965891e+04	2.483667e+01	1.080379e+05	1.075387e+05	5.784411e+04	5.712862e+04	3.001732e+02	1.116711e+01	2021	8	28	6
	137	439	-145.750000	19.875000	9.970684e+04	2.143875e+01	1.078231e+05	1.073578e+05	5.768056e+04	5.710155e+04	3.001122e+02	1.152463e+01	2021	8	28	12
	132	442	-147.000000	20.625000	9.983674e+04	2.245228e+01	1.079682e+05	1.073963e+05	5.782232e+04	5.708983e+04	3.001854e+02	9.395642e+00	2021	8	28	18
	128	443	-148.000000	20.875000	9.965583e+04	2.156910e+01	1.078219e+05	1.073249e+05	5.771709e+04	5.691096e+04	3.003255e+02	5.630425e+00	2021	8	29	0
	124	444	-149.000000	21.125000	9.992781e+04	2.105245e+01	1.079475e+05	1.073791e+05	5.779048e+04	5.716746e+04	3.003227e+02	6.792065e+00	2021	8	29	6
	119	444	-150.250000	21.125000	9.994991e+04	2.094899e+01	1.077137e+05	1.072217e+05	5.759970e+04	5.717251e+04	3.003846e+02	8.489383e+00	2021	8	29	12
	114	445	-151.500000	21.375000	1.001818e+05	2.027070e+01	1.078393e+05	1.072556e+05	5.769433e+04	5.724749e+04	3.003804e+02	6.355551e+00	2021	8	29	18
	111	445	-152.250000	21.375000	1.001064e+05	1.833917e+01	1.077312e+05	1.072638e+05	5.762262e+04	5.725737e+04	3.007050e+02	5.260983e+00	2021	8	30	0
	108	446	-153.000000	21.625000	1.003409e+05	1.733282e+01	1.078536e+05	1.073402e+05	5.771627e+04	5.744231e+04	3.005608e+02	8.186008e+00	2021	8	30	6
start	27	2021	8	22	0
	1253	442	133.250000	20.625000	1.001709e+05	1.139544e+01	1.082707e+05	1.080361e+05	5.777738e+04	5.731193e+04	3.032682e+02	2.678772e+01	2021	8	22	0
	1248	444	132.000000	21.125000	9.990256e+04	9.740597e+00	1.081058e+05	1.078891e+05	5.760951e+04	5.706837e+04	3.043218e+02	2.783177e+01	2021	8	22	6
	1244	444	131.000000	21.125000	9.996191e+04	1.146836e+01	1.082435e+05	1.080368e+05	5.771189e+04	5.716054e+04	3.038141e+02	2.835366e+01	2021	8	22	12
	1243	444	130.750000	21.125000	9.966365e+04	8.472072e+00	1.080211e+05	1.078444e+05	5.745650e+04	5.695496e+04	3.031843e+02	3.396649e+01	2021	8	22	18
	1240	445	130.000000	21.375000	9.979836e+04	8.423698e+00	1.081555e+05	1.079459e+05	5.753601e+04	5.703702e+04	3.031773e+02	3.509296e+01	2021	8	23	0
	1242	449	130.500000	22.375000	9.956405e+04	1.358015e+01	1.081346e+05	1.078776e+05	5.746841e+04	5.685309e+04	3.043574e+02	3.321652e+01	2021	8	23	6
	1236	450	129.000000	22.625000	9.963372e+04	1.121347e+01	1.083333e+05	1.080321e+05	5.753143e+04	5.693962e+04	3.037822e+02	3.230614e+01	2021	8	23	12
	1239	453	129.750000	23.375000	9.943908e+04	1.514872e+01	1.083088e+05	1.078447e+05	5.742526e+04	5.677339e+04	3.032313e+02	3.752448e+01	2021	8	23	18
	1233	457	128.250000	24.375000	9.947016e+04	1.323117e+01	1.083499e+05	1.079392e+05	5.743253e+04	5.683096e+04	3.031362e+02	3.186176e+01	2021	8	24	0
	1230	462	127.500000	25.625000	9.929531e+04	1.351985e+01	1.082900e+05	1.078802e+05	5.745230e+04	5.670229e+04	9.999000e+03	2.705372e+01	2021	8	24	6
	1228	461	127.000000	25.375000	9.936923e+04	1.107584e+01	1.084885e+05	1.080590e+05	5.748929e+04	5.683442e+04	9.999000e+03	2.170809e+01	2021	8	24	12
	1230	461	127.500000	25.375000	9.925235e+04	1.303591e+01	1.084112e+05	1.079441e+05	5.748811e+04	5.674883e+04	9.999000e+03	2.428555e+01	2021	8	24	18
	1231	469	127.750000	27.375000	9.938699e+04	1.643533e+01	1.084975e+05	1.080476e+05	5.766052e+04	5.682844e+04	9.999000e+03	3.011840e+01	2021	8	25	0
	1231	474	127.750000	28.625000	9.920583e+04	1.517558e+01	1.083920e+05	1.080108e+05	5.752636e+04	5.672288e+04	9.999000e+03	2.671986e+01	2021	8	25	6
	1230	478	127.500000	29.625000	9.928294e+04	1.535005e+01	1.085088e+05	1.081189e+05	5.759162e+04	5.685720e+04	3.029500e+02	2.713498e+01	2021	8	25	12
	1231	480	127.750000	30.125000	9.914666e+04	1.344929e+01	1.084064e+05	1.079644e+05	5.737779e+04	5.670691e+04	3.026252e+02	2.524970e+01	2021	8	25	18
	1234	481	128.500000	30.375000	9.921240e+04	1.358130e+01	1.084838e+05	1.080077e+05	5.747777e+04	5.671728e+04	9.999000e+03	2.161197e+01	2021	8	26	0
	1237	481	129.250000	30.375000	9.909648e+04	1.479606e+01	1.083325e+05	1.079620e+05	5.739662e+04	5.661470e+04	9.999000e+03	1.797163e+01	2021	8	26	6
	1240	482	130.000000	30.625000	9.923339e+04	1.665344e+01	1.084548e+05	1.081621e+05	5.751765e+04	5.677647e+04	9.999000e+03	1.728088e+01	2021	8	26	12
	1244	482	131.000000	30.625000	9.916499e+04	1.702855e+01	1.083120e+05	1.080431e+05	5.743444e+04	5.672512e+04	9.999000e+03	1.726047e+01	2021	8	26	18
	1247	487	131.750000	31.875000	9.940629e+04	1.501296e+01	1.084877e+05	1.081532e+05	5.762469e+04	5.689754e+04	9.999000e+03	1.789543e+01	2021	8	27	0
	1241	490	130.250000	32.625000	9.925942e+04	1.995045e+01	1.086179e+05	1.081483e+05	5.765213e+04	5.683157e+04	9.999000e+03	1.140845e+01	2021	8	27	6
	1237	488	129.250000	32.125000	9.953913e+04	1.702085e+01	1.087639e+05	1.082781e+05	5.776034e+04	5.702004e+04	9.999000e+03	8.046472e+00	2021	8	27	12
	1235	488	128.750000	32.125000	9.958253e+04	1.464603e+01	1.086741e+05	1.081900e+05	5.767698e+04	5.704200e+04	9.999000e+03	8.712327e+00	2021	8	27	18
	1237	490	129.250000	32.625000	9.992630e+04	1.480887e+01	1.088320e+05	1.083644e+05	5.796398e+04	5.723645e+04	9.999000e+03	8.194815e+00	2021	8	28	0
	1238	498	129.500000	34.625000	1.000197e+05	1.339733e+01	1.088283e+05	1.084692e+05	5.793925e+04	5.727430e+04	9.999000e+03	5.694124e+00	2021	8	28	6
	1240	501	130.000000	35.375000	1.003102e+05	1.362722e+01	1.090018e+05	1.083662e+05	5.815853e+04	5.749736e+04	9.999000e+03	6.632805e+00	2021	8	28	12
start	35	2021	8	29	12
	195	413	-131.250000	13.375000	1.003456e+05	1.091176e+01	1.078480e+05	1.075511e+05	5.747074e+04	5.715302e+04	3.020769e+02	2.516700e+01	2021	8	29	12
	194	417	-131.500000	14.375000	1.005672e+05	1.193928e+01	1.080902e+05	1.078215e+05	5.773093e+04	5.737443e+04	3.018354e+02	2.240344e+01	2021	8	29	18
	192	416	-132.000000	14.125000	1.003126e+05	9.909694e+00	1.079492e+05	1.076727e+05	5.756092e+04	5.714721e+04	3.020548e+02	1.998820e+01	2021	8	30	0
	187	418	-133.250000	14.625000	1.005581e+05	1.114845e+01	1.081878e+05	1.079173e+05	5.775828e+04	5.738350e+04	3.020042e+02	2.029735e+01	2021	8	30	6
	184	420	-134.000000	15.125000	1.002759e+05	1.242738e+01	1.079209e+05	1.076619e+05	5.754084e+04	5.713405e+04	3.019622e+02	2.135450e+01	2021	8	30	12
	179	419	-135.250000	14.875000	1.004953e+05	1.207298e+01	1.080875e+05	1.079038e+05	5.772665e+04	5.730546e+04	3.020201e+02	2.186584e+01	2021	8	30	18
	177	420	-135.750000	15.125000	1.002207e+05	1.067051e+01	1.079910e+05	1.077300e+05	5.755356e+04	5.709068e+04	3.020330e+02	2.197209e+01	2021	8	31	0
	174	422	-136.500000	15.625000	1.005180e+05	1.115180e+01	1.081932e+05	1.079628e+05	5.773633e+04	5.732260e+04	3.018659e+02	2.227811e+01	2021	8	31	6
	174	423	-136.500000	15.875000	1.003203e+05	1.217123e+01	1.079930e+05	1.077460e+05	5.758599e+04	5.711223e+04	3.018267e+02	2.526840e+01	2021	8	31	12
	170	427	-137.500000	16.875000	1.005497e+05	1.272744e+01	1.082294e+05	1.079129e+05	5.778566e+04	5.731049e+04	3.012334e+02	2.227872e+01	2021	8	31	18
	168	428	-138.000000	17.125000	1.002882e+05	1.255499e+01	1.081110e+05	1.077887e+05	5.761578e+04	5.714798e+04	3.011768e+02	2.214684e+01	2021	9	1	0
	165	430	-138.750000	17.625000	1.005028e+05	1.396555e+01	1.082314e+05	1.079785e+05	5.778150e+04	5.730837e+04	3.007550e+02	1.919629e+01	2021	9	1	6
	162	431	-139.500000	17.875000	1.003279e+05	1.190050e+01	1.080435e+05	1.077722e+05	5.763056e+04	5.713259e+04	3.002380e+02	1.770567e+01	2021	9	1	12
	159	434	-140.250000	18.625000	1.005404e+05	1.366080e+01	1.081890e+05	1.079867e+05	5.779195e+04	5.733770e+04	2.999986e+02	1.210670e+01	2021	9	1	18
	157	436	-140.750000	19.125000	1.003376e+05	1.274925e+01	1.080145e+05	1.078622e+05	5.765125e+04	5.719030e+04	2.999799e+02	1.277220e+01	2021	9	2	0
	153	439	-141.750000	19.875000	1.005380e+05	1.242760e+01	1.081288e+05	1.079158e+05	5.775779e+04	5.737248e+04	2.998741e+02	1.267007e+01	2021	9	2	6
	151	440	-142.250000	20.125000	1.004224e+05	1.243472e+01	1.079577e+05	1.077091e+05	5.762850e+04	5.725344e+04	2.997668e+02	1.276369e+01	2021	9	2	12
	150	442	-142.500000	20.625000	1.006313e+05	1.310122e+01	1.080867e+05	1.078013e+05	5.777487e+04	5.743033e+04	2.995456e+02	6.717309e+00	2021	9	2	18
	148	443	-143.000000	20.875000	1.004208e+05	1.167068e+01	1.079432e+05	1.076627e+05	5.766962e+04	5.730327e+04	3.001353e+02	5.370556e+00	2021	9	3	0
	147	444	-143.250000	21.125000	1.006006e+05	1.106929e+01	1.080369e+05	1.078091e+05	5.778536e+04	5.744246e+04	2.999210e+02	7.650839e+00	2021	9	3	6
	145	445	-143.750000	21.375000	1.004491e+05	1.019255e+01	1.078410e+05	1.076389e+05	5.766608e+04	5.725641e+04	2.994499e+02	6.840692e+00	2021	9	3	12
	146	445	-143.500000	21.375000	1.006149e+05	9.988693e+00	1.079636e+05	1.077524e+05	5.774733e+04	5.740462e+04	2.993556e+02	4.272772e+00	2021	9	3	18
	144	445	-144.000000	21.375000	1.004451e+05	9.729818e+00	1.078084e+05	1.076323e+05	5.769259e+04	5.722472e+04	3.007368e+02	4.795646e+00	2021	9	4	0
	144	446	-144.000000	21.625000	1.006005e+05	9.120482e+00	1.079497e+05	1.077340e+05	5.781372e+04	5.730859e+04	3.003873e+02	5.274318e+00	2021	9	4	6
	146	446	-143.500000	21.625000	1.004717e+05	1.082496e+01	1.077161e+05	1.075169e+05	5.766557e+04	5.716645e+04	2.998113e+02	7.495695e+00	2021	9	4	12
	144	451	-144.000000	22.875000	1.006697e+05	1.228346e+01	1.078306e+05	1.075713e+05	5.779595e+04	5.728365e+04	2.994665e+02	4.989804e+00	2021	9	4	18
	141	451	-144.750000	22.875000	1.004449e+05	1.374355e+01	1.076778e+05	1.074139e+05	5.768809e+04	5.707831e+04	3.000255e+02	7.792870e+00	2021	9	5	0
	141	453	-144.750000	23.375000	1.004947e+05	1.357335e+01	1.078247e+05	1.074950e+05	5.782621e+04	5.714306e+04	2.995873e+02	9.605456e+00	2021	9	5	6
	141	454	-144.750000	23.625000	1.002670e+05	1.446110e+01	1.075855e+05	1.072041e+05	5.762651e+04	5.688807e+04	2.994337e+02	1.120835e+01	2021	9	5	12
	141	455	-144.750000	23.875000	1.003056e+05	1.529714e+01	1.077466e+05	1.071696e+05	5.779730e+04	5.691760e+04	2.994026e+02	8.825870e+00	2021	9	5	18
	141	457	-144.750000	24.375000	1.000990e+05	1.584450e+01	1.076130e+05	1.070209e+05	5.765962e+04	5.682327e+04	2.996349e+02	8.766338e+00	2021	9	6	0
	142	460	-144.500000	25.125000	1.002470e+05	1.680275e+01	1.077565e+05	1.069558e+05	5.784658e+04	5.710948e+04	2.991631e+02	7.826293e+00	2021	9	6	6
	144	462	-144.000000	25.625000	1.001799e+05	1.626262e+01	1.075688e+05	1.066819e+05	5.769269e+04	5.707603e+04	2.989155e+02	7.542898e+00	2021	9	6	12
	147	463	-143.250000	25.875000	1.005366e+05	1.637914e+01	1.077833e+05	1.065782e+05	5.793139e+04	5.727584e+04	2.987517e+02	7.121390e+00	2021	9	6	18
	151	469	-142.250000	27.375000	1.002930e+05	1.691025e+01	1.075984e+05	1.062189e+05	5.776141e+04	5.702260e+04	2.982473e+02	4.090365e+00	2021	9	7	0
start	11	2021	8	31	12
	264	426	-114.000000	16.625000	1.005865e+05	1.223246e+01	1.079133e+05	1.076213e+05	5.782338e+04	5.718243e+04	3.025372e+02	1.578290e+01	2021	8	31	12
	262	428	-114.500000	17.125000	1.007485e+05	1.416170e+01	1.081523e+05	1.079517e+05	5.798658e+04	5.741411e+04	3.026429e+02	1.823436e+01	2021	8	31	18
	257	430	-115.750000	17.625000	1.004564e+05	1.440486e+01	1.080096e+05	1.077614e+05	5.782459e+04	5.717777e+04	3.031300e+02	1.246736e+01	2021	9	1	0
	252	432	-117.000000	18.125000	1.006877e+05	1.545004e+01	1.082119e+05	1.079801e+05	5.802655e+04	5.736648e+04	3.021814e+02	1.029249e+01	2021	9	1	6
	247	434	-118.250000	18.625000	1.004496e+05	1.494819e+01	1.079433e+05	1.077792e+05	5.785639e+04	5.720818e+04	3.017925e+02	1.222260e+01	2021	9	1	12
	242	435	-119.500000	18.875000	1.006395e+05	1.576632e+01	1.081671e+05	1.079977e+05	5.801716e+04	5.741793e+04	3.016316e+02	1.087681e+01	2021	9	1	18
	239	435	-120.250000	18.875000	1.003126e+05	1.693912e+01	1.079682e+05	1.078172e+05	5.782532e+04	5.725789e+04	3.017507e+02	1.071065e+01	2021	9	2	0
	235	435	-121.250000	18.875000	1.005276e+05	1.686723e+01	1.081108e+05	1.079110e+05	5.796490e+04	5.755656e+04	3.016829e+02	1.005692e+01	2021	9	2	6
	231	436	-122.250000	19.125000	1.003027e+05	1.664078e+01	1.078562e+05	1.076218e+05	5.776086e+04	5.732679e+04	3.016730e+02	1.142106e+01	2021	9	2	12
	229	437	-122.750000	19.375000	1.004709e+05	1.662967e+01	1.080640e+05	1.078296e+05	5.791412e+04	5.751168e+04	3.016284e+02	1.007046e+01	2021	9	2	18
	227	438	-123.250000	19.625000	1.001803e+05	1.690735e+01	1.079283e+05	1.076705e+05	5.768449e+04	5.730335e+04	3.017234e+02	1.059518e+01	2021	9	3	0
start	12	2021	9	3	0
	1315	434	148.750000	18.625000	1.000108e+05	1.301350e+01	1.082149e+05	1.078888e+05	5.759196e+04	5.702688e+04	3.037376e+02	1.961033e+01	2021	9	3	0
	1316	438	149.000000	19.625000	9.976012e+04	1.236802e+01	1.081374e+05	1.077474e+05	5.747235e+04	5.690825e+04	3.039922e+02	1.755370e+01	2021	9	3	6
	1322	446	150.500000	21.625000	9.995164e+04	1.215368e+01	1.084569e+05	1.079559e+05	5.768096e+04	5.714448e+04	3.035684e+02	2.707457e+01	2021	9	3	12
	1318	447	149.500000	21.875000	9.967316e+04	1.140277e+01	1.081789e+05	1.078389e+05	5.747463e+04	5.695632e+04	3.034649e+02	1.987915e+01	2021	9	3	18
	1319	450	149.750000	22.625000	9.977590e+04	1.263590e+01	1.083961e+05	1.080517e+05	5.760062e+04	5.706474e+04	3.034048e+02	2.050350e+01	2021	9	4	0
	1318	451	149.500000	22.875000	9.955486e+04	1.245057e+01	1.083005e+05	1.079585e+05	5.747631e+04	5.691478e+04	3.038585e+02	2.096655e+01	2021	9	4	6
	1317	457	149.250000	24.375000	9.971481e+04	1.179131e+01	1.084836e+05	1.081048e+05	5.757197e+04	5.705205e+04	3.031736e+02	2.280715e+01	2021	9	4	12
	1320	461	150.000000	25.375000	9.944990e+04	1.377379e+01	1.083140e+05	1.079135e+05	5.755043e+04	5.686246e+04	3.028753e+02	1.814977e+01	2021	9	4	18
	1314	463	148.500000	25.875000	9.964223e+04	1.003837e+01	1.084003e+05	1.079425e+05	5.755886e+04	5.701047e+04	3.029573e+02	1.652301e+01	2021	9	5	0
	1314	468	148.500000	27.125000	9.946396e+04	1.180192e+01	1.082791e+05	1.077852e+05	5.749091e+04	5.686420e+04	3.033683e+02	1.742114e+01	2021	9	5	6
	1313	469	148.250000	27.375000	9.965366e+04	1.185552e+01	1.083847e+05	1.078542e+05	5.754769e+04	5.703815e+04	3.025265e+02	1.486388e+01	2021	9	5	12
	1314	468	148.500000	27.125000	9.951616e+04	1.367293e+01	1.082493e+05	1.076769e+05	5.740162e+04	5.685948e+04	3.022210e+02	1.357616e+01	2021	9	5	18
start	15	2021	9	10	6
	1308	451	147.000000	22.875000	1.001154e+05	1.273403e+01	1.082071e+05	1.079918e+05	5.758451e+04	5.720018e+04	3.030693e+02	2.662593e+01	2021	9	10	6
	1308	452	147.000000	23.125000	1.003439e+05	1.371719e+01	1.083335e+05	1.081481e+05	5.770498e+04	5.727710e+04	3.026970e+02	2.381348e+01	2021	9	10	12
	1309	455	147.250000	23.875000	1.000709e+05	1.261775e+01	1.080989e+05	1.079213e+05	5.762872e+04	5.704660e+04	3.025999e+02	1.674500e+01	2021	9	10	18
	1307	456	146.750000	24.125000	1.002114e+05	1.312354e+01	1.082349e+05	1.080226e+05	5.776874e+04	5.724164e+04	3.026146e+02	1.437879e+01	2021	9	11	0
	1303	457	145.750000	24.375000	9.999234e+04	1.320954e+01	1.081228e+05	1.079421e+05	5.767193e+04	5.706530e+04	3.026211e+02	1.241873e+01	2021	9	11	6
	1300	458	145.000000	24.625000	1.001123e+05	1.352432e+01	1.082742e+05	1.080697e+05	5.782484e+04	5.720770e+04	3.025712e+02	1.204470e+01	2021	9	11	12
	1294	459	143.500000	24.875000	9.986803e+04	1.459860e+01	1.080873e+05	1.078779e+05	5.766364e+04	5.702847e+04	3.026194e+02	7.610942e+00	2021	9	11	18
	1290	460	142.500000	25.125000	9.999380e+04	1.464545e+01	1.082220e+05	1.079385e+05	5.775351e+04	5.721866e+04	3.025710e+02	9.373694e+00	2021	9	12	0
	1287	462	141.750000	25.625000	9.983205e+04	1.345713e+01	1.081360e+05	1.077956e+05	5.765912e+04	5.709470e+04	3.024265e+02	9.498526e+00	2021	9	12	6
	1282	461	140.500000	25.375000	1.000268e+05	1.463676e+01	1.083073e+05	1.080140e+05	5.779032e+04	5.729419e+04	3.026384e+02	7.373522e+00	2021	9	12	12
	1276	461	139.000000	25.375000	9.985489e+04	1.333131e+01	1.081113e+05	1.077965e+05	5.763333e+04	5.714793e+04	3.025749e+02	8.376788e+00	2021	9	12	18
	1272	461	138.000000	25.375000	1.000387e+05	1.446586e+01	1.082106e+05	1.079343e+05	5.776962e+04	5.734175e+04	3.024774e+02	7.591772e+00	2021	9	13	0
	1267	460	136.750000	25.125000	9.983657e+04	1.468025e+01	1.080911e+05	1.078544e+05	5.762468e+04	5.718030e+04	3.029125e+02	8.626363e+00	2021	9	13	6
	1261	459	135.250000	24.875000	1.000685e+05	1.422720e+01	1.082809e+05	1.080511e+05	5.778223e+04	5.738472e+04	3.027463e+02	1.083121e+01	2021	9	13	12
	1256	458	134.000000	24.625000	9.987909e+04	1.288955e+01	1.081206e+05	1.079049e+05	5.760252e+04	5.721796e+04	3.026705e+02	6.528282e+00	2021	9	13	18
start	22	2021	9	11	12
	1182	417	115.500000	14.375000	1.001894e+05	1.448299e+01	1.081328e+05	1.079264e+05	5.747844e+04	5.721677e+04	3.027838e+02	3.031845e+01	2021	9	11	12
	1185	420	116.250000	15.125000	1.000696e+05	1.567056e+01	1.079979e+05	1.078096e+05	5.742211e+04	5.708968e+04	3.026574e+02	2.693450e+01	2021	9	11	18
	1185	420	116.250000	15.125000	1.000884e+05	1.608444e+01	1.080498e+05	1.077088e+05	5.752955e+04	5.710737e+04	3.025395e+02	3.154737e+01	2021	9	12	0
	1185	422	116.250000	15.625000	9.982328e+04	1.454150e+01	1.079330e+05	1.077341e+05	5.738534e+04	5.694125e+04	3.024949e+02	2.783547e+01	2021	9	12	6
	1184	422	116.000000	15.625000	9.985852e+04	1.914743e+01	1.080809e+05	1.078749e+05	5.750810e+04	5.695698e+04	3.024261e+02	2.286876e+01	2021	9	12	12
	1186	421	116.500000	15.375000	9.973960e+04	1.920292e+01	1.079395e+05	1.077256e+05	5.744770e+04	5.684917e+04	3.023322e+02	2.775349e+01	2021	9	12	18
	1187	427	116.750000	16.875000	9.970760e+04	1.713515e+01	1.080273e+05	1.076962e+05	5.759059e+04	5.682246e+04	3.022762e+02	2.454687e+01	2021	9	13	0
	1185	426	116.250000	16.625000	9.945402e+04	1.639453e+01	1.079445e+05	1.076640e+05	5.744040e+04	5.663091e+04	3.023235e+02	2.015417e+01	2021	9	13	6
	1185	427	116.250000	16.875000	9.942866e+04	1.640431e+01	1.080746e+05	1.077124e+05	5.757201e+04	5.663471e+04	3.022295e+02	1.810842e+01	2021	9	13	12
	1182	429	115.500000	17.375000	9.930063e+04	1.741324e+01	1.080240e+05	1.076797e+05	5.746093e+04	5.659506e+04	3.021661e+02	2.773858e+01	2021	9	13	18
	1181	430	115.250000	17.625000	9.932829e+04	1.883980e+01	1.081470e+05	1.077535e+05	5.755148e+04	5.669347e+04	3.020953e+02	2.734904e+01	2021	9	14	0
	1180	432	115.000000	18.125000	9.921239e+04	1.943204e+01	1.081005e+05	1.077183e+05	5.749111e+04	5.661074e+04	3.022180e+02	3.017521e+01	2021	9	14	6
	1176	433	114.000000	18.375000	9.919034e+04	2.113392e+01	1.082650e+05	1.078094e+05	5.760362e+04	5.662262e+04	3.020273e+02	2.564771e+01	2021	9	14	12
	1173	435	113.250000	18.875000	9.906589e+04	2.197779e+01	1.082480e+05	1.077296e+05	5.755030e+04	5.647705e+04	3.022259e+02	2.551744e+01	2021	9	14	18
	1169	435	112.250000	18.875000	9.910769e+04	2.214233e+01	1.082458e+05	1.077181e+05	5.767509e+04	5.657750e+04	9.999000e+03	2.221345e+01	2021	9	15	0
	1166	438	111.500000	19.625000	9.908647e+04	2.214995e+01	1.082804e+05	1.078475e+05	5.762810e+04	5.662229e+04	9.999000e+03	2.205902e+01	2021	9	15	6
	1162	439	110.500000	19.875000	9.930580e+04	2.062676e+01	1.084362e+05	1.079973e+05	5.775185e+04	5.679558e+04	9.999000e+03	1.571009e+01	2021	9	15	12
	1156	439	109.000000	19.875000	9.953969e+04	1.794105e+01	1.083797e+05	1.078357e+05	5.768485e+04	5.689101e+04	9.999000e+03	1.794751e+01	2021	9	15	18
	1155	442	108.750000	20.625000	9.969355e+04	1.879182e+01	1.083721e+05	1.078552e+05	5.778155e+04	5.700253e+04	9.999000e+03	1.520748e+01	2021	9	16	0
	1151	444	107.750000	21.125000	9.980860e+04	1.775146e+01	1.083869e+05	1.078697e+05	5.773423e+04	5.704636e+04	9.999000e+03	1.071304e+01	2021	9	16	6
	1145	444	106.250000	21.125000	1.000815e+05	1.052090e+01	1.084431e+05	1.079480e+05	5.779179e+04	5.716720e+04	9.999000e+03	8.688989e+00	2021	9	16	12
	1143	440	105.750000	20.125000	1.005056e+05	1.062201e+01	1.083330e+05	1.078715e+05	5.773092e+04	5.726386e+04	9.999000e+03	1.533954e+01	2021	9	16	18
start	56	2021	9	16	6
	1252	454	133.000000	23.625000	9.921823e+04	1.510859e+01	1.082158e+05	1.077531e+05	5.750482e+04	5.667142e+04	3.041255e+02	1.285243e+01	2021	9	16	6
	1245	453	131.250000	23.375000	9.933798e+04	1.631141e+01	1.083491e+05	1.079151e+05	5.766079e+04	5.681475e+04	3.029401e+02	1.686953e+01	2021	9	16	12
	1238	450	129.500000	22.625000	9.915100e+04	1.600314e+01	1.081258e+05	1.077131e+05	5.739987e+04	5.665108e+04	3.027089e+02	1.865183e+01	2021	9	16	18
	1232	448	128.000000	22.125000	9.930789e+04	1.509132e+01	1.082257e+05	1.078961e+05	5.748291e+04	5.683578e+04	3.026849e+02	2.489201e+01	2021	9	17	0
	1228	447	127.000000	21.875000	9.905820e+04	1.474169e+01	1.080981e+05	1.077463e+05	5.727973e+04	5.669057e+04	3.032601e+02	3.064082e+01	2021	9	17	6
	1222	445	125.500000	21.375000	9.915914e+04	1.692995e+01	1.081909e+05	1.078885e+05	5.732718e+04	5.675485e+04	3.026955e+02	3.156295e+01	2021	9	17	12
	1218	444	124.500000	21.125000	9.892851e+04	1.527816e+01	1.080770e+05	1.077012e+05	5.718553e+04	5.651859e+04	3.025764e+02	2.590185e+01	2021	9	17	18
	1221	442	125.250000	20.625000	9.905476e+04	1.594507e+01	1.081986e+05	1.078571e+05	5.718251e+04	5.661985e+04	3.025803e+02	2.798144e+01	2021	9	18	0
	1222	444	125.500000	21.125000	9.877960e+04	1.599923e+01	1.081439e+05	1.076996e+05	5.704646e+04	5.644755e+04	3.033273e+02	2.670036e+01	2021	9	18	6
	1223	445	125.750000	21.375000	9.893514e+04	1.667379e+01	1.082925e+05	1.078705e+05	5.725591e+04	5.662126e+04	3.027729e+02	2.202980e+01	2021	9	18	12
	1223	447	125.750000	21.875000	9.882441e+04	1.654866e+01	1.081874e+05	1.078012e+05	5.717250e+04	5.650963e+04	3.025668e+02	1.826484e+01	2021	9	18	18
	1221	449	125.250000	22.375000	9.904721e+04	1.512558e+01	1.083501e+05	1.079502e+05	5.730740e+04	5.666474e+04	3.024957e+02	2.108072e+01	2021	9	19	0
	1220	452	125.000000	23.125000	9.880336e+04	1.352216e+01	1.082381e+05	1.078635e+05	5.722000e+04	5.652308e+04	3.027305e+02	2.534080e+01	2021	9	19	6
	1216	451	124.000000	22.875000	9.896773e+04	1.507502e+01	1.083848e+05	1.080251e+05	5.731570e+04	5.663910e+04	3.024592e+02	2.386078e+01	2021	9	19	12
	1216	451	124.000000	22.875000	9.895166e+04	1.578893e+01	1.082630e+05	1.079343e+05	5.719255e+04	5.656310e+04	3.023391e+02	1.886569e+01	2021	9	19	18
	1213	453	123.250000	23.375000	9.911314e+04	1.338817e+01	1.083059e+05	1.080528e+05	5.736101e+04	5.668257e+04	9.999000e+03	2.163638e+01	2021	9	20	0
	1212	453	123.000000	23.375000	9.887995e+04	1.405556e+01	1.081677e+05	1.078977e+05	5.717877e+04	5.653218e+04	9.999000e+03	2.595947e+01	2021	9	20	6
	1213	453	123.250000	23.375000	9.909100e+04	1.398396e+01	1.083259e+05	1.080890e+05	5.732900e+04	5.672735e+04	9.999000e+03	2.779363e+01	2021	9	20	12
	1211	453	122.750000	23.375000	9.894141e+04	1.450241e+01	1.081561e+05	1.079653e+05	5.717907e+04	5.659722e+04	9.999000e+03	2.748262e+01	2021	9	20	18
	1211	452	122.750000	23.125000	9.905397e+04	1.598505e+01	1.083899e+05	1.080294e+05	5.731144e+04	5.672210e+04	9.999000e+03	3.147362e+01	2021	9	21	0
	1209	450	122.250000	22.625000	9.890312e+04	1.810956e+01	1.081832e+05	1.078665e+05	5.712998e+04	5.654898e+04	9.999000e+03	3.389993e+01	2021	9	21	6
	1209	445	122.250000	21.375000	9.911189e+04	1.973500e+01	1.083438e+05	1.080299e+05	5.730389e+04	5.668071e+04	9.999000e+03	3.723223e+01	2021	9	21	12
	1211	442	122.750000	20.625000	9.894477e+04	2.163926e+01	1.081473e+05	1.079309e+05	5.726184e+04	5.657202e+04	3.028799e+02	3.614612e+01	2021	9	21	18
	1216	443	124.000000	20.875000	9.905597e+04	2.044019e+01	1.082622e+05	1.079860e+05	5.739005e+04	5.669166e+04	3.023129e+02	4.106345e+01	2021	9	22	0
	1221	444	125.250000	21.125000	9.883738e+04	1.820320e+01	1.081298e+05	1.077963e+05	5.721606e+04	5.651693e+04	3.023629e+02	3.347124e+01	2021	9	22	6
	1222	444	125.500000	21.125000	9.907365e+04	1.795098e+01	1.082311e+05	1.080615e+05	5.740451e+04	5.671622e+04	3.023786e+02	3.312701e+01	2021	9	22	12
	1225	442	126.250000	20.625000	9.890005e+04	2.057920e+01	1.081362e+05	1.079569e+05	5.735205e+04	5.659672e+04	3.023504e+02	3.122770e+01	2021	9	22	18
	1228	442	127.000000	20.625000	9.901277e+04	2.153217e+01	1.083641e+05	1.079696e+05	5.751456e+04	5.666959e+04	3.023596e+02	3.449120e+01	2021	9	23	0
	1232	444	128.000000	21.125000	9.870176e+04	2.087001e+01	1.081385e+05	1.078232e+05	5.735155e+04	5.643111e+04	3.026433e+02	2.565796e+01	2021	9	23	6
	1233	443	128.250000	20.875000	9.880239e+04	2.120716e+01	1.083655e+05	1.079464e+05	5.753479e+04	5.649501e+04	3.023966e+02	2.187200e+01	2021	9	23	12
	1236	443	129.000000	20.875000	9.863131e+04	2.060123e+01	1.081934e+05	1.077705e+05	5.737602e+04	5.635131e+04	3.024655e+02	2.240222e+01	2021	9	23	18
	1238	444	129.500000	21.125000	9.884828e+04	2.027841e+01	1.084003e+05	1.079440e+05	5.762809e+04	5.653731e+04	3.024440e+02	2.695275e+01	2021	9	24	0
	1238	444	129.500000	21.125000	9.846451e+04	2.038326e+01	1.082478e+05	1.076634e+05	5.743680e+04	5.619814e+04	3.025284e+02	2.249919e+01	2021	9	24	6
	1238	446	129.500000	21.625000	9.849056e+04	2.139959e+01	1.083879e+05	1.076798e+05	5.759349e+04	5.621534e+04	3.023883e+02	2.386321e+01	2021	9	24	12
	1237	445	129.250000	21.375000	9.807705e+04	2.381343e+01	1.081828e+05	1.073047e+05	5.738775e+04	5.580682e+04	3.022908e+02	2.289850e+01	2021	9	24	18
	1237	446	129.250000	21.625000	9.811269e+04	2.299088e+01	1.083589e+05	1.074052e+05	5.759107e+04	5.585579e+04	3.021884e+02	2.069418e+01	2021	9	25	0
	1238	448	129.500000	22.125000	9.789845e+04	2.342078e+01	1.081075e+05	1.073442e+05	5.740005e+04	5.569457e+04	3.021412e+02	1.841566e+01	2021	9	25	6
	1237	449	129.250000	22.375000	9.809933e+04	2.132096e+01	1.082912e+05	1.075307e+05	5.758982e+04	5.583173e+04	3.020024e+02	1.794479e+01	2021	9	25	12
	1236	451	129.000000	22.875000	9.799671e+04	2.152992e+01	1.081270e+05	1.073345e+05	5.739829e+04	5.566043e+04	3.018712e+02	2.259555e+01	2021	9	25	18
	1235	452	128.750000	23.125000	9.814652e+04	2.247936e+01	1.082555e+05	1.074415e+05	5.757339e+04	5.583166e+04	3.015841e+02	2.607081e+01	2021	9	26	0
	1234	453	128.500000	23.375000	9.780319e+04	2.416193e+01	1.080794e+05	1.071960e+05	5.742559e+04	5.552845e+04	3.014460e+02	2.688959e+01	2021	9	26	6
	1233	453	128.250000	23.375000	9.776175e+04	2.425158e+01	1.082353e+05	1.073484e+05	5.764588e+04	5.565327e+04	3.011422e+02	2.104258e+01	2021	9	26	12
	1231	454	127.750000	23.625000	9.779177e+04	2.577112e+01	1.081457e+05	1.072832e+05	5.752252e+04	5.559275e+04	3.007926e+02	1.579809e+01	2021	9	26	18
	1229	454	127.250000	23.625000	9.810023e+04	2.557891e+01	1.083357e+05	1.075377e+05	5.768966e+04	5.595617e+04	3.005722e+02	1.875277e+01	2021	9	27	0
	1227	454	126.750000	23.625000	9.795305e+04	2.742504e+01	1.083026e+05	1.075791e+05	5.761764e+04	5.582054e+04	3.004964e+02	1.756881e+01	2021	9	27	6
	1224	454	126.000000	23.625000	9.819316e+04	2.641493e+01	1.084686e+05	1.078202e+05	5.781771e+04	5.607525e+04	3.004465e+02	1.561242e+01	2021	9	27	12
	1219	454	124.750000	23.625000	9.818204e+04	2.486537e+01	1.083712e+05	1.078204e+05	5.771818e+04	5.609959e+04	3.004740e+02	1.710887e+01	2021	9	27	18
	1217	453	124.250000	23.375000	9.843798e+04	2.514775e+01	1.084921e+05	1.080204e+05	5.786703e+04	5.633152e+04	3.007431e+02	2.520448e+01	2021	9	28	0
	1214	454	123.500000	23.625000	9.823017e+04	2.776773e+01	1.084020e+05	1.078063e+05	5.775845e+04	5.618451e+04	9.999000e+03	2.242334e+01	2021	9	28	6
	1209	456	122.250000	24.125000	9.898546e+04	2.685672e+01	1.084214e+05	1.080443e+05	5.790762e+04	5.667474e+04	9.999000e+03	1.633109e+01	2021	9	28	12
	1203	458	120.750000	24.625000	9.933321e+04	2.364956e+01	1.082787e+05	1.079780e+05	5.779371e+04	5.671174e+04	9.999000e+03	9.359990e+00	2021	9	28	18
	1197	453	119.250000	23.375000	9.971042e+04	2.025302e+01	1.082825e+05	1.079552e+05	5.777937e+04	5.695982e+04	9.999000e+03	1.235726e+01	2021	9	29	0
	1195	454	118.750000	23.625000	9.967004e+04	1.722484e+01	1.082018e+05	1.079008e+05	5.764024e+04	5.692727e+04	9.999000e+03	1.288921e+01	2021	9	29	6
	1192	454	118.000000	23.625000	1.000028e+05	1.427681e+01	1.083495e+05	1.079856e+05	5.775134e+04	5.717916e+04	9.999000e+03	1.272608e+01	2021	9	29	12
	1187	453	116.750000	23.375000	1.002117e+05	1.168061e+01	1.081818e+05	1.077875e+05	5.759861e+04	5.715887e+04	9.999000e+03	1.166271e+01	2021	9	29	18
	1183	456	115.750000	24.125000	1.005606e+05	8.554690e+00	1.082454e+05	1.078957e+05	5.769612e+04	5.731291e+04	9.999000e+03	8.475252e+00	2021	9	30	0
start	12	2021	10	2	0
	1198	431	119.500000	17.875000	1.003985e+05	1.459850e+01	1.083384e+05	1.078526e+05	5.780035e+04	5.732442e+04	9.999000e+03	2.486282e+01	2021	10	2	0
	1195	432	118.750000	18.125000	1.002228e+05	1.551461e+01	1.082842e+05	1.077487e+05	5.768504e+04	5.714392e+04	9.999000e+03	1.837986e+01	2021	10	2	6
	1185	430	116.250000	17.625000	1.003042e+05	1.608989e+01	1.083998e+05	1.078663e+05	5.778557e+04	5.725629e+04	3.020725e+02	1.597893e+01	2021	10	2	12
	1178	429	114.500000	17.375000	1.001890e+05	1.619038e+01	1.083648e+05	1.077481e+05	5.769755e+04	5.722457e+04	3.023594e+02	2.261607e+01	2021	10	2	18
	1173	427	113.250000	16.875000	1.002309e+05	1.445547e+01	1.083158e+05	1.078005e+05	5.777288e+04	5.723183e+04	3.023262e+02	2.020356e+01	2021	10	3	0
	1169	429	112.250000	17.375000	1.000538e+05	1.453460e+01	1.082901e+05	1.077731e+05	5.770461e+04	5.711575e+04	3.023985e+02	1.849748e+01	2021	10	3	6
	1163	430	110.750000	17.625000	1.001210e+05	1.540300e+01	1.084473e+05	1.078576e+05	5.778958e+04	5.724291e+04	9.999000e+03	1.697099e+01	2021	10	3	12
	1160	430	110.000000	17.625000	1.000877e+05	1.333196e+01	1.082967e+05	1.077556e+05	5.777355e+04	5.723998e+04	9.999000e+03	2.084793e+01	2021	10	3	18
	1154	431	108.500000	17.875000	1.001886e+05	1.644156e+01	1.082658e+05	1.078337e+05	5.784779e+04	5.716780e+04	9.999000e+03	2.397457e+01	2021	10	4	0
	1149	434	107.250000	18.625000	1.002189e+05	1.647375e+01	1.082802e+05	1.078333e+05	5.780852e+04	5.724677e+04	9.999000e+03	1.850928e+01	2021	10	4	6
	1146	435	106.500000	18.875000	1.001477e+05	1.451438e+01	1.084212e+05	1.079374e+05	5.793563e+04	5.737385e+04	9.999000e+03	1.845673e+01	2021	10	4	12
	1143	436	105.750000	19.125000	1.004689e+05	1.395747e+01	1.083362e+05	1.078820e+05	5.790115e+04	5.739290e+04	9.999000e+03	2.464236e+01	2021	10	4	18
start	36	2021	10	6	6
	1264	412	136.000000	13.125000	9.980698e+04	1.373674e+01	1.079153e+05	1.076318e+05	5.737305e+04	5.686445e+04	3.031313e+02	2.514960e+01	2021	10	6	6
	1265	415	136.250000	13.875000	9.999821e+04	1.258840e+01	1.080785e+05	1.078431e+05	5.757214e+04	5.703229e+04	3.025443e+02	2.699298e+01	2021	10	6	12
	1260	414	135.000000	13.625000	9.978388e+04	1.216660e+01	1.078324e+05	1.076282e+05	5.739900e+04	5.680350e+04	3.023623e+02	2.163490e+01	2021	10	6	18
	1257	417	134.250000	14.375000	1.000331e+05	1.294320e+01	1.080411e+05	1.078154e+05	5.765691e+04	5.710697e+04	3.024580e+02	2.283644e+01	2021	10	7	0
	1257	416	134.250000	14.125000	9.978866e+04	1.622625e+01	1.078620e+05	1.076132e+05	5.742580e+04	5.692269e+04	3.033399e+02	2.451500e+01	2021	10	7	6
	1257	417	134.250000	14.375000	1.000785e+05	1.636872e+01	1.080362e+05	1.078648e+05	5.762486e+04	5.716304e+04	3.027375e+02	2.283876e+01	2021	10	7	12
	1261	416	135.250000	14.125000	9.988730e+04	1.543639e+01	1.078319e+05	1.076337e+05	5.740255e+04	5.698221e+04	3.023759e+02	2.331129e+01	2021	10	7	18
	1257	420	134.250000	15.125000	1.001665e+05	1.445874e+01	1.080630e+05	1.077963e+05	5.767725e+04	5.713767e+04	3.024055e+02	2.186551e+01	2021	10	8	0
	1257	420	134.250000	15.125000	9.985056e+04	1.427445e+01	1.078822e+05	1.075424e+05	5.747049e+04	5.697828e+04	3.033711e+02	2.280016e+01	2021	10	8	6
	1259	419	134.750000	14.875000	1.000751e+05	1.393107e+01	1.081524e+05	1.078122e+05	5.769329e+04	5.718918e+04	3.027767e+02	2.616403e+01	2021	10	8	12
	1258	425	134.500000	16.375000	9.984420e+04	1.376136e+01	1.079769e+05	1.076819e+05	5.748197e+04	5.698685e+04	3.023969e+02	3.182649e+01	2021	10	8	18
	1254	426	133.500000	16.625000	1.000751e+05	1.620578e+01	1.081629e+05	1.078610e+05	5.770042e+04	5.711781e+04	3.024220e+02	2.376500e+01	2021	10	9	0
	1255	424	133.750000	16.125000	9.975588e+04	1.621345e+01	1.079582e+05	1.076432e+05	5.748812e+04	5.686216e+04	3.027854e+02	2.392924e+01	2021	10	9	6
	1259	426	134.750000	16.625000	9.989310e+04	1.521849e+01	1.082067e+05	1.079141e+05	5.772415e+04	5.704622e+04	3.024372e+02	2.759845e+01	2021	10	9	12
	1257	429	134.250000	17.375000	9.964961e+04	1.861098e+01	1.079280e+05	1.077302e+05	5.752444e+04	5.684364e+04	3.023842e+02	2.090363e+01	2021	10	9	18
	1257	430	134.250000	17.625000	9.986414e+04	1.783522e+01	1.081334e+05	1.079385e+05	5.774750e+04	5.702911e+04	3.023606e+02	1.480705e+01	2021	10	10	0
	1259	432	134.750000	18.125000	9.957423e+04	1.697659e+01	1.080262e+05	1.077871e+05	5.753367e+04	5.685587e+04	3.026603e+02	1.617434e+01	2021	10	10	6
	1260	432	135.000000	18.125000	9.981499e+04	1.671219e+01	1.083608e+05	1.080757e+05	5.784240e+04	5.711327e+04	3.023323e+02	1.573217e+01	2021	10	10	12
	1261	435	135.250000	18.875000	9.963437e+04	1.642937e+01	1.080409e+05	1.078242e+05	5.764402e+04	5.692163e+04	3.022779e+02	1.783809e+01	2021	10	10	18
	1260	438	135.000000	19.625000	9.974095e+04	1.630624e+01	1.082399e+05	1.079189e+05	5.777612e+04	5.701909e+04	3.022584e+02	2.019473e+01	2021	10	11	0
	1263	438	135.750000	19.625000	9.951271e+04	1.699471e+01	1.080948e+05	1.077362e+05	5.761668e+04	5.673377e+04	3.022621e+02	1.611446e+01	2021	10	11	6
	1265	441	136.250000	20.375000	9.966231e+04	1.652542e+01	1.081925e+05	1.078587e+05	5.779680e+04	5.689263e+04	3.021826e+02	1.758837e+01	2021	10	11	12
	1269	442	137.250000	20.625000	9.934638e+04	1.623490e+01	1.079645e+05	1.076383e+05	5.754222e+04	5.670872e+04	3.020306e+02	1.905380e+01	2021	10	11	18
	1271	445	137.750000	21.375000	9.941979e+04	1.797058e+01	1.081435e+05	1.076753e+05	5.772754e+04	5.679696e+04	3.019569e+02	1.491394e+01	2021	10	12	0
	1275	448	138.750000	22.125000	9.911168e+04	1.850428e+01	1.079529e+05	1.074308e+05	5.752918e+04	5.661271e+04	3.019984e+02	1.801110e+01	2021	10	12	6
	1279	452	139.750000	23.125000	9.920313e+04	2.143465e+01	1.080369e+05	1.074610e+05	5.767197e+04	5.675314e+04	3.017820e+02	2.157634e+01	2021	10	12	12
	1282	454	140.500000	23.625000	9.890426e+04	2.128280e+01	1.078126e+05	1.071505e+05	5.742860e+04	5.647058e+04	3.014478e+02	1.774591e+01	2021	10	12	18
	1285	460	141.250000	25.125000	9.898566e+04	1.932868e+01	1.079167e+05	1.069743e+05	5.758088e+04	5.640755e+04	3.010453e+02	1.830309e+01	2021	10	13	0
	1288	467	142.000000	26.875000	9.885803e+04	2.703799e+01	1.076801e+05	1.063822e+05	5.739463e+04	5.610715e+04	3.002885e+02	3.031420e+01	2021	10	13	6
	1288	473	142.000000	28.375000	9.884195e+04	2.543310e+01	1.077509e+05	1.058957e+05	5.737498e+04	5.586318e+04	2.999929e+02	2.995893e+01	2021	10	13	12
	1294	479	143.500000	29.875000	9.891369e+04	2.720386e+01	1.074672e+05	1.054140e+05	5.715015e+04	5.539178e+04	2.998588e+02	2.327105e+01	2021	10	13	18
	1299	482	144.750000	30.625000	9.904500e+04	2.444773e+01	1.077060e+05	1.048974e+05	5.740680e+04	5.555154e+04	2.995267e+02	1.036493e+01	2021	10	14	0
	1306	487	146.500000	31.875000	9.906068e+04	2.391323e+01	1.076263e+05	1.045319e+05	5.731349e+04	5.530276e+04	2.991122e+02	8.141624e+00	2021	10	14	6
	1314	492	148.500000	33.125000	9.929434e+04	2.656152e+01	1.077351e+05	1.043003e+05	5.741274e+04	5.526939e+04	2.989224e+02	6.989757e+00	2021	10	14	12
	1324	499	151.000000	34.875000	9.917855e+04	2.500060e+01	1.075727e+05	1.035530e+05	5.725377e+04	5.485168e+04	2.981617e+02	6.293316e+00	2021	10	14	18
	1338	507	154.500000	36.875000	9.933101e+04	2.481259e+01	1.076677e+05	1.030855e+05	5.733226e+04	5.441686e+04	2.975868e+02	6.412220e+00	2021	10	15	0
start	29	2021	10	8	0
	1375	438	163.750000	19.625000	1.000745e+05	1.421901e+01	1.083365e+05	1.077038e+05	5.768684e+04	5.711453e+04	3.029438e+02	1.341785e+01	2021	10	8	0
	1379	441	164.750000	20.375000	9.989722e+04	1.296924e+01	1.082506e+05	1.075444e+05	5.759298e+04	5.698685e+04	3.029779e+02	1.639080e+01	2021	10	8	6
	1385	443	166.250000	20.875000	9.993330e+04	1.419120e+01	1.082991e+05	1.075851e+05	5.767806e+04	5.699975e+04	3.026577e+02	1.612393e+01	2021	10	8	12
	1390	443	167.500000	20.875000	9.969103e+04	1.438121e+01	1.081752e+05	1.074448e+05	5.750944e+04	5.683397e+04	3.023008e+02	1.899817e+01	2021	10	8	18
	1397	444	169.250000	21.125000	9.974048e+04	1.552425e+01	1.082549e+05	1.075655e+05	5.757837e+04	5.689630e+04	3.024042e+02	1.756031e+01	2021	10	9	0
	1403	442	170.750000	20.625000	9.963137e+04	1.645985e+01	1.081702e+05	1.076061e+05	5.756809e+04	5.680516e+04	3.024820e+02	1.880005e+01	2021	10	9	6
	1412	444	173.000000	21.125000	9.964419e+04	1.663615e+01	1.082634e+05	1.076630e+05	5.760687e+04	5.679522e+04	3.023349e+02	2.123860e+01	2021	10	9	12
	1417	446	174.250000	21.625000	9.947665e+04	1.691698e+01	1.081428e+05	1.075972e+05	5.750327e+04	5.662749e+04	3.021758e+02	1.964214e+01	2021	10	9	18
	1421	445	175.250000	21.375000	9.958768e+04	1.648338e+01	1.082361e+05	1.077811e+05	5.765612e+04	5.671725e+04	3.021560e+02	1.781764e+01	2021	10	10	0
	1423	447	175.750000	21.875000	9.951072e+04	1.643618e+01	1.082322e+05	1.077943e+05	5.760511e+04	5.668412e+04	3.020171e+02	1.290019e+01	2021	10	10	6
	1426	447	176.500000	21.875000	9.959959e+04	1.602395e+01	1.082897e+05	1.079183e+05	5.773408e+04	5.683177e+04	3.019607e+02	1.490095e+01	2021	10	10	12
	1426	448	176.500000	22.125000	9.951745e+04	1.655979e+01	1.082096e+05	1.078279e+05	5.767381e+04	5.676168e+04	3.018837e+02	1.042132e+01	2021	10	10	18
	1426	450	176.500000	22.625000	9.953234e+04	1.695692e+01	1.082903e+05	1.079198e+05	5.780279e+04	5.679175e+04	3.018296e+02	9.713958e+00	2021	10	11	0
	1423	452	175.750000	23.125000	9.943150e+04	1.791922e+01	1.083046e+05	1.077484e+05	5.790616e+04	5.665520e+04	3.016259e+02	8.638978e+00	2021	10	11	6
	1421	453	175.250000	23.375000	9.941023e+04	1.815964e+01	1.082746e+05	1.077101e+05	5.797436e+04	5.662058e+04	3.016558e+02	8.952756e+00	2021	10	11	12
	1417	454	174.250000	23.625000	9.923877e+04	1.930903e+01	1.081491e+05	1.075892e+05	5.791098e+04	5.641525e+04	3.016316e+02	9.769354e+00	2021	10	11	18
	1414	455	173.500000	23.875000	9.936663e+04	1.968160e+01	1.082412e+05	1.077474e+05	5.801005e+04	5.655902e+04	3.016112e+02	7.913337e+00	2021	10	12	0
	1409	455	172.250000	23.875000	9.928072e+04	2.090523e+01	1.081496e+05	1.078825e+05	5.799270e+04	5.664923e+04	3.016806e+02	8.938779e+00	2021	10	12	6
	1404	455	171.000000	23.875000	9.947055e+04	2.221040e+01	1.082113e+05	1.080074e+05	5.805031e+04	5.684926e+04	3.017693e+02	1.171379e+01	2021	10	12	12
	1400	455	170.000000	23.875000	9.941370e+04	2.351246e+01	1.081102e+05	1.079112e+05	5.792159e+04	5.679964e+04	3.018446e+02	8.461046e+00	2021	10	12	18
	1396	457	169.000000	24.375000	9.954433e+04	2.091646e+01	1.083265e+05	1.080536e+05	5.807488e+04	5.696102e+04	3.019729e+02	6.225134e+00	2021	10	13	0
	1391	458	167.750000	24.625000	9.943214e+04	2.248539e+01	1.083759e+05	1.080058e+05	5.801654e+04	5.685672e+04	3.019493e+02	7.316123e+00	2021	10	13	6
	1385	459	166.250000	24.875000	9.958983e+04	2.298976e+01	1.084453e+05	1.081156e+05	5.811123e+04	5.700632e+04	3.018226e+02	7.201544e+00	2021	10	13	12
	1380	460	165.000000	25.125000	9.952469e+04	2.109798e+01	1.083442e+05	1.079604e+05	5.794909e+04	5.697591e+04	3.018770e+02	5.603549e+00	2021	10	13	18
	1375	462	163.750000	25.625000	9.979541e+04	2.097060e+01	1.085026e+05	1.081224e+05	5.806475e+04	5.714967e+04	3.016781e+02	4.717849e+00	2021	10	14	0
	1372	467	163.000000	26.875000	9.970948e+04	2.080695e+01	1.084676e+05	1.079403e+05	5.803916e+04	5.711721e+04	3.012091e+02	7.317258e+00	2021	10	14	6
	1370	472	162.500000	28.125000	9.970849e+04	2.175631e+01	1.085404e+05	1.078479e+05	5.810982e+04	5.727622e+04	3.005525e+02	9.396849e+00	2021	10	14	12
	1371	479	162.750000	29.875000	9.945745e+04	2.264003e+01	1.083921e+05	1.074711e+05	5.801416e+04	5.703127e+04	2.990129e+02	5.421088e+00	2021	10	14	18
	1374	486	163.500000	31.625000	9.978008e+04	2.139366e+01	1.085184e+05	1.072931e+05	5.812559e+04	5.708816e+04	2.988115e+02	4.256094e+00	2021	10	15	0
start	13	2021	10	19	6
	1317	423	149.250000	15.875000	1.001515e+05	1.293679e+01	1.081803e+05	1.076608e+05	5.773785e+04	5.707197e+04	3.030398e+02	2.097618e+01	2021	10	19	6
	1310	424	147.500000	16.125000	1.003558e+05	1.395281e+01	1.083395e+05	1.079391e+05	5.788282e+04	5.729354e+04	3.026294e+02	2.696544e+01	2021	10	19	12
	1306	426	146.500000	16.625000	1.000490e+05	1.339783e+01	1.080939e+05	1.076541e+05	5.770229e+04	5.706396e+04	3.026107e+02	2.432228e+01	2021	10	19	18
	1300	432	145.000000	18.125000	1.003015e+05	1.622212e+01	1.082472e+05	1.078790e+05	5.793915e+04	5.721173e+04	3.022589e+02	1.952496e+01	2021	10	20	0
	1290	435	142.500000	18.875000	9.997438e+04	1.561429e+01	1.081395e+05	1.076854e+05	5.769951e+04	5.691345e+04	3.018798e+02	2.027957e+01	2021	10	20	6
	1284	437	141.000000	19.375000	1.001207e+05	1.472842e+01	1.082982e+05	1.079407e+05	5.777682e+04	5.706948e+04	3.015588e+02	2.490435e+01	2021	10	20	12
	1280	442	140.000000	20.625000	9.986441e+04	1.438984e+01	1.080883e+05	1.076189e+05	5.757032e+04	5.681703e+04	3.015175e+02	1.768923e+01	2021	10	20	18
	1276	446	139.000000	21.625000	1.000928e+05	1.547801e+01	1.082151e+05	1.078440e+05	5.771733e+04	5.706165e+04	3.014511e+02	1.297743e+01	2021	10	21	0
	1274	451	138.500000	22.875000	9.986892e+04	1.547274e+01	1.080741e+05	1.075822e+05	5.755420e+04	5.688957e+04	3.014809e+02	2.035909e+01	2021	10	21	6
	1274	454	138.500000	23.625000	1.000697e+05	1.660531e+01	1.082810e+05	1.076296e+05	5.773085e+04	5.708721e+04	3.013337e+02	1.736086e+01	2021	10	21	12
	1274	458	138.500000	24.625000	9.992030e+04	1.735626e+01	1.080483e+05	1.073073e+05	5.757586e+04	5.690844e+04	3.004338e+02	1.470916e+01	2021	10	21	18
	1277	462	139.250000	25.625000	1.001170e+05	1.739337e+01	1.082507e+05	1.072243e+05	5.778630e+04	5.709212e+04	3.002066e+02	1.521492e+01	2021	10	22	0
	1279	463	139.750000	25.875000	9.993323e+04	1.827262e+01	1.081624e+05	1.070562e+05	5.766729e+04	5.694677e+04	2.997391e+02	8.979553e+00	2021	10	22	6
start	23	2021	10	29	6
	13	390	-176.750000	7.625000	1.003137e+05	1.187222e+01	1.080418e+05	1.077813e+05	5.747755e+04	5.715038e+04	3.040383e+02	2.685999e+01	2021	10	29	6
	18	391	-175.500000	7.875000	1.003290e+05	1.400354e+01	1.080874e+05	1.078793e+05	5.754884e+04	5.715334e+04	3.040270e+02	3.362258e+01	2021	10	29	12
	9	399	-177.750000	9.875000	1.002747e+05	1.605018e+01	1.080647e+05	1.078075e+05	5.756607e+04	5.704548e+04	3.029669e+02	2.472400e+01	2021	10	29	18
	4	401	-179.000000	10.375000	1.001605e+05	1.632224e+01	1.080307e+05	1.077371e+05	5.757986e+04	5.696631e+04	3.031315e+02	1.903410e+01	2021	10	30	0
	0	406	-180.000000	11.625000	1.001060e+05	1.650510e+01	1.080642e+05	1.077258e+05	5.763980e+04	5.689935e+04	3.027616e+02	2.256685e+01	2021	10	30	6
	1436	408	179.000000	12.125000	1.000927e+05	1.629654e+01	1.081135e+05	1.077927e+05	5.764984e+04	5.698204e+04	3.027367e+02	2.759599e+01	2021	10	30	12
	1429	412	177.250000	13.125000	9.990823e+04	1.769341e+01	1.080165e+05	1.077748e+05	5.757416e+04	5.695742e+04	3.028388e+02	1.802932e+01	2021	10	30	18
	1423	414	175.750000	13.625000	9.985064e+04	1.706266e+01	1.079986e+05	1.078096e+05	5.759019e+04	5.690991e+04	3.027688e+02	1.446462e+01	2021	10	31	0
	1418	417	174.500000	14.375000	9.973714e+04	1.850438e+01	1.079440e+05	1.077151e+05	5.747116e+04	5.683489e+04	3.027657e+02	1.677569e+01	2021	10	31	6
	1414	419	173.500000	14.875000	9.979794e+04	2.055629e+01	1.079771e+05	1.076512e+05	5.749346e+04	5.689302e+04	3.027460e+02	2.671413e+01	2021	10	31	12
	1409	418	172.250000	14.625000	9.977795e+04	1.831466e+01	1.078872e+05	1.075298e+05	5.737154e+04	5.703762e+04	3.027725e+02	2.652089e+01	2021	10	31	18
	1406	420	171.500000	15.125000	9.983050e+04	1.790913e+01	1.080003e+05	1.076688e+05	5.747795e+04	5.714934e+04	3.027537e+02	2.743282e+01	2021	11	1	0
	1402	420	170.500000	15.125000	9.964472e+04	1.839237e+01	1.079460e+05	1.075592e+05	5.740125e+04	5.699831e+04	3.026014e+02	3.068381e+01	2021	11	1	6
	1397	419	169.250000	14.875000	9.970055e+04	1.561353e+01	1.079999e+05	1.076320e+05	5.744552e+04	5.708452e+04	3.025855e+02	3.778346e+01	2021	11	1	12
	1395	419	168.750000	14.875000	9.946852e+04	1.955887e+01	1.077743e+05	1.075520e+05	5.724095e+04	5.683173e+04	3.025781e+02	2.959767e+01	2021	11	1	18
	1395	418	168.750000	14.625000	9.962962e+04	1.446663e+01	1.078664e+05	1.076127e+05	5.737312e+04	5.689052e+04	3.026143e+02	2.564958e+01	2021	11	2	0
	1396	424	169.000000	16.125000	9.955591e+04	1.668801e+01	1.079422e+05	1.075139e+05	5.742424e+04	5.676804e+04	3.024946e+02	3.044377e+01	2021	11	2	6
	1393	427	168.250000	16.875000	9.963038e+04	1.823156e+01	1.080146e+05	1.075022e+05	5.752125e+04	5.692127e+04	3.024028e+02	3.307409e+01	2021	11	2	12
	1391	431	167.750000	17.875000	9.947287e+04	1.774034e+01	1.079041e+05	1.073085e+05	5.739516e+04	5.690987e+04	3.022715e+02	2.635810e+01	2021	11	2	18
	1391	432	167.750000	18.125000	9.969957e+04	1.639061e+01	1.080410e+05	1.074957e+05	5.754745e+04	5.709479e+04	3.023407e+02	2.308842e+01	2021	11	3	0
	1392	436	168.000000	19.125000	9.969786e+04	1.572321e+01	1.080657e+05	1.073351e+05	5.752732e+04	5.717494e+04	3.022564e+02	2.049278e+01	2021	11	3	6
	1391	438	167.750000	19.625000	9.991578e+04	1.547999e+01	1.081643e+05	1.073146e+05	5.765623e+04	5.730596e+04	3.021538e+02	1.546221e+01	2021	11	3	12
	1391	438	167.750000	19.625000	9.987072e+04	1.574129e+01	1.080077e+05	1.071647e+05	5.753107e+04	5.725336e+04	3.021244e+02	1.047301e+01	2021	11	3	18
start	25	2021	11	1	0
	1405	339	171.250000	-5.125000	1.002435e+05	1.198580e+01	1.080374e+05	1.077411e+05	5.745974e+04	5.718741e+04	3.037955e+02	4.551591e+01	2021	11	1	0
	1402	339	170.500000	-5.125000	1.001027e+05	1.158047e+01	1.079690e+05	1.076104e+05	5.734494e+04	5.696336e+04	3.036590e+02	3.888333e+01	2021	11	1	6
	1401	339	170.250000	-5.125000	1.002547e+05	1.270049e+01	1.079874e+05	1.077645e+05	5.746057e+04	5.703808e+04	3.036497e+02	3.842953e+01	2021	11	1	12
	1395	333	168.750000	-6.625000	9.998296e+04	1.355524e+01	1.078260e+05	1.075553e+05	5.729482e+04	5.676466e+04	3.034353e+02	4.224252e+01	2021	11	1	18
	1395	333	168.750000	-6.625000	1.000528e+05	1.314419e+01	1.079764e+05	1.076989e+05	5.742683e+04	5.691092e+04	3.034169e+02	3.982972e+01	2021	11	2	0
	1394	330	168.500000	-7.375000	9.981451e+04	1.556359e+01	1.079636e+05	1.075509e+05	5.737664e+04	5.679026e+04	3.033121e+02	4.005691e+01	2021	11	2	6
	1392	330	168.000000	-7.375000	9.996139e+04	1.715629e+01	1.080821e+05	1.076508e+05	5.751187e+04	5.697336e+04	3.032817e+02	3.414671e+01	2021	11	2	12
	1387	330	166.750000	-7.375000	9.969473e+04	1.667619e+01	1.078744e+05	1.074774e+05	5.738788e+04	5.680929e+04	3.032303e+02	3.185389e+01	2021	11	2	18
	1387	328	166.750000	-7.875000	9.983867e+04	1.783972e+01	1.080503e+05	1.077390e+05	5.752950e+04	5.700896e+04	3.028120e+02	3.437524e+01	2021	11	3	0
	1381	327	165.250000	-8.125000	9.961951e+04	1.763278e+01	1.079358e+05	1.076356e+05	5.740181e+04	5.694381e+04	3.025364e+02	2.965079e+01	2021	11	3	6
	1382	327	165.500000	-8.125000	9.977245e+04	1.866578e+01	1.080931e+05	1.078097e+05	5.762702e+04	5.700609e+04	3.023988e+02	3.295451e+01	2021	11	3	12
	1378	324	164.500000	-8.875000	9.958613e+04	1.849330e+01	1.079098e+05	1.075974e+05	5.742877e+04	5.686744e+04	3.017679e+02	2.677415e+01	2021	11	3	18
	1378	324	164.500000	-8.875000	9.963857e+04	1.805863e+01	1.080009e+05	1.076509e+05	5.754757e+04	5.694348e+04	3.017625e+02	2.523910e+01	2021	11	4	0
	1375	319	163.750000	-10.125000	9.940513e+04	2.019462e+01	1.078289e+05	1.075807e+05	5.744402e+04	5.677829e+04	9.999000e+03	2.810004e+01	2021	11	4	6
	1373	317	163.250000	-10.625000	9.945590e+04	2.002575e+01	1.079347e+05	1.076462e+05	5.757300e+04	5.684454e+04	9.999000e+03	2.566257e+01	2021	11	4	12
	1370	313	162.500000	-11.625000	9.887441e+04	2.036116e+01	1.076895e+05	1.072704e+05	5.737461e+04	5.623940e+04	9.999000e+03	1.812585e+01	2021	11	4	18
	1370	310	162.500000	-12.375000	9.910099e+04	2.213662e+01	1.078059e+05	1.074134e+05	5.757035e+04	5.647359e+04	9.999000e+03	1.818198e+01	2021	11	5	0
	1369	305	162.250000	-13.625000	9.877933e+04	2.222166e+01	1.077267e+05	1.073447e+05	5.739649e+04	5.640700e+04	3.006745e+02	2.883236e+01	2021	11	5	6
	1368	302	162.000000	-14.375000	9.881151e+04	2.373918e+01	1.078817e+05	1.073436e+05	5.752937e+04	5.626352e+04	3.005004e+02	3.197995e+01	2021	11	5	12
	1368	299	162.000000	-15.125000	9.883470e+04	2.281905e+01	1.076396e+05	1.069930e+05	5.735640e+04	5.638025e+04	3.002665e+02	2.605799e+01	2021	11	5	18
	1370	297	162.500000	-15.625000	9.920320e+04	2.502073e+01	1.078777e+05	1.072625e+05	5.758390e+04	5.671901e+04	3.002234e+02	2.433740e+01	2021	11	6	0
	1373	294	163.250000	-16.375000	9.921867e+04	2.256507e+01	1.078177e+05	1.070671e+05	5.746384e+04	5.676885e+04	3.000789e+02	2.282780e+01	2021	11	6	6
	1372	293	163.000000	-16.625000	9.952116e+04	2.402785e+01	1.080293e+05	1.071387e+05	5.766310e+04	5.700705e+04	2.997344e+02	1.895644e+01	2021	11	6	12
	1372	292	163.000000	-16.875000	9.951895e+04	2.241222e+01	1.077906e+05	1.068668e+05	5.746417e+04	5.690931e+04	2.996043e+02	1.196402e+01	2021	11	6	18
	1370	291	162.500000	-17.125000	9.990480e+04	2.008328e+01	1.079544e+05	1.069869e+05	5.766757e+04	5.732587e+04	2.996795e+02	6.756755e+00	2021	11	7	0
start	10	2021	11	10	0
	1127	391	101.750000	7.875000	1.006505e+05	1.317939e+01	1.078467e+05	1.076505e+05	5.756537e+04	5.716489e+04	9.999000e+03	3.452817e+01	2021	11	10	0
	1124	392	101.000000	8.125000	1.005982e+05	1.407327e+01	1.079312e+05	1.076564e+05	5.758633e+04	5.717575e+04	9.999000e+03	3.090179e+01	2021	11	10	6
	1121	394	100.250000	8.625000	1.005914e+05	1.531673e+01	1.079019e+05	1.077187e+05	5.763325e+04	5.718492e+04	9.999000e+03	2.948803e+01	2021	11	10	12
	1117	396	99.250000	9.125000	1.007839e+05	1.248419e+01	1.078983e+05	1.076507e+05	5.762927e+04	5.726021e+04	9.999000e+03	3.541047e+01	2021	11	10	18
	1111	394	97.750000	8.625000	1.006023e+05	1.472384e+01	1.077539e+05	1.076052e+05	5.754351e+04	5.715349e+04	9.999000e+03	3.713460e+01	2021	11	11	0
	1107	396	96.750000	9.125000	1.004965e+05	1.603751e+01	1.077949e+05	1.075457e+05	5.753031e+04	5.714512e+04	9.999000e+03	3.613264e+01	2021	11	11	6
	1104	396	96.000000	9.125000	1.003952e+05	1.728345e+01	1.077103e+05	1.075926e+05	5.749976e+04	5.700566e+04	3.025539e+02	3.202066e+01	2021	11	11	12
	1101	397	95.250000	9.375000	1.004629e+05	1.749963e+01	1.077091e+05	1.074681e+05	5.751820e+04	5.701687e+04	3.022240e+02	3.298093e+01	2021	11	11	18
	1098	399	94.500000	9.875000	1.003851e+05	1.835714e+01	1.076404e+05	1.072660e+05	5.743264e+04	5.709295e+04	3.021618e+02	3.028717e+01	2021	11	12	0
	1093	400	93.250000	10.125000	1.004730e+05	1.763969e+01	1.077005e+05	1.074386e+05	5.752011e+04	5.718720e+04	9.999000e+03	2.654157e+01	2021	11	12	6
start	15	2021	11	16	12
	1404	416	171.000000	14.125000	1.004833e+05	1.391172e+01	1.080686e+05	1.077604e+05	5.768542e+04	5.713016e+04	3.024333e+02	4.206972e+01	2021	11	16	12
	1405	425	171.250000	16.375000	1.003459e+05	1.724669e+01	1.080207e+05	1.075842e+05	5.771302e+04	5.702504e+04	3.019985e+02	4.157911e+01	2021	11	16	18
	1398	426	169.500000	16.625000	1.003748e+05	1.652372e+01	1.080849e+05	1.077403e+05	5.777724e+04	5.708796e+04	3.020765e+02	3.541535e+01	2021	11	17	0
	1394	427	168.500000	16.875000	1.002139e+05	1.656229e+01	1.080272e+05	1.076992e+05	5.768801e+04	5.697582e+04	3.020561e+02	3.300723e+01	2021	11	17	6
	1393	428	168.250000	17.125000	1.002433e+05	1.891614e+01	1.080542e+05	1.076959e+05	5.773903e+04	5.691005e+04	3.020033e+02	3.563563e+01	2021	11	17	12
	1390	431	167.500000	17.875000	9.998635e+04	1.951919e+01	1.079455e+05	1.074677e+05	5.755634e+04	5.674003e+04	3.019941e+02	3.207528e+01	2021	11	17	18
	1388	435	167.000000	18.875000	1.000025e+05	1.954879e+01	1.080532e+05	1.077048e+05	5.760821e+04	5.685825e+04	3.019839e+02	3.167868e+01	2021	11	18	0
	1388	439	167.000000	19.875000	9.980779e+04	2.004869e+01	1.079639e+05	1.075762e+05	5.752334e+04	5.672831e+04	3.016533e+02	3.090238e+01	2021	11	18	6
	1388	443	167.000000	20.875000	9.978748e+04	2.068951e+01	1.079656e+05	1.073540e+05	5.758084e+04	5.674965e+04	3.014352e+02	2.570089e+01	2021	11	18	12
	1392	449	168.000000	22.375000	9.954692e+04	2.066805e+01	1.078105e+05	1.067921e+05	5.744687e+04	5.666625e+04	3.009169e+02	2.154308e+01	2021	11	18	18
	1395	455	168.750000	23.875000	9.955246e+04	2.073443e+01	1.078255e+05	1.063768e+05	5.752136e+04	5.657264e+04	3.005182e+02	1.905489e+01	2021	11	19	0
	1400	463	170.000000	25.875000	9.931498e+04	2.028419e+01	1.076696e+05	1.055403e+05	5.738532e+04	5.586180e+04	2.998757e+02	2.358983e+01	2021	11	19	6
	1409	473	172.250000	28.375000	9.898096e+04	2.191751e+01	1.075809e+05	1.048794e+05	5.731334e+04	5.538096e+04	2.989490e+02	2.997745e+01	2021	11	19	12
	1419	487	174.750000	31.875000	9.835105e+04	2.351643e+01	1.071259e+05	1.040804e+05	5.693909e+04	5.479872e+04	2.958417e+02	4.500181e+01	2021	11	19	18
	1430	497	177.500000	34.375000	9.825416e+04	2.497084e+01	1.068311e+05	1.036759e+05	5.680477e+04	5.476669e+04	2.942108e+02	3.799581e+01	2021	11	20	0
start	12	2021	12	6	12
	1195	403	118.750000	10.875000	1.007862e+05	1.267576e+01	1.082195e+05	1.079860e+05	5.781391e+04	5.752809e+04	9.999000e+03	1.879708e+01	2021	12	6	12
	1192	402	118.000000	10.625000	1.006025e+05	1.274258e+01	1.080570e+05	1.078604e+05	5.770929e+04	5.739516e+04	9.999000e+03	1.966444e+01	2021	12	6	18
	1191	405	117.750000	11.375000	1.007345e+05	1.454710e+01	1.081861e+05	1.079546e+05	5.787257e+04	5.748715e+04	9.999000e+03	1.992593e+01	2021	12	7	0
	1186	408	116.500000	12.125000	1.005277e+05	1.452212e+01	1.080457e+05	1.078416e+05	5.769773e+04	5.723018e+04	3.018646e+02	1.464130e+01	2021	12	7	6
	1181	407	115.250000	11.875000	1.006281e+05	1.475757e+01	1.081873e+05	1.079859e+05	5.786255e+04	5.732968e+04	3.017519e+02	1.429367e+01	2021	12	7	12
	1180	406	115.000000	11.625000	1.004915e+05	1.377672e+01	1.080168e+05	1.078618e+05	5.772762e+04	5.728156e+04	3.017662e+02	1.421511e+01	2021	12	7	18
	1178	409	114.500000	12.375000	1.005648e+05	1.509052e+01	1.081271e+05	1.078995e+05	5.784694e+04	5.732784e+04	3.017025e+02	1.108681e+01	2021	12	8	0
	1173	410	113.250000	12.625000	1.003991e+05	1.362568e+01	1.079960e+05	1.077847e+05	5.768284e+04	5.726385e+04	3.015410e+02	1.183541e+01	2021	12	8	6
	1171	411	112.750000	12.875000	1.005343e+05	1.357137e+01	1.081465e+05	1.079181e+05	5.781908e+04	5.738487e+04	3.015279e+02	9.573066e+00	2021	12	8	12
	1169	413	112.250000	13.375000	1.005098e+05	1.360020e+01	1.080195e+05	1.078192e+05	5.772431e+04	5.743952e+04	3.014452e+02	1.239773e+01	2021	12	8	18
	1167	415	111.750000	13.875000	1.006089e+05	1.368344e+01	1.080721e+05	1.078280e+05	5.779642e+04	5.757360e+04	3.013586e+02	9.196127e+00	2021	12	9	0
	1166	418	111.500000	14.625000	1.005082e+05	1.389651e+01	1.079965e+05	1.077165e+05	5.768872e+04	5.748291e+04	3.013230e+02	5.737410e+00	2021	12	9	6
start	42	2021	12	9	12
	1391	393	167.750000	8.375000	1.004852e+05	1.198541e+01	1.081279e+05	1.079441e+05	5.763260e+04	5.748520e+04	3.032306e+02	2.650101e+01	2021	12	9	12
	1385	391	166.250000	7.875000	1.002634e+05	1.040435e+01	1.079267e+05	1.076962e+05	5.743427e+04	5.725939e+04	3.031213e+02	2.392718e+01	2021	12	9	18
	1384	395	166.000000	8.875000	1.004330e+05	1.421126e+01	1.081006e+05	1.079428e+05	5.765226e+04	5.740475e+04	3.031575e+02	2.910240e+01	2021	12	10	0
	1378	394	164.500000	8.625000	1.001938e+05	1.336231e+01	1.079419e+05	1.077399e+05	5.751542e+04	5.720628e+04	3.031681e+02	2.449814e+01	2021	12	10	6
	1378	397	164.500000	9.375000	1.003949e+05	1.348285e+01	1.081231e+05	1.079170e+05	5.764734e+04	5.724004e+04	3.029650e+02	2.700172e+01	2021	12	10	12
	1374	394	163.500000	8.625000	1.001017e+05	1.290720e+01	1.079032e+05	1.076366e+05	5.745130e+04	5.694327e+04	3.029824e+02	3.387272e+01	2021	12	10	18
	1368	397	162.000000	9.375000	1.002905e+05	1.347156e+01	1.080789e+05	1.077940e+05	5.765472e+04	5.709095e+04	3.027762e+02	3.067996e+01	2021	12	11	0
	1365	398	161.250000	9.625000	1.000547e+05	1.151996e+01	1.079157e+05	1.076252e+05	5.751020e+04	5.681664e+04	3.027348e+02	3.027402e+01	2021	12	11	6
	1361	400	160.250000	10.125000	1.002375e+05	1.352990e+01	1.081148e+05	1.076655e+05	5.773466e+04	5.707105e+04	3.025682e+02	3.532162e+01	2021	12	11	12
	1357	401	159.250000	10.375000	9.992155e+04	1.442687e+01	1.078735e+05	1.074880e+05	5.754992e+04	5.684516e+04	3.025291e+02	3.097378e+01	2021	12	11	18
	1352	401	158.000000	10.375000	1.000631e+05	1.564802e+01	1.081200e+05	1.077849e+05	5.773466e+04	5.698904e+04	3.025379e+02	2.634005e+01	2021	12	12	0
	1348	401	157.000000	10.375000	9.978550e+04	1.575251e+01	1.079720e+05	1.075382e+05	5.759565e+04	5.684886e+04	3.024989e+02	2.206293e+01	2021	12	12	6
	1343	401	155.750000	10.375000	9.994020e+04	1.623728e+01	1.080947e+05	1.077939e+05	5.776509e+04	5.699423e+04	3.023935e+02	2.302043e+01	2021	12	12	12
	1338	401	154.500000	10.375000	9.972881e+04	1.592552e+01	1.079017e+05	1.075940e+05	5.761783e+04	5.674149e+04	3.022947e+02	2.555785e+01	2021	12	12	18
	1335	401	153.750000	10.375000	9.998338e+04	1.719364e+01	1.081969e+05	1.077016e+05	5.790665e+04	5.692751e+04	3.022326e+02	2.706486e+01	2021	12	13	0
	1330	401	152.500000	10.375000	9.970707e+04	1.657348e+01	1.079807e+05	1.075075e+05	5.774215e+04	5.676399e+04	3.022268e+02	2.821187e+01	2021	12	13	6
	1326	400	151.500000	10.125000	9.992029e+04	1.755780e+01	1.081437e+05	1.077208e+05	5.791006e+04	5.689265e+04	3.022299e+02	2.555048e+01	2021	12	13	12
	1322	400	150.500000	10.125000	9.953479e+04	1.850854e+01	1.079536e+05	1.073696e+05	5.779706e+04	5.649441e+04	3.021700e+02	2.599873e+01	2021	12	13	18
	1316	401	149.000000	10.375000	9.976577e+04	1.979962e+01	1.082541e+05	1.077328e+05	5.812033e+04	5.670638e+04	3.021830e+02	2.613611e+01	2021	12	14	0
	1310	401	147.500000	10.375000	9.935573e+04	2.271599e+01	1.080329e+05	1.074582e+05	5.786329e+04	5.638621e+04	3.020872e+02	2.744722e+01	2021	12	14	6
	1305	401	146.250000	10.375000	9.942512e+04	2.381763e+01	1.081963e+05	1.076216e+05	5.803759e+04	5.653998e+04	3.021508e+02	2.940262e+01	2021	12	14	12
	1300	400	145.000000	10.125000	9.903098e+04	2.647152e+01	1.079121e+05	1.073705e+05	5.782141e+04	5.627879e+04	3.021664e+02	2.805877e+01	2021	12	14	18
	1295	400	143.750000	10.125000	9.928503e+04	2.575873e+01	1.081883e+05	1.076740e+05	5.806402e+04	5.656758e+04	3.020556e+02	2.409654e+01	2021	12	15	0
	1289	401	142.250000	10.375000	9.893925e+04	2.694572e+01	1.080004e+05	1.074292e+05	5.778329e+04	5.626673e+04	3.020566e+02	2.537432e+01	2021	12	15	6
	1283	403	140.750000	10.875000	9.904448e+04	2.652477e+01	1.082409e+05	1.074796e+05	5.799555e+04	5.642762e+04	3.019189e+02	2.994147e+01	2021	12	15	12
	1276	405	139.000000	11.375000	9.871720e+04	2.721938e+01	1.080235e+05	1.072486e+05	5.783023e+04	5.621617e+04	3.017073e+02	2.844604e+01	2021	12	15	18
	1270	406	137.500000	11.625000	9.885764e+04	2.827120e+01	1.082051e+05	1.074146e+05	5.805676e+04	5.624295e+04	3.017111e+02	2.219184e+01	2021	12	16	0
	1263	407	135.750000	11.875000	9.858241e+04	2.851742e+01	1.080028e+05	1.070830e+05	5.781309e+04	5.577859e+04	3.017173e+02	2.283587e+01	2021	12	16	6
	1258	410	134.500000	12.625000	9.867518e+04	3.046935e+01	1.082088e+05	1.072305e+05	5.800027e+04	5.589723e+04	3.015880e+02	2.730745e+01	2021	12	16	12
	1252	412	133.000000	13.125000	9.823939e+04	3.072521e+01	1.079692e+05	1.071021e+05	5.777038e+04	5.576805e+04	3.014970e+02	2.918725e+01	2021	12	16	18
	1246	414	131.500000	13.625000	9.849219e+04	2.883874e+01	1.081140e+05	1.072997e+05	5.795830e+04	5.600893e+04	3.014526e+02	2.630663e+01	2021	12	17	0
	1242	417	130.500000	14.375000	9.823293e+04	3.007399e+01	1.078995e+05	1.071666e+05	5.771412e+04	5.577381e+04	3.012007e+02	2.928008e+01	2021	12	17	6
	1238	418	129.500000	14.625000	9.821084e+04	3.102479e+01	1.080064e+05	1.073276e+05	5.790604e+04	5.601233e+04	3.012740e+02	3.058400e+01	2021	12	17	12
	1236	421	129.000000	15.375000	9.795027e+04	3.186424e+01	1.077915e+05	1.071567e+05	5.768162e+04	5.584399e+04	3.012710e+02	2.828384e+01	2021	12	17	18
	1235	423	128.750000	15.875000	9.818474e+04	3.054440e+01	1.079840e+05	1.073335e+05	5.781600e+04	5.609131e+04	3.012213e+02	2.566733e+01	2021	12	18	0
	1235	426	128.750000	16.625000	9.797630e+04	3.144206e+01	1.077998e+05	1.071930e+05	5.758510e+04	5.585448e+04	3.007999e+02	2.736726e+01	2021	12	18	6
	1235	428	128.750000	17.125000	9.810445e+04	3.140470e+01	1.079854e+05	1.073309e+05	5.778541e+04	5.613651e+04	3.006618e+02	2.573861e+01	2021	12	18	12
	1235	430	128.750000	17.625000	9.856582e+04	2.946982e+01	1.077585e+05	1.069486e+05	5.759212e+04	5.649559e+04	3.005284e+02	2.201318e+01	2021	12	18	18
	1233	431	128.250000	17.875000	9.935905e+04	2.441104e+01	1.080152e+05	1.068610e+05	5.783564e+04	5.706607e+04	3.005128e+02	1.508648e+01	2021	12	19	0
	1232	434	128.000000	18.625000	9.943171e+04	2.316371e+01	1.078382e+05	1.065383e+05	5.768742e+04	5.709555e+04	3.004788e+02	1.606610e+01	2021	12	19	6
	1232	435	128.000000	18.875000	1.000432e+05	2.293451e+01	1.080468e+05	1.067737e+05	5.791554e+04	5.722285e+04	3.003664e+02	2.168265e+01	2021	12	19	12
	1234	438	128.500000	19.625000	9.992361e+04	2.191082e+01	1.078543e+05	1.064242e+05	5.772920e+04	5.705918e+04	3.001779e+02	1.776887e+01	2021	12	19	18
start	29	2022	1	3	6
	958	317	59.500000	-10.625000	1.006219e+05	1.711635e+01	1.080158e+05	1.077096e+05	5.780375e+04	5.731373e+04	3.019402e+02	2.511245e+01	2022	1	3	6
	961	314	60.250000	-11.375000	1.002476e+05	1.906520e+01	1.078530e+05	1.075200e+05	5.754826e+04	5.706564e+04	3.020938e+02	2.140552e+01	2022	1	3	12
	966	311	61.500000	-12.125000	1.004963e+05	1.857643e+01	1.080940e+05	1.078078e+05	5.784893e+04	5.734639e+04	3.019645e+02	2.446986e+01	2022	1	3	18
	968	306	62.000000	-13.375000	1.001418e+05	1.602020e+01	1.078474e+05	1.075906e+05	5.756886e+04	5.704776e+04	3.018868e+02	2.287547e+01	2022	1	4	0
	968	304	62.000000	-13.875000	1.003673e+05	1.686615e+01	1.081225e+05	1.078313e+05	5.779541e+04	5.729053e+04	3.018619e+02	2.245190e+01	2022	1	4	6
	969	302	62.250000	-14.375000	1.000527e+05	1.563808e+01	1.079720e+05	1.077186e+05	5.758674e+04	5.713030e+04	3.019998e+02	2.508807e+01	2022	1	4	12
	970	300	62.500000	-14.875000	1.003271e+05	1.536506e+01	1.081919e+05	1.079738e+05	5.787181e+04	5.737158e+04	3.017467e+02	2.730660e+01	2022	1	4	18
	969	300	62.250000	-14.875000	1.000342e+05	1.551086e+01	1.079779e+05	1.076626e+05	5.762843e+04	5.708526e+04	3.016607e+02	1.742804e+01	2022	1	5	0
	971	298	62.750000	-15.375000	1.001797e+05	1.576894e+01	1.081326e+05	1.078975e+05	5.783482e+04	5.723244e+04	3.016196e+02	2.124639e+01	2022	1	5	6
	969	294	62.250000	-16.375000	9.994477e+04	1.558965e+01	1.080067e+05	1.077158e+05	5.765237e+04	5.699145e+04	3.015499e+02	3.198599e+01	2022	1	5	12
	968	293	62.000000	-16.625000	1.001500e+05	1.671416e+01	1.082592e+05	1.079166e+05	5.787857e+04	5.715955e+04	3.013636e+02	3.657697e+01	2022	1	5	18
	968	292	62.000000	-16.875000	9.987422e+04	1.661584e+01	1.081094e+05	1.076438e+05	5.770738e+04	5.683589e+04	3.012710e+02	3.475867e+01	2022	1	6	0
	968	290	62.000000	-17.375000	9.996955e+04	1.937549e+01	1.082442e+05	1.078088e+05	5.785802e+04	5.689044e+04	3.011624e+02	3.128600e+01	2022	1	6	6
	966	286	61.500000	-18.375000	9.956223e+04	2.169696e+01	1.080594e+05	1.074378e+05	5.765898e+04	5.647706e+04	3.012072e+02	3.384787e+01	2022	1	6	12
	965	284	61.250000	-18.875000	9.971665e+04	2.257581e+01	1.082181e+05	1.076204e+05	5.789840e+04	5.657061e+04	3.011256e+02	3.496962e+01	2022	1	6	18
	963	284	60.750000	-18.875000	9.952338e+04	2.250792e+01	1.080349e+05	1.074841e+05	5.768168e+04	5.669950e+04	3.011199e+02	2.805878e+01	2022	1	7	0
	962	283	60.500000	-19.125000	9.978807e+04	2.271441e+01	1.082527e+05	1.077685e+05	5.788503e+04	5.710545e+04	3.010810e+02	2.216265e+01	2022	1	7	6
	960	282	60.000000	-19.375000	9.966269e+04	2.183568e+01	1.080510e+05	1.076231e+05	5.771173e+04	5.704270e+04	3.013654e+02	2.416993e+01	2022	1	7	12
	961	281	60.250000	-19.625000	9.991788e+04	2.075313e+01	1.082136e+05	1.078506e+05	5.785981e+04	5.718714e+04	3.010168e+02	2.324319e+01	2022	1	7	18
	960	279	60.000000	-20.125000	9.965923e+04	1.933186e+01	1.079685e+05	1.075642e+05	5.754002e+04	5.691727e+04	3.008595e+02	1.762977e+01	2022	1	8	0
	960	278	60.000000	-20.375000	9.988876e+04	1.879951e+01	1.080847e+05	1.074495e+05	5.778120e+04	5.724435e+04	3.008939e+02	1.320396e+01	2022	1	8	6
	959	276	59.750000	-20.875000	9.972985e+04	1.778166e+01	1.078086e+05	1.072442e+05	5.758756e+04	5.713618e+04	9.999000e+03	2.095668e+01	2022	1	8	12
	958	272	59.500000	-21.875000	9.990686e+04	1.952859e+01	1.079679e+05	1.072795e+05	5.764672e+04	5.712564e+04	3.007094e+02	2.616205e+01	2022	1	8	18
	959	267	59.750000	-23.125000	9.939584e+04	2.121618e+01	1.076301e+05	1.067734e+05	5.730545e+04	5.649950e+04	3.003521e+02	2.070973e+01	2022	1	9	0
	958	265	59.500000	-23.625000	9.935962e+04	1.932624e+01	1.077329e+05	1.064438e+05	5.750376e+04	5.668336e+04	3.003582e+02	1.425116e+01	2022	1	9	6
	964	259	61.000000	-25.125000	9.927426e+04	1.954438e+01	1.075428e+05	1.061333e+05	5.738191e+04	5.650443e+04	2.997183e+02	2.122696e+01	2022	1	9	12
	970	251	62.500000	-27.125000	9.947623e+04	2.007195e+01	1.076541e+05	1.057216e+05	5.754643e+04	5.625991e+04	2.991964e+02	3.007579e+01	2022	1	9	18
	979	239	64.750000	-30.125000	9.893008e+04	2.277974e+01	1.072622e+05	1.048642e+05	5.723276e+04	5.528221e+04	2.974135e+02	3.215506e+01	2022	1	10	0
	988	225	67.000000	-33.625000	9.830609e+04	2.563570e+01	1.071056e+05	1.031610e+05	5.711024e+04	5.424581e+04	2.948911e+02	1.860312e+01	2022	1	10	6
start	27	2022	1	4	0
	1266	300	136.500000	-14.875000	1.001909e+05	1.101134e+01	1.082364e+05	1.078182e+05	5.755243e+04	5.713266e+04	9.999000e+03	2.234015e+01	2022	1	4	0
	1265	307	136.250000	-13.125000	9.983123e+04	1.612955e+01	1.081133e+05	1.077395e+05	5.741343e+04	5.688083e+04	9.999000e+03	3.273211e+01	2022	1	4	6
	1269	305	137.250000	-13.625000	1.001143e+05	1.393111e+01	1.084190e+05	1.079731e+05	5.764782e+04	5.713037e+04	9.999000e+03	4.663506e+01	2022	1	4	12
	1272	306	138.000000	-13.375000	9.973948e+04	1.731258e+01	1.081884e+05	1.077722e+05	5.741481e+04	5.689180e+04	9.999000e+03	5.013506e+01	2022	1	4	18
	1272	304	138.000000	-13.875000	9.991642e+04	1.530706e+01	1.083198e+05	1.079096e+05	5.764243e+04	5.704075e+04	9.999000e+03	3.849572e+01	2022	1	5	0
	1274	305	138.500000	-13.625000	9.962767e+04	1.759080e+01	1.081369e+05	1.077163e+05	5.745005e+04	5.671008e+04	9.999000e+03	3.726132e+01	2022	1	5	6
	1275	305	138.750000	-13.625000	9.974765e+04	1.749143e+01	1.082877e+05	1.079931e+05	5.764325e+04	5.688119e+04	9.999000e+03	4.214594e+01	2022	1	5	12
	1277	307	139.250000	-13.125000	9.942315e+04	1.894514e+01	1.080093e+05	1.077188e+05	5.741929e+04	5.667083e+04	3.031042e+02	3.794997e+01	2022	1	5	18
	1279	307	139.750000	-13.125000	9.961430e+04	1.749087e+01	1.083003e+05	1.078768e+05	5.768586e+04	5.683378e+04	9.999000e+03	2.883359e+01	2022	1	6	0
	1279	306	139.750000	-13.375000	9.927650e+04	1.763371e+01	1.080791e+05	1.076838e+05	5.744136e+04	5.660423e+04	9.999000e+03	2.989239e+01	2022	1	6	6
	1281	303	140.250000	-14.125000	9.945273e+04	2.030355e+01	1.082829e+05	1.078668e+05	5.761407e+04	5.687684e+04	9.999000e+03	3.363009e+01	2022	1	6	12
	1283	305	140.750000	-13.625000	9.904546e+04	2.012191e+01	1.079450e+05	1.076159e+05	5.736996e+04	5.661199e+04	9.999000e+03	2.653503e+01	2022	1	6	18
	1283	303	140.750000	-14.125000	9.927256e+04	2.041223e+01	1.081360e+05	1.078020e+05	5.756080e+04	5.682561e+04	9.999000e+03	2.306687e+01	2022	1	7	0
	1285	302	141.250000	-14.375000	9.901159e+04	1.878281e+01	1.080415e+05	1.076958e+05	5.735425e+04	5.661508e+04	9.999000e+03	1.848766e+01	2022	1	7	6
	1286	302	141.500000	-14.375000	9.946451e+04	1.763512e+01	1.082614e+05	1.079155e+05	5.761012e+04	5.702626e+04	9.999000e+03	1.946272e+01	2022	1	7	12
	1289	301	142.250000	-14.625000	9.943101e+04	1.665322e+01	1.079378e+05	1.076029e+05	5.735498e+04	5.683462e+04	9.999000e+03	1.879479e+01	2022	1	7	18
	1291	297	142.750000	-15.625000	9.967582e+04	1.277151e+01	1.081937e+05	1.077374e+05	5.753102e+04	5.707743e+04	9.999000e+03	1.426324e+01	2022	1	8	0
	1290	296	142.500000	-15.875000	9.954012e+04	1.275546e+01	1.080570e+05	1.076424e+05	5.730114e+04	5.698317e+04	9.999000e+03	1.685762e+01	2022	1	8	6
	1292	295	143.000000	-16.125000	9.989174e+04	1.018483e+01	1.082728e+05	1.078716e+05	5.757873e+04	5.717169e+04	9.999000e+03	2.637074e+01	2022	1	8	12
	1293	293	143.250000	-16.625000	9.956026e+04	8.186782e+00	1.079001e+05	1.074682e+05	5.730528e+04	5.680334e+04	9.999000e+03	2.075603e+01	2022	1	8	18
	1296	294	144.000000	-16.375000	9.978289e+04	1.305515e+01	1.081501e+05	1.076242e+05	5.752468e+04	5.705189e+04	9.999000e+03	1.832339e+01	2022	1	9	0
	1303	296	145.750000	-15.875000	9.953091e+04	1.614578e+01	1.080317e+05	1.075531e+05	5.732860e+04	5.693033e+04	9.999000e+03	1.922207e+01	2022	1	9	6
	1309	294	147.250000	-16.375000	9.981512e+04	1.606545e+01	1.080980e+05	1.076278e+05	5.755404e+04	5.714975e+04	9.999000e+03	2.878036e+01	2022	1	9	12
	1310	293	147.500000	-16.625000	9.950426e+04	1.771549e+01	1.078501e+05	1.072636e+05	5.723755e+04	5.678541e+04	9.999000e+03	2.619623e+01	2022	1	9	18
	1313	293	148.250000	-16.625000	9.962549e+04	1.681090e+01	1.080815e+05	1.073134e+05	5.742595e+04	5.693015e+04	3.018034e+02	1.624136e+01	2022	1	10	0
	1318	296	149.500000	-15.875000	9.941029e+04	1.896825e+01	1.078244e+05	1.073333e+05	5.719593e+04	5.685059e+04	3.020609e+02	1.498235e+01	2022	1	10	6
	1323	297	150.750000	-15.625000	9.975947e+04	1.799706e+01	1.080565e+05	1.076441e+05	5.751918e+04	5.711573e+04	3.021756e+02	1.661885e+01	2022	1	10	12
start	33	2022	1	9	12
	1383	328	165.750000	-7.875000	1.001185e+05	1.346801e+01	1.083830e+05	1.080784e+05	5.750597e+04	5.712590e+04	3.038571e+02	3.784816e+01	2022	1	9	12
	1382	324	165.500000	-8.875000	9.984538e+04	1.228773e+01	1.082017e+05	1.078910e+05	5.738172e+04	5.691011e+04	3.037725e+02	4.390457e+01	2022	1	9	18
	1379	322	164.750000	-9.375000	9.989873e+04	1.371063e+01	1.083462e+05	1.079453e+05	5.743603e+04	5.701959e+04	3.036960e+02	5.066901e+01	2022	1	10	0
	1382	323	165.500000	-9.125000	9.963996e+04	1.454998e+01	1.082672e+05	1.078098e+05	5.733153e+04	5.690646e+04	3.036408e+02	4.758929e+01	2022	1	10	6
	1382	319	165.500000	-10.125000	9.985542e+04	1.508844e+01	1.083523e+05	1.080425e+05	5.748434e+04	5.705433e+04	3.033898e+02	5.854480e+01	2022	1	10	12
	1384	319	166.000000	-10.125000	9.958705e+04	1.791269e+01	1.082465e+05	1.077612e+05	5.734566e+04	5.680335e+04	3.033753e+02	5.712883e+01	2022	1	10	18
	1386	316	166.500000	-10.875000	9.968580e+04	1.838600e+01	1.083934e+05	1.079379e+05	5.745195e+04	5.693670e+04	3.033572e+02	5.383044e+01	2022	1	11	0
	1384	314	166.000000	-11.375000	9.948019e+04	2.064025e+01	1.082931e+05	1.078509e+05	5.730562e+04	5.670957e+04	3.030176e+02	5.440318e+01	2022	1	11	6
	1390	310	167.500000	-12.375000	9.967672e+04	1.973264e+01	1.084179e+05	1.079795e+05	5.755804e+04	5.695142e+04	3.030008e+02	5.001550e+01	2022	1	11	12
	1391	307	167.750000	-13.125000	9.939455e+04	2.001806e+01	1.082457e+05	1.077625e+05	5.744787e+04	5.673329e+04	3.027795e+02	4.312242e+01	2022	1	11	18
	1392	302	168.000000	-14.375000	9.954689e+04	1.834476e+01	1.083821e+05	1.079444e+05	5.753195e+04	5.691484e+04	9.999000e+03	4.145161e+01	2022	1	12	0
	1389	296	167.250000	-15.875000	9.936580e+04	1.647984e+01	1.082480e+05	1.078792e+05	5.731689e+04	5.672137e+04	9.999000e+03	4.474193e+01	2022	1	12	6
	1388	292	167.000000	-16.875000	9.937508e+04	2.088149e+01	1.083462e+05	1.079224e+05	5.741977e+04	5.682049e+04	9.999000e+03	3.135268e+01	2022	1	12	12
	1385	292	166.250000	-16.875000	9.898054e+04	2.007358e+01	1.080440e+05	1.077252e+05	5.721343e+04	5.655401e+04	9.999000e+03	2.024886e+01	2022	1	12	18
	1382	293	165.500000	-16.625000	9.904573e+04	1.828221e+01	1.081198e+05	1.079356e+05	5.729766e+04	5.665349e+04	9.999000e+03	1.771321e+01	2022	1	13	0
	1384	296	166.000000	-15.875000	9.884237e+04	1.690986e+01	1.080317e+05	1.077826e+05	5.713362e+04	5.650949e+04	9.999000e+03	2.042979e+01	2022	1	13	6
	1385	296	166.250000	-15.875000	9.902956e+04	1.802001e+01	1.081172e+05	1.079269e+05	5.729963e+04	5.669855e+04	9.999000e+03	2.211275e+01	2022	1	13	12
	1390	296	167.500000	-15.875000	9.886794e+04	1.850451e+01	1.078546e+05	1.075811e+05	5.706673e+04	5.642498e+04	9.999000e+03	2.400093e+01	2022	1	13	18
	1392	293	168.000000	-16.625000	9.898562e+04	1.958483e+01	1.079953e+05	1.076729e+05	5.714320e+04	5.648277e+04	9.999000e+03	2.347701e+01	2022	1	14	0
	1395	298	168.750000	-15.375000	9.875936e+04	1.974704e+01	1.079176e+05	1.074207e+05	5.708846e+04	5.630775e+04	9.999000e+03	2.306968e+01	2022	1	14	6
	1402	299	170.500000	-15.125000	9.893505e+04	2.004722e+01	1.080846e+05	1.076446e+05	5.733647e+04	5.648750e+04	3.024482e+02	2.673461e+01	2022	1	14	12
	1409	295	172.250000	-16.125000	9.869112e+04	2.098075e+01	1.079172e+05	1.074341e+05	5.712098e+04	5.627622e+04	3.023797e+02	2.615722e+01	2022	1	14	18
	1416	293	174.000000	-16.625000	9.871597e+04	2.229794e+01	1.080459e+05	1.074226e+05	5.722550e+04	5.637089e+04	3.019457e+02	2.615487e+01	2022	1	15	0
	1425	291	176.250000	-17.125000	9.858827e+04	2.475971e+01	1.079839e+05	1.072634e+05	5.712002e+04	5.617023e+04	9.999000e+03	2.822126e+01	2022	1	15	6
	1431	292	177.750000	-16.875000	9.861847e+04	2.558791e+01	1.081135e+05	1.074393e+05	5.727043e+04	5.630203e+04	9.999000e+03	2.153674e+01	2022	1	15	12
	1	290	-179.750000	-17.375000	9.845463e+04	2.691577e+01	1.080409e+05	1.072994e+05	5.719187e+04	5.619931e+04	9.999000e+03	1.587495e+01	2022	1	15	18
	10	286	-177.500000	-18.375000	9.858811e+04	2.259613e+01	1.081051e+05	1.072548e+05	5.725914e+04	5.626747e+04	3.012868e+02	1.072882e+01	2022	1	16	0
	21	283	-174.750000	-19.125000	9.865145e+04	2.062927e+01	1.081734e+05	1.072857e+05	5.728150e+04	5.631757e+04	3.007724e+02	1.068188e+01	2022	1	16	6
	26	279	-173.500000	-20.125000	9.885138e+04	1.950319e+01	1.081251e+05	1.072659e+05	5.719295e+04	5.645045e+04	3.005474e+02	9.201252e+00	2022	1	16	12
	28	277	-173.000000	-20.625000	9.897457e+04	1.813847e+01	1.081683e+05	1.071597e+05	5.717509e+04	5.648769e+04	3.002794e+02	6.703251e+00	2022	1	16	18
	31	278	-172.250000	-20.375000	9.906666e+04	1.769815e+01	1.081681e+05	1.074257e+05	5.720089e+04	5.659281e+04	3.003517e+02	7.756748e+00	2022	1	17	0
	34	277	-171.500000	-20.625000	9.921034e+04	1.800166e+01	1.082151e+05	1.074515e+05	5.729679e+04	5.664126e+04	3.002632e+02	8.097116e+00	2022	1	17	6
	38	275	-170.500000	-21.125000	9.940488e+04	1.650705e+01	1.082485e+05	1.075448e+05	5.735684e+04	5.676241e+04	2.998750e+02	7.723623e+00	2022	1	17	12
start	24	2022	2	9	18
	1106	308	96.500000	-12.875000	1.005073e+05	1.075224e+01	1.082059e+05	1.080101e+05	5.769370e+04	5.734870e+04	3.029734e+02	2.910718e+01	2022	2	9	18
	1098	307	94.500000	-13.125000	1.003595e+05	1.305688e+01	1.080934e+05	1.078591e+05	5.758186e+04	5.723803e+04	3.024680e+02	2.667372e+01	2022	2	10	0
	1096	307	94.000000	-13.125000	1.003857e+05	1.290168e+01	1.081829e+05	1.079516e+05	5.760742e+04	5.728172e+04	3.025690e+02	2.137486e+01	2022	2	10	6
	1094	307	93.500000	-13.125000	1.001970e+05	1.307619e+01	1.081379e+05	1.078953e+05	5.754487e+04	5.716055e+04	3.024996e+02	1.825972e+01	2022	2	10	12
	1092	304	93.000000	-13.875000	1.002982e+05	1.308369e+01	1.082017e+05	1.080278e+05	5.764861e+04	5.723971e+04	3.021283e+02	2.650889e+01	2022	2	10	18
	1091	307	92.750000	-13.125000	1.000682e+05	1.450402e+01	1.081162e+05	1.078907e+05	5.753215e+04	5.705066e+04	3.022178e+02	2.255842e+01	2022	2	11	0
	1092	304	93.000000	-13.875000	1.000987e+05	1.426340e+01	1.081573e+05	1.079974e+05	5.760096e+04	5.714232e+04	3.023837e+02	1.756125e+01	2022	2	11	6
	1090	302	92.500000	-14.375000	9.995541e+04	1.242902e+01	1.081774e+05	1.079532e+05	5.758523e+04	5.705182e+04	3.021443e+02	1.521576e+01	2022	2	11	12
	1088	302	92.000000	-14.375000	1.000816e+05	1.266644e+01	1.082196e+05	1.080390e+05	5.766504e+04	5.712888e+04	3.019679e+02	1.400125e+01	2022	2	11	18
	1087	300	91.750000	-14.875000	9.996448e+04	1.356718e+01	1.081592e+05	1.079371e+05	5.758631e+04	5.701352e+04	3.018939e+02	1.403831e+01	2022	2	12	0
	1085	297	91.250000	-15.625000	1.000878e+05	1.477645e+01	1.083101e+05	1.081064e+05	5.768800e+04	5.718653e+04	3.017689e+02	1.515896e+01	2022	2	12	6
	1082	295	90.500000	-16.125000	1.000192e+05	1.439819e+01	1.082744e+05	1.080639e+05	5.767881e+04	5.712970e+04	3.015917e+02	1.377024e+01	2022	2	12	12
	1080	293	90.000000	-16.625000	1.001721e+05	1.573933e+01	1.083741e+05	1.081571e+05	5.781750e+04	5.720069e+04	3.013865e+02	1.854415e+01	2022	2	12	18
	1077	295	89.250000	-16.125000	9.999838e+04	1.590730e+01	1.082567e+05	1.080000e+05	5.769741e+04	5.708529e+04	3.017440e+02	1.829252e+01	2022	2	13	0
	1075	295	88.750000	-16.125000	1.000490e+05	1.478534e+01	1.083173e+05	1.081390e+05	5.779788e+04	5.715780e+04	3.018248e+02	2.245182e+01	2022	2	13	6
	1072	293	88.000000	-16.625000	9.981566e+04	1.668863e+01	1.081880e+05	1.078210e+05	5.771040e+04	5.693626e+04	3.017501e+02	2.238881e+01	2022	2	13	12
	1069	292	87.250000	-16.875000	9.986984e+04	1.919095e+01	1.082688e+05	1.078279e+05	5.783145e+04	5.692720e+04	3.017069e+02	2.452510e+01	2022	2	13	18
	1067	292	86.750000	-16.875000	9.959431e+04	2.010074e+01	1.080625e+05	1.077110e+05	5.767134e+04	5.681651e+04	3.017922e+02	1.820902e+01	2022	2	14	0
	1065	291	86.250000	-17.125000	9.969982e+04	2.020856e+01	1.081688e+05	1.079001e+05	5.772911e+04	5.712455e+04	3.019337e+02	1.540903e+01	2022	2	14	6
	1062	288	85.500000	-17.875000	9.967434e+04	2.026570e+01	1.081068e+05	1.077149e+05	5.761100e+04	5.717905e+04	3.019812e+02	2.060258e+01	2022	2	14	12
	1062	286	85.500000	-18.375000	9.992160e+04	2.062111e+01	1.081975e+05	1.078802e+05	5.776943e+04	5.717716e+04	3.018520e+02	2.601942e+01	2022	2	14	18
	1062	282	85.500000	-19.375000	9.961095e+04	2.252843e+01	1.080128e+05	1.074706e+05	5.757140e+04	5.701321e+04	3.015209e+02	1.693180e+01	2022	2	15	0
	1061	282	85.250000	-19.375000	9.968249e+04	2.029361e+01	1.081961e+05	1.076986e+05	5.773641e+04	5.709384e+04	3.015838e+02	6.902535e+00	2022	2	15	6
	1060	279	85.000000	-20.125000	9.966863e+04	1.783200e+01	1.081377e+05	1.077158e+05	5.763927e+04	5.718517e+04	3.014550e+02	6.427762e+00	2022	2	15	12
start	30	2022	2	12	18
	988	307	67.000000	-13.125000	1.006232e+05	9.981624e+00	1.084994e+05	1.082085e+05	5.781522e+04	5.761528e+04	3.033110e+02	3.819857e+01	2022	2	12	18
	989	308	67.250000	-12.875000	1.003119e+05	1.196964e+01	1.081641e+05	1.078400e+05	5.759175e+04	5.722192e+04	3.030974e+02	3.926106e+01	2022	2	13	0
	990	304	67.500000	-13.875000	1.004932e+05	1.257749e+01	1.083303e+05	1.080966e+05	5.784580e+04	5.729512e+04	3.029284e+02	2.178690e+01	2022	2	13	6
	991	310	67.750000	-12.375000	1.001384e+05	1.305305e+01	1.081233e+05	1.078354e+05	5.761402e+04	5.703916e+04	3.029987e+02	3.144809e+01	2022	2	13	12
	992	305	68.000000	-13.625000	1.003710e+05	1.468486e+01	1.083903e+05	1.080894e+05	5.783709e+04	5.718135e+04	3.027973e+02	4.708677e+01	2022	2	13	18
	991	306	67.750000	-13.375000	9.994818e+04	1.557667e+01	1.081256e+05	1.076248e+05	5.755511e+04	5.671793e+04	3.027000e+02	4.246758e+01	2022	2	14	0
	993	306	68.250000	-13.375000	9.997339e+04	1.703756e+01	1.083706e+05	1.079067e+05	5.774334e+04	5.681414e+04	3.025863e+02	3.879411e+01	2022	2	14	6
	995	303	68.750000	-14.125000	9.959299e+04	1.710134e+01	1.081613e+05	1.076325e+05	5.751395e+04	5.653836e+04	3.025396e+02	3.421893e+01	2022	2	14	12
	993	302	68.250000	-14.375000	9.972949e+04	1.803096e+01	1.083682e+05	1.078115e+05	5.774548e+04	5.670830e+04	3.024601e+02	3.612313e+01	2022	2	14	18
	993	302	68.250000	-14.375000	9.931500e+04	1.866273e+01	1.080988e+05	1.074994e+05	5.747961e+04	5.631046e+04	3.023459e+02	3.905139e+01	2022	2	15	0
	992	300	68.000000	-14.875000	9.941226e+04	2.033560e+01	1.083054e+05	1.077668e+05	5.763445e+04	5.649635e+04	3.022101e+02	3.230905e+01	2022	2	15	6
	991	297	67.750000	-15.625000	9.900651e+04	1.994008e+01	1.081497e+05	1.074522e+05	5.744767e+04	5.622773e+04	3.022733e+02	3.482436e+01	2022	2	15	12
	991	296	67.750000	-15.875000	9.917442e+04	2.202951e+01	1.083257e+05	1.076247e+05	5.764983e+04	5.636270e+04	3.022031e+02	3.806830e+01	2022	2	15	18
	991	294	67.750000	-16.375000	9.874182e+04	2.104688e+01	1.080452e+05	1.073817e+05	5.737791e+04	5.609014e+04	3.021326e+02	3.004321e+01	2022	2	16	0
	993	292	68.250000	-16.875000	9.877380e+04	2.177540e+01	1.082562e+05	1.075308e+05	5.757209e+04	5.618922e+04	3.020330e+02	2.905753e+01	2022	2	16	6
	995	291	68.750000	-17.125000	9.842589e+04	2.153328e+01	1.080482e+05	1.072495e+05	5.737360e+04	5.589744e+04	3.018391e+02	3.137549e+01	2022	2	16	12
	998	289	69.500000	-17.625000	9.859120e+04	2.392529e+01	1.082521e+05	1.074496e+05	5.761052e+04	5.612941e+04	3.017194e+02	3.387425e+01	2022	2	16	18
	1001	287	70.250000	-18.125000	9.827345e+04	2.356526e+01	1.080009e+05	1.072375e+05	5.734951e+04	5.589181e+04	3.016404e+02	3.085657e+01	2022	2	17	0
	1006	284	71.500000	-18.875000	9.840751e+04	2.355993e+01	1.082130e+05	1.074010e+05	5.756602e+04	5.607965e+04	3.016492e+02	3.039149e+01	2022	2	17	6
	1011	281	72.750000	-19.625000	9.813456e+04	2.388593e+01	1.080867e+05	1.072411e+05	5.739737e+04	5.585466e+04	3.015481e+02	3.366926e+01	2022	2	17	12
	1015	276	73.750000	-20.875000	9.823355e+04	2.598525e+01	1.081925e+05	1.073276e+05	5.756319e+04	5.598942e+04	3.012619e+02	2.925646e+01	2022	2	17	18
	1021	271	75.250000	-22.125000	9.770278e+04	2.809871e+01	1.079890e+05	1.070831e+05	5.732277e+04	5.569277e+04	3.009734e+02	2.821129e+01	2022	2	18	0
	1026	265	76.500000	-23.625000	9.757713e+04	2.784516e+01	1.081320e+05	1.069865e+05	5.741672e+04	5.555082e+04	3.008521e+02	2.827574e+01	2022	2	18	6
	1029	258	77.250000	-25.375000	9.746948e+04	2.794808e+01	1.079951e+05	1.067320e+05	5.725862e+04	5.547048e+04	3.001414e+02	3.045881e+01	2022	2	18	12
	1032	255	78.000000	-26.125000	9.774829e+04	2.710513e+01	1.080962e+05	1.068655e+05	5.742521e+04	5.580083e+04	2.995309e+02	2.924475e+01	2022	2	18	18
	1033	251	78.250000	-27.125000	9.770743e+04	2.620422e+01	1.079131e+05	1.065755e+05	5.721951e+04	5.560536e+04	2.992114e+02	2.261102e+01	2022	2	19	0
	1036	248	79.000000	-27.875000	9.811624e+04	2.502320e+01	1.080645e+05	1.065553e+05	5.738578e+04	5.577893e+04	2.983659e+02	1.881167e+01	2022	2	19	6
	1038	244	79.500000	-28.875000	9.813791e+04	2.493783e+01	1.079510e+05	1.063930e+05	5.729587e+04	5.572144e+04	2.981092e+02	1.401855e+01	2022	2	19	12
	1041	243	80.250000	-29.125000	9.848990e+04	2.185168e+01	1.080486e+05	1.063158e+05	5.744466e+04	5.591198e+04	2.977716e+02	9.397377e+00	2022	2	19	18
	1043	241	80.750000	-29.625000	9.877356e+04	2.024321e+01	1.078883e+05	1.059706e+05	5.730581e+04	5.608262e+04	2.976111e+02	9.978917e+00	2022	2	20	0
start	31	2022	2	24	18
	1245	295	131.250000	-16.125000	1.001545e+05	8.049931e+00	1.083151e+05	1.079819e+05	5.773591e+04	5.711531e+04	9.999000e+03	2.698515e+01	2022	2	24	18
	1241	297	130.250000	-15.625000	1.003030e+05	1.242468e+01	1.084124e+05	1.081548e+05	5.781667e+04	5.724670e+04	9.999000e+03	3.669528e+01	2022	2	25	0
	1233	299	128.250000	-15.125000	9.980830e+04	1.253130e+01	1.083296e+05	1.079613e+05	5.759859e+04	5.702248e+04	9.999000e+03	4.032701e+01	2022	2	25	6
	1233	301	128.250000	-14.625000	9.994177e+04	1.464671e+01	1.084397e+05	1.081989e+05	5.765512e+04	5.715333e+04	9.999000e+03	4.201242e+01	2022	2	25	12
	1233	302	128.250000	-14.375000	9.955228e+04	1.744886e+01	1.081745e+05	1.078630e+05	5.742412e+04	5.683936e+04	9.999000e+03	4.256200e+01	2022	2	25	18
	1234	298	128.500000	-15.375000	9.988572e+04	1.543698e+01	1.084431e+05	1.079765e+05	5.768483e+04	5.701309e+04	9.999000e+03	3.352431e+01	2022	2	26	0
	1218	296	124.500000	-15.875000	9.956995e+04	1.583712e+01	1.082336e+05	1.078403e+05	5.748041e+04	5.678613e+04	9.999000e+03	4.157941e+01	2022	2	26	6
	1217	288	124.250000	-17.875000	9.968543e+04	1.073106e+01	1.084108e+05	1.080414e+05	5.775003e+04	5.695518e+04	9.999000e+03	3.998734e+01	2022	2	26	12
	1212	292	123.000000	-16.875000	9.924878e+04	1.759776e+01	1.081554e+05	1.076962e+05	5.739095e+04	5.658320e+04	9.999000e+03	5.402955e+01	2022	2	26	18
	1214	293	123.500000	-16.625000	9.915992e+04	2.043213e+01	1.084171e+05	1.077565e+05	5.756076e+04	5.654132e+04	9.999000e+03	4.608282e+01	2022	2	27	0
	1215	288	123.750000	-17.875000	9.898952e+04	1.996106e+01	1.083299e+05	1.075852e+05	5.744088e+04	5.629240e+04	9.999000e+03	3.848675e+01	2022	2	27	6
	1211	283	122.750000	-19.125000	9.928473e+04	1.397854e+01	1.085084e+05	1.077521e+05	5.765946e+04	5.650511e+04	9.999000e+03	3.992393e+01	2022	2	27	12
	1207	284	121.750000	-18.875000	9.901359e+04	1.765742e+01	1.081576e+05	1.075479e+05	5.737585e+04	5.630156e+04	9.999000e+03	3.675256e+01	2022	2	27	18
	1210	285	122.500000	-18.625000	9.913389e+04	1.971269e+01	1.083697e+05	1.077295e+05	5.765054e+04	5.647798e+04	9.999000e+03	3.120492e+01	2022	2	28	0
	1210	280	122.500000	-19.875000	9.894561e+04	1.756980e+01	1.083256e+05	1.077050e+05	5.750993e+04	5.645391e+04	9.999000e+03	2.971645e+01	2022	2	28	6
	1206	278	121.500000	-20.375000	9.921672e+04	1.725121e+01	1.084689e+05	1.078429e+05	5.760766e+04	5.661595e+04	9.999000e+03	2.473461e+01	2022	2	28	12
	1206	280	121.500000	-19.875000	9.899851e+04	1.996036e+01	1.081572e+05	1.076377e+05	5.740325e+04	5.642264e+04	9.999000e+03	2.316632e+01	2022	2	28	18
	1205	277	121.250000	-20.625000	9.923776e+04	1.812186e+01	1.083928e+05	1.077634e+05	5.759470e+04	5.653900e+04	9.999000e+03	1.777427e+01	2022	3	1	0
	1205	276	121.250000	-20.875000	9.913623e+04	1.861663e+01	1.083358e+05	1.077705e+05	5.749230e+04	5.644281e+04	9.999000e+03	2.305218e+01	2022	3	1	6
	1205	274	121.250000	-21.375000	9.935794e+04	1.295358e+01	1.085307e+05	1.078953e+05	5.767585e+04	5.655083e+04	9.999000e+03	1.632214e+01	2022	3	1	12
	1202	272	120.500000	-21.875000	9.927152e+04	1.051015e+01	1.082395e+05	1.077859e+05	5.754950e+04	5.653998e+04	9.999000e+03	1.306560e+01	2022	3	1	18
	1199	268	119.750000	-22.875000	9.961041e+04	1.099305e+01	1.084343e+05	1.079588e+05	5.773827e+04	5.680839e+04	9.999000e+03	9.492847e+00	2022	3	2	0
	1194	266	118.500000	-23.375000	9.959720e+04	1.025020e+01	1.083830e+05	1.080413e+05	5.763451e+04	5.687687e+04	9.999000e+03	1.502313e+01	2022	3	2	6
	1193	265	118.250000	-23.625000	9.978193e+04	8.790349e+00	1.085779e+05	1.081860e+05	5.777175e+04	5.700698e+04	9.999000e+03	1.021571e+01	2022	3	2	12
	1192	264	118.000000	-23.875000	9.989812e+04	8.668118e+00	1.084373e+05	1.080796e+05	5.771934e+04	5.700740e+04	9.999000e+03	7.663024e+00	2022	3	2	18
	1192	259	118.000000	-25.125000	1.001532e+05	9.730610e+00	1.085973e+05	1.082292e+05	5.796002e+04	5.717274e+04	9.999000e+03	7.742283e+00	2022	3	3	0
	1182	253	115.500000	-26.625000	1.001062e+05	1.523656e+01	1.085366e+05	1.079580e+05	5.774875e+04	5.719630e+04	9.999000e+03	1.263223e+01	2022	3	3	6
	1186	253	116.500000	-26.625000	1.004140e+05	9.634071e+00	1.087410e+05	1.082105e+05	5.796486e+04	5.737735e+04	9.999000e+03	6.482305e+00	2022	3	3	12
	1190	249	117.500000	-27.625000	1.004439e+05	7.566308e+00	1.086311e+05	1.081964e+05	5.795968e+04	5.736169e+04	9.999000e+03	6.693817e+00	2022	3	3	18
	1188	247	117.000000	-28.125000	1.006579e+05	7.582242e+00	1.087305e+05	1.081619e+05	5.803795e+04	5.753525e+04	9.999000e+03	7.679332e+00	2022	3	4	0
	1188	244	117.000000	-28.875000	1.005622e+05	7.878241e+00	1.086548e+05	1.080275e+05	5.794760e+04	5.752328e+04	9.999000e+03	1.161904e+01	2022	3	4	6
start	54	2022	3	10	6
	9	323	-177.750000	-9.125000	1.004880e+05	1.600000e+01	1.084655e+05	1.082559e+05	5.774672e+04	5.739542e+04	3.036103e+02	3.185035e+01	2022	3	10	6
	2	322	-179.500000	-9.375000	1.006217e+05	1.494611e+01	1.085250e+05	1.083202e+05	5.785375e+04	5.750864e+04	3.034965e+02	3.641613e+01	2022	3	10	12
	2	320	-179.500000	-9.875000	1.004331e+05	1.439991e+01	1.084796e+05	1.081593e+05	5.780488e+04	5.739738e+04	3.034198e+02	3.295051e+01	2022	3	10	18
	2	317	-179.500000	-10.625000	1.004626e+05	1.424061e+01	1.084993e+05	1.082438e+05	5.785275e+04	5.747530e+04	3.037552e+02	2.709118e+01	2022	3	11	0
	1437	313	179.250000	-11.625000	1.002456e+05	1.445117e+01	1.084784e+05	1.082163e+05	5.777960e+04	5.730530e+04	3.034298e+02	3.888863e+01	2022	3	11	6
	1430	312	177.500000	-11.875000	1.002861e+05	1.456873e+01	1.086018e+05	1.082636e+05	5.786395e+04	5.741958e+04	3.033997e+02	4.392838e+01	2022	3	11	12
	1430	311	177.500000	-12.125000	1.001148e+05	1.527463e+01	1.084727e+05	1.081281e+05	5.778276e+04	5.724629e+04	3.033339e+02	3.629138e+01	2022	3	11	18
	1426	310	176.500000	-12.375000	1.001126e+05	1.622122e+01	1.085954e+05	1.082918e+05	5.785882e+04	5.732579e+04	3.035906e+02	2.787521e+01	2022	3	12	0
	1421	310	175.250000	-12.375000	9.986170e+04	1.677970e+01	1.084576e+05	1.081964e+05	5.769313e+04	5.711034e+04	3.033535e+02	3.003440e+01	2022	3	12	6
	1420	310	175.000000	-12.375000	9.999198e+04	1.544214e+01	1.086037e+05	1.083253e+05	5.781072e+04	5.728724e+04	3.032759e+02	3.318622e+01	2022	3	12	12
	1417	308	174.250000	-12.875000	9.980120e+04	1.780230e+01	1.084445e+05	1.081168e+05	5.767050e+04	5.712367e+04	3.032301e+02	2.737207e+01	2022	3	12	18
	1417	306	174.250000	-13.375000	9.992272e+04	1.742924e+01	1.086096e+05	1.083104e+05	5.780768e+04	5.731525e+04	3.031942e+02	2.356167e+01	2022	3	13	0
	1418	304	174.500000	-13.875000	9.970727e+04	1.725125e+01	1.085275e+05	1.082828e+05	5.769509e+04	5.720747e+04	3.033544e+02	3.434052e+01	2022	3	13	6
	1417	302	174.250000	-14.375000	9.985491e+04	1.845490e+01	1.086454e+05	1.083676e+05	5.782765e+04	5.727469e+04	3.030357e+02	3.646828e+01	2022	3	13	12
	1417	300	174.250000	-14.875000	9.961127e+04	1.840546e+01	1.083893e+05	1.081248e+05	5.766218e+04	5.710289e+04	3.030379e+02	2.427876e+01	2022	3	13	18
	1417	300	174.250000	-14.875000	9.971185e+04	1.753866e+01	1.085428e+05	1.083022e+05	5.785029e+04	5.723108e+04	3.030166e+02	2.574765e+01	2022	3	14	0
	1421	299	175.250000	-15.125000	9.950526e+04	1.811987e+01	1.084103e+05	1.080487e+05	5.768793e+04	5.708105e+04	3.030639e+02	3.908598e+01	2022	3	14	6
	1422	297	175.500000	-15.625000	9.961518e+04	2.034354e+01	1.085324e+05	1.079965e+05	5.781436e+04	5.717306e+04	3.028466e+02	4.258054e+01	2022	3	14	12
	1423	300	175.750000	-14.875000	9.937023e+04	1.918019e+01	1.083587e+05	1.078718e+05	5.768812e+04	5.695832e+04	3.026053e+02	4.153894e+01	2022	3	14	18
	1429	297	177.250000	-15.625000	9.932098e+04	2.154630e+01	1.084299e+05	1.078806e+05	5.772862e+04	5.682084e+04	9.999000e+03	5.031564e+01	2022	3	15	0
	1435	296	178.750000	-15.875000	9.881070e+04	2.227237e+01	1.083639e+05	1.075401e+05	5.761198e+04	5.627299e+04	9.999000e+03	5.527214e+01	2022	3	15	6
	1437	297	179.250000	-15.625000	9.869276e+04	2.449003e+01	1.084414e+05	1.076399e+05	5.771746e+04	5.638657e+04	9.999000e+03	5.276596e+01	2022	3	15	12
	0	297	-180.000000	-15.625000	9.847376e+04	2.476721e+01	1.083593e+05	1.075583e+05	5.756091e+04	5.623636e+04	9.999000e+03	3.800681e+01	2022	3	15	18
	1	295	-179.750000	-16.125000	9.854198e+04	2.617101e+01	1.083473e+05	1.077342e+05	5.762672e+04	5.631506e+04	9.999000e+03	2.414499e+01	2022	3	16	0
	1	295	-179.750000	-16.125000	9.852367e+04	2.463496e+01	1.082711e+05	1.077225e+05	5.751508e+04	5.627168e+04	9.999000e+03	2.315655e+01	2022	3	16	6
	1	294	-179.750000	-16.375000	9.857116e+04	2.452346e+01	1.083512e+05	1.078816e+05	5.764365e+04	5.640574e+04	9.999000e+03	2.540920e+01	2022	3	16	12
	2	294	-179.500000	-16.375000	9.834159e+04	2.452921e+01	1.082971e+05	1.076712e+05	5.754936e+04	5.627887e+04	9.999000e+03	1.905885e+01	2022	3	16	18
	5	294	-178.750000	-16.375000	9.849532e+04	2.317207e+01	1.083894e+05	1.076486e+05	5.770888e+04	5.633209e+04	9.999000e+03	2.394952e+01	2022	3	17	0
	6	293	-178.500000	-16.625000	9.812227e+04	2.613791e+01	1.083769e+05	1.074808e+05	5.763511e+04	5.599139e+04	9.999000e+03	2.604970e+01	2022	3	17	6
	10	292	-177.500000	-16.875000	9.788208e+04	2.730838e+01	1.084273e+05	1.075061e+05	5.765389e+04	5.582300e+04	3.021121e+02	1.993083e+01	2022	3	17	12
	12	292	-177.000000	-16.875000	9.791160e+04	2.905708e+01	1.082663e+05	1.074474e+05	5.753465e+04	5.581163e+04	3.021501e+02	2.460631e+01	2022	3	17	18
	13	291	-176.750000	-17.125000	9.764613e+04	2.753807e+01	1.083428e+05	1.074995e+05	5.756747e+04	5.565432e+04	3.020742e+02	1.949874e+01	2022	3	18	0
	14	291	-176.500000	-17.125000	9.767470e+04	2.816720e+01	1.082868e+05	1.073654e+05	5.754876e+04	5.560804e+04	3.021341e+02	1.882095e+01	2022	3	18	6
	13	291	-176.750000	-17.125000	9.774564e+04	2.809089e+01	1.083248e+05	1.074668e+05	5.758215e+04	5.571882e+04	3.018889e+02	2.148444e+01	2022	3	18	12
	12	291	-177.000000	-17.125000	9.765584e+04	2.683576e+01	1.082918e+05	1.074351e+05	5.751198e+04	5.570365e+04	3.017148e+02	1.618012e+01	2022	3	18	18
	10	292	-177.500000	-16.875000	9.767627e+04	2.815065e+01	1.083492e+05	1.075813e+05	5.756361e+04	5.574770e+04	3.020025e+02	1.591121e+01	2022	3	19	0
	8	292	-178.000000	-16.875000	9.756130e+04	2.988391e+01	1.083858e+05	1.074654e+05	5.753136e+04	5.566049e+04	3.021822e+02	1.891680e+01	2022	3	19	6
	6	292	-178.500000	-16.875000	9.730702e+04	2.948635e+01	1.083773e+05	1.075444e+05	5.762173e+04	5.554636e+04	9.999000e+03	2.134399e+01	2022	3	19	12
	2	291	-179.500000	-17.125000	9.725987e+04	2.865419e+01	1.083336e+05	1.074757e+05	5.758060e+04	5.548357e+04	9.999000e+03	1.689228e+01	2022	3	19	18
	1438	289	179.500000	-17.625000	9.717029e+04	2.933619e+01	1.085100e+05	1.075252e+05	5.767344e+04	5.548457e+04	9.999000e+03	1.533151e+01	2022	3	20	0
	1433	287	178.250000	-18.125000	9.755053e+04	2.988788e+01	1.084991e+05	1.074754e+05	5.764898e+04	5.559918e+04	9.999000e+03	1.603783e+01	2022	3	20	6
	1429	286	177.250000	-18.375000	9.745845e+04	2.807380e+01	1.086046e+05	1.076318e+05	5.774364e+04	5.557025e+04	9.999000e+03	1.967004e+01	2022	3	20	12
	1427	283	176.750000	-19.125000	9.762864e+04	2.984365e+01	1.085048e+05	1.073681e+05	5.776660e+04	5.553517e+04	9.999000e+03	1.457607e+01	2022	3	20	18
	1423	281	175.750000	-19.625000	9.773996e+04	3.033377e+01	1.086463e+05	1.076660e+05	5.783651e+04	5.579023e+04	3.026534e+02	1.446701e+01	2022	3	21	0
	1421	277	175.250000	-20.625000	9.748879e+04	2.994802e+01	1.085568e+05	1.076278e+05	5.780480e+04	5.571849e+04	3.025462e+02	1.640591e+01	2022	3	21	6
	1419	273	174.750000	-21.625000	9.758552e+04	3.067961e+01	1.086090e+05	1.078732e+05	5.789570e+04	5.584967e+04	3.018470e+02	1.963152e+01	2022	3	21	12
	1419	267	174.750000	-23.125000	9.732696e+04	3.144459e+01	1.084828e+05	1.078004e+05	5.780240e+04	5.570793e+04	3.008451e+02	1.365202e+01	2022	3	21	18
	1418	262	174.500000	-24.375000	9.791438e+04	2.875853e+01	1.086063e+05	1.079520e+05	5.793054e+04	5.620639e+04	3.003380e+02	1.492658e+01	2022	3	22	0
	1419	257	174.750000	-25.625000	9.805074e+04	2.737072e+01	1.084972e+05	1.076132e+05	5.787209e+04	5.622096e+04	3.000067e+02	1.758170e+01	2022	3	22	6
	1422	252	175.500000	-26.875000	9.817585e+04	2.755776e+01	1.085685e+05	1.073620e+05	5.791923e+04	5.655622e+04	2.995119e+02	1.640031e+01	2022	3	22	12
	1427	247	176.750000	-28.125000	9.825384e+04	2.791726e+01	1.084222e+05	1.068655e+05	5.781811e+04	5.655937e+04	2.987535e+02	1.911210e+01	2022	3	22	18
	1435	242	178.750000	-29.375000	9.849954e+04	2.570127e+01	1.084699e+05	1.068865e+05	5.789418e+04	5.649163e+04	2.984020e+02	1.829090e+01	2022	3	23	0
	1	240	-179.750000	-29.875000	9.866333e+04	2.410789e+01	1.082751e+05	1.066732e+05	5.772616e+04	5.638743e+04	2.983534e+02	7.002356e+00	2022	3	23	6
	8	240	-178.000000	-29.875000	9.939502e+04	2.045838e+01	1.083099e+05	1.065925e+05	5.780670e+04	5.684223e+04	2.986064e+02	6.336344e+00	2022	3	23	12
start	51	2022	3	10	12
	1374	316	163.500000	-10.875000	1.007091e+05	1.052474e+01	1.084832e+05	1.083471e+05	5.795234e+04	5.766506e+04	9.999000e+03	2.591317e+01	2022	3	10	12
	1371	315	162.750000	-11.125000	1.004273e+05	1.226388e+01	1.083311e+05	1.080617e+05	5.774077e+04	5.741645e+04	9.999000e+03	2.325546e+01	2022	3	10	18
	1370	313	162.500000	-11.625000	1.006321e+05	1.118573e+01	1.085303e+05	1.083333e+05	5.800211e+04	5.763127e+04	9.999000e+03	2.766877e+01	2022	3	11	0
	1366	314	161.500000	-11.375000	1.003251e+05	1.073171e+01	1.084007e+05	1.081047e+05	5.773318e+04	5.732682e+04	9.999000e+03	3.500491e+01	2022	3	11	6
	1365	315	161.250000	-11.125000	1.005726e+05	1.156461e+01	1.085879e+05	1.083288e+05	5.794123e+04	5.755292e+04	9.999000e+03	3.995863e+01	2022	3	11	12
	1363	314	160.750000	-11.375000	1.002309e+05	1.166929e+01	1.084108e+05	1.081241e+05	5.772988e+04	5.729236e+04	9.999000e+03	3.561448e+01	2022	3	11	18
	1362	310	160.500000	-12.375000	1.004431e+05	1.360123e+01	1.086241e+05	1.083797e+05	5.796537e+04	5.750101e+04	9.999000e+03	3.608152e+01	2022	3	12	0
	1359	310	159.750000	-12.375000	1.000689e+05	1.431260e+01	1.083733e+05	1.081717e+05	5.771430e+04	5.714650e+04	9.999000e+03	3.981565e+01	2022	3	12	6
	1357	311	159.250000	-12.125000	1.001963e+05	1.548493e+01	1.085503e+05	1.083584e+05	5.790816e+04	5.725819e+04	9.999000e+03	4.439116e+01	2022	3	12	12
	1356	310	159.000000	-12.375000	9.974641e+04	1.850932e+01	1.082873e+05	1.080314e+05	5.760595e+04	5.684043e+04	9.999000e+03	3.752017e+01	2022	3	12	18
	1353	309	158.250000	-12.625000	9.984775e+04	1.808343e+01	1.085564e+05	1.081829e+05	5.785690e+04	5.693048e+04	9.999000e+03	3.863240e+01	2022	3	13	0
	1352	310	158.000000	-12.375000	9.935649e+04	1.788373e+01	1.083737e+05	1.078453e+05	5.758438e+04	5.655826e+04	3.031911e+02	4.541890e+01	2022	3	13	6
	1350	309	157.500000	-12.625000	9.944384e+04	1.923615e+01	1.085918e+05	1.081027e+05	5.782437e+04	5.670716e+04	3.030847e+02	4.827592e+01	2022	3	13	12
	1349	308	157.250000	-12.875000	9.903420e+04	1.980160e+01	1.083230e+05	1.078284e+05	5.754010e+04	5.644294e+04	3.029964e+02	4.039656e+01	2022	3	13	18
	1347	307	156.750000	-13.125000	9.919855e+04	1.999816e+01	1.085805e+05	1.081384e+05	5.779293e+04	5.671132e+04	3.029174e+02	4.216349e+01	2022	3	14	0
	1345	305	156.250000	-13.625000	9.883018e+04	2.036844e+01	1.084522e+05	1.079542e+05	5.757414e+04	5.643839e+04	3.030289e+02	4.315057e+01	2022	3	14	6
	1345	304	156.250000	-13.875000	9.896005e+04	2.125057e+01	1.086301e+05	1.081601e+05	5.780949e+04	5.664908e+04	3.027816e+02	4.961795e+01	2022	3	14	12
	1343	303	155.750000	-14.125000	9.852241e+04	2.288108e+01	1.083878e+05	1.078027e+05	5.754517e+04	5.630218e+04	3.029190e+02	4.660552e+01	2022	3	14	18
	1341	302	155.250000	-14.375000	9.868538e+04	2.497738e+01	1.086508e+05	1.079798e+05	5.775972e+04	5.649785e+04	3.029204e+02	4.205964e+01	2022	3	15	0
	1339	300	154.750000	-14.875000	9.831636e+04	2.458732e+01	1.084295e+05	1.076836e+05	5.752094e+04	5.618064e+04	3.028169e+02	4.025665e+01	2022	3	15	6
	1337	298	154.250000	-15.375000	9.845580e+04	2.491673e+01	1.085826e+05	1.077078e+05	5.780187e+04	5.623781e+04	3.026484e+02	4.193125e+01	2022	3	15	12
	1335	296	153.750000	-15.875000	9.788584e+04	2.808175e+01	1.082816e+05	1.072728e+05	5.755099e+04	5.564825e+04	3.025076e+02	4.217737e+01	2022	3	15	18
	1335	294	153.750000	-16.375000	9.792147e+04	3.049107e+01	1.085376e+05	1.073183e+05	5.779870e+04	5.558459e+04	3.024121e+02	4.209377e+01	2022	3	16	0
	1332	292	153.000000	-16.875000	9.722533e+04	3.100937e+01	1.082780e+05	1.066766e+05	5.748945e+04	5.491016e+04	3.024978e+02	3.831719e+01	2022	3	16	6
	1331	291	152.750000	-17.125000	9.743686e+04	2.942726e+01	1.084712e+05	1.069332e+05	5.767141e+04	5.504384e+04	3.023880e+02	3.861256e+01	2022	3	16	12
	1330	290	152.500000	-17.375000	9.706409e+04	3.031725e+01	1.081544e+05	1.067041e+05	5.742585e+04	5.485984e+04	3.022893e+02	3.593582e+01	2022	3	16	18
	1329	288	152.250000	-17.875000	9.726179e+04	2.698391e+01	1.083797e+05	1.070195e+05	5.764273e+04	5.516204e+04	3.021353e+02	3.743182e+01	2022	3	17	0
	1331	286	152.750000	-18.375000	9.682867e+04	2.842631e+01	1.081701e+05	1.067939e+05	5.733787e+04	5.477421e+04	3.014906e+02	3.657441e+01	2022	3	17	6
	1333	285	153.250000	-18.625000	9.708820e+04	2.792612e+01	1.082916e+05	1.070791e+05	5.761182e+04	5.503675e+04	3.014514e+02	3.684200e+01	2022	3	17	12
	1336	283	154.000000	-19.125000	9.691859e+04	2.943543e+01	1.080394e+05	1.068936e+05	5.731469e+04	5.491931e+04	3.015320e+02	3.552851e+01	2022	3	17	18
	1340	280	155.000000	-19.875000	9.716052e+04	2.870953e+01	1.082841e+05	1.070923e+05	5.756789e+04	5.521290e+04	3.016030e+02	3.188215e+01	2022	3	18	0
	1343	277	155.750000	-20.625000	9.691967e+04	2.898585e+01	1.080600e+05	1.068938e+05	5.728889e+04	5.502475e+04	3.013292e+02	3.206389e+01	2022	3	18	6
	1348	275	157.000000	-21.125000	9.722079e+04	2.985733e+01	1.082585e+05	1.070805e+05	5.754246e+04	5.528906e+04	3.012121e+02	3.449071e+01	2022	3	18	12
	1352	272	158.000000	-21.875000	9.681815e+04	2.848799e+01	1.079690e+05	1.068171e+05	5.719870e+04	5.496598e+04	3.009997e+02	3.373552e+01	2022	3	18	18
	1354	268	158.500000	-22.875000	9.694091e+04	2.967096e+01	1.081023e+05	1.070134e+05	5.732034e+04	5.513073e+04	3.007060e+02	3.676533e+01	2022	3	19	0
	1358	266	159.500000	-23.375000	9.653111e+04	3.034416e+01	1.079294e+05	1.068605e+05	5.712641e+04	5.489127e+04	3.005980e+02	3.669221e+01	2022	3	19	6
	1361	263	160.250000	-24.125000	9.673395e+04	2.796956e+01	1.080811e+05	1.070125e+05	5.727102e+04	5.513650e+04	3.003171e+02	3.459289e+01	2022	3	19	12
	1363	261	160.750000	-24.625000	9.667923e+04	2.724166e+01	1.078585e+05	1.066627e+05	5.702690e+04	5.501785e+04	3.000239e+02	3.091951e+01	2022	3	19	18
	1365	258	161.250000	-25.375000	9.703477e+04	2.589211e+01	1.080761e+05	1.065451e+05	5.723792e+04	5.525827e+04	2.997007e+02	3.372941e+01	2022	3	20	0
	1367	254	161.750000	-26.375000	9.697699e+04	2.664178e+01	1.079126e+05	1.062347e+05	5.706589e+04	5.525313e+04	2.993542e+02	3.644377e+01	2022	3	20	6
	1368	249	162.000000	-27.625000	9.743685e+04	2.850889e+01	1.080162e+05	1.061445e+05	5.728535e+04	5.541091e+04	2.988065e+02	3.811549e+01	2022	3	20	12
	1372	244	163.000000	-28.875000	9.710516e+04	2.701907e+01	1.077638e+05	1.056972e+05	5.713049e+04	5.501674e+04	2.984010e+02	3.683702e+01	2022	3	20	18
	1374	238	163.500000	-30.375000	9.743146e+04	2.691149e+01	1.078791e+05	1.055428e+05	5.726342e+04	5.528975e+04	2.978805e+02	3.915205e+01	2022	3	21	0
	1378	231	164.500000	-32.125000	9.732004e+04	2.770812e+01	1.075772e+05	1.050493e+05	5.712722e+04	5.507028e+04	2.967258e+02	4.108274e+01	2022	3	21	6
	1382	225	165.500000	-33.625000	9.743217e+04	3.031934e+01	1.076365e+05	1.049257e+05	5.715263e+04	5.493973e+04	2.964221e+02	4.022306e+01	2022	3	21	12
	1385	220	166.250000	-34.875000	9.710296e+04	3.055572e+01	1.072486e+05	1.046309e+05	5.685356e+04	5.438480e+04	2.957957e+02	2.907868e+01	2022	3	21	18
	1389	213	167.250000	-36.625000	9.725351e+04	2.750498e+01	1.069076e+05	1.043740e+05	5.675675e+04	5.425205e+04	2.940508e+02	1.982572e+01	2022	3	22	0
	1392	208	168.000000	-37.875000	9.729709e+04	2.276340e+01	1.062932e+05	1.038650e+05	5.646042e+04	5.414325e+04	2.934854e+02	1.672157e+01	2022	3	22	6
	1398	204	169.500000	-38.875000	9.764826e+04	2.126036e+01	1.060889e+05	1.037438e+05	5.646861e+04	5.429358e+04	2.924647e+02	1.535889e+01	2022	3	22	12
	1402	200	170.500000	-39.875000	9.782695e+04	2.121723e+01	1.060018e+05	1.032763e+05	5.642349e+04	5.423298e+04	9.999000e+03	1.240200e+01	2022	3	22	18
	1408	199	172.000000	-40.125000	9.833901e+04	2.017635e+01	1.064357e+05	1.032677e+05	5.675812e+04	5.447469e+04	9.999000e+03	9.525674e+00	2022	3	23	0
start	13	2022	3	24	6
	110	300	-152.500000	-14.875000	9.989332e+04	1.109398e+01	1.085224e+05	1.080968e+05	5.754172e+04	5.720350e+04	3.032782e+02	2.335215e+01	2022	3	24	6
	117	301	-150.750000	-14.625000	9.976005e+04	1.487541e+01	1.084282e+05	1.080243e+05	5.740147e+04	5.705722e+04	3.033788e+02	2.805087e+01	2022	3	24	12
	122	301	-149.500000	-14.625000	9.993113e+04	1.494343e+01	1.086236e+05	1.080817e+05	5.760636e+04	5.721580e+04	3.034491e+02	2.730657e+01	2022	3	24	18
	128	299	-148.000000	-15.125000	9.966571e+04	1.505228e+01	1.084435e+05	1.080118e+05	5.738559e+04	5.699352e+04	3.034380e+02	2.725051e+01	2022	3	25	0
	133	295	-146.750000	-16.125000	9.983514e+04	1.389949e+01	1.086185e+05	1.081617e+05	5.757683e+04	5.710310e+04	3.033299e+02	2.812996e+01	2022	3	25	6
	136	295	-146.000000	-16.125000	9.954473e+04	1.444654e+01	1.083376e+05	1.080453e+05	5.733578e+04	5.691051e+04	3.031981e+02	2.389031e+01	2022	3	25	12
	139	296	-145.250000	-15.875000	9.967668e+04	1.431497e+01	1.085582e+05	1.081827e+05	5.755241e+04	5.711212e+04	3.032007e+02	1.674067e+01	2022	3	25	18
	145	294	-143.750000	-16.375000	9.933495e+04	1.552450e+01	1.083488e+05	1.080187e+05	5.727338e+04	5.686339e+04	3.037510e+02	1.900746e+01	2022	3	26	0
	146	292	-143.500000	-16.875000	9.955318e+04	1.497368e+01	1.085763e+05	1.081853e+05	5.750069e+04	5.707923e+04	3.032772e+02	2.330027e+01	2022	3	26	6
	149	292	-142.750000	-16.875000	9.934220e+04	1.481622e+01	1.083814e+05	1.080828e+05	5.733567e+04	5.689987e+04	3.031219e+02	2.433486e+01	2022	3	26	12
	151	291	-142.250000	-17.125000	9.964272e+04	1.398393e+01	1.086497e+05	1.082958e+05	5.759508e+04	5.715961e+04	3.030448e+02	2.302893e+01	2022	3	26	18
	153	291	-141.750000	-17.125000	9.935848e+04	1.522807e+01	1.084363e+05	1.080420e+05	5.730496e+04	5.690796e+04	3.036352e+02	2.278840e+01	2022	3	27	0
	152	291	-142.000000	-17.125000	9.963967e+04	1.774376e+01	1.086735e+05	1.082629e+05	5.759665e+04	5.712918e+04	3.032106e+02	2.821516e+01	2022	3	27	6
start	11	2022	3	27	18
	158	289	-140.500000	-17.625000	9.966814e+04	1.702734e+01	1.087107e+05	1.083161e+05	5.776894e+04	5.721605e+04	3.030145e+02	1.824085e+01	2022	3	27	18
	158	284	-140.500000	-18.875000	9.943672e+04	1.751863e+01	1.085494e+05	1.081711e+05	5.750788e+04	5.699609e+04	3.030870e+02	2.166103e+01	2022	3	28	0
	159	280	-140.250000	-19.875000	9.974375e+04	1.683423e+01	1.087793e+05	1.083355e+05	5.784561e+04	5.721004e+04	3.027446e+02	2.480925e+01	2022	3	28	6
	158	276	-140.500000	-20.875000	9.955152e+04	1.719915e+01	1.085385e+05	1.081506e+05	5.762695e+04	5.699920e+04	3.023078e+02	1.989547e+01	2022	3	28	12
	159	273	-140.250000	-21.625000	9.975408e+04	1.812159e+01	1.087772e+05	1.082548e+05	5.789007e+04	5.710901e+04	3.020068e+02	2.183467e+01	2022	3	28	18
	160	269	-140.000000	-22.625000	9.945838e+04	1.848896e+01	1.085699e+05	1.080346e+05	5.764886e+04	5.681492e+04	3.016213e+02	2.103202e+01	2022	3	29	0
	161	265	-139.750000	-23.625000	9.960841e+04	1.882009e+01	1.086761e+05	1.080568e+05	5.788316e+04	5.694635e+04	3.009435e+02	1.598852e+01	2022	3	29	6
	163	258	-139.250000	-25.375000	9.948099e+04	1.640991e+01	1.084222e+05	1.075576e+05	5.766253e+04	5.689875e+04	2.998445e+02	1.294561e+01	2022	3	29	12
	165	255	-138.750000	-26.125000	9.963082e+04	1.527181e+01	1.086058e+05	1.073716e+05	5.783684e+04	5.709741e+04	2.993135e+02	7.856891e+00	2022	3	29	18
	170	250	-137.500000	-27.375000	9.950553e+04	1.652621e+01	1.083595e+05	1.069096e+05	5.763716e+04	5.674005e+04	2.987390e+02	8.624161e+00	2022	3	30	0
	177	245	-135.750000	-28.625000	9.968581e+04	1.490200e+01	1.084721e+05	1.067063e+05	5.781441e+04	5.661220e+04	2.980644e+02	1.101372e+01	2022	3	30	6
start	25	2022	5	15	6
	370	393	-87.500000	8.375000	1.009146e+05	1.330094e+01	1.084269e+05	1.081863e+05	5.792702e+04	5.754712e+04	3.042991e+02	3.389148e+01	2022	5	15	6
	370	392	-87.500000	8.125000	1.008002e+05	1.262272e+01	1.083889e+05	1.081119e+05	5.785911e+04	5.749916e+04	3.043189e+02	3.365000e+01	2022	5	15	12
	370	396	-87.500000	9.125000	1.008394e+05	1.423327e+01	1.085018e+05	1.082878e+05	5.800016e+04	5.750854e+04	9.999000e+03	4.022140e+01	2022	5	15	18
	365	396	-88.750000	9.125000	1.006017e+05	1.483557e+01	1.084026e+05	1.080656e+05	5.783979e+04	5.735563e+04	3.039715e+02	3.349218e+01	2022	5	16	0
	366	394	-88.500000	8.625000	1.006826e+05	1.559563e+01	1.084026e+05	1.081800e+05	5.793741e+04	5.741176e+04	3.039911e+02	4.139323e+01	2022	5	16	6
	362	398	-89.500000	9.625000	1.004316e+05	1.581766e+01	1.082797e+05	1.079473e+05	5.785448e+04	5.720233e+04	3.040620e+02	4.278708e+01	2022	5	16	12
	360	398	-90.000000	9.625000	1.004233e+05	1.660152e+01	1.084185e+05	1.081379e+05	5.797473e+04	5.726114e+04	3.040185e+02	4.365914e+01	2022	5	16	18
	357	399	-90.750000	9.875000	1.001216e+05	1.815094e+01	1.083308e+05	1.079640e+05	5.784399e+04	5.700330e+04	3.040252e+02	3.933656e+01	2022	5	17	0
	355	401	-91.250000	10.375000	1.001082e+05	2.024887e+01	1.085112e+05	1.080880e+05	5.797452e+04	5.711793e+04	3.040877e+02	4.236946e+01	2022	5	17	6
	351	403	-92.250000	10.875000	9.966770e+04	2.186162e+01	1.082894e+05	1.077886e+05	5.785082e+04	5.681114e+04	3.041732e+02	3.658383e+01	2022	5	17	12
	348	404	-93.000000	11.125000	9.958071e+04	2.359798e+01	1.084663e+05	1.078518e+05	5.804432e+04	5.678218e+04	3.040922e+02	2.885567e+01	2022	5	17	18
	346	405	-93.500000	11.375000	9.923030e+04	2.272438e+01	1.083289e+05	1.076179e+05	5.788543e+04	5.647638e+04	3.040747e+02	2.198457e+01	2022	5	18	0
	345	407	-93.750000	11.875000	9.910982e+04	2.390923e+01	1.084240e+05	1.074454e+05	5.809148e+04	5.611802e+04	3.042962e+02	3.370715e+01	2022	5	18	6
	343	408	-94.250000	12.125000	9.911272e+04	2.453691e+01	1.082617e+05	1.074294e+05	5.794173e+04	5.623875e+04	3.041908e+02	3.385705e+01	2022	5	18	12
	341	409	-94.750000	12.375000	9.931784e+04	2.231115e+01	1.084515e+05	1.078430e+05	5.805393e+04	5.673510e+04	3.042119e+02	2.895749e+01	2022	5	18	18
	340	409	-95.000000	12.375000	9.926956e+04	2.240999e+01	1.083080e+05	1.077666e+05	5.793450e+04	5.688456e+04	3.040286e+02	2.150104e+01	2022	5	19	0
	339	410	-95.250000	12.625000	9.957941e+04	2.253287e+01	1.084597e+05	1.079966e+05	5.806784e+04	5.705837e+04	3.039828e+02	2.410740e+01	2022	5	19	6
	338	410	-95.500000	12.625000	9.949334e+04	2.295835e+01	1.083452e+05	1.079507e+05	5.795805e+04	5.700060e+04	3.037921e+02	2.084284e+01	2022	5	19	12
	337	409	-95.750000	12.375000	9.982629e+04	2.071410e+01	1.085234e+05	1.082637e+05	5.806821e+04	5.749770e+04	3.038284e+02	2.180133e+01	2022	5	19	18
	336	409	-96.000000	12.375000	9.974673e+04	2.044557e+01	1.084054e+05	1.080667e+05	5.790239e+04	5.741959e+04	3.038048e+02	2.251118e+01	2022	5	20	0
	335	410	-96.250000	12.625000	1.000075e+05	2.014138e+01	1.086500e+05	1.081758e+05	5.805109e+04	5.757360e+04	3.037465e+02	2.564533e+01	2022	5	20	6
	333	409	-96.750000	12.375000	9.977404e+04	2.254710e+01	1.084049e+05	1.078811e+05	5.790837e+04	5.723519e+04	3.036924e+02	1.686306e+01	2022	5	20	12
	332	408	-97.000000	12.125000	1.002035e+05	1.852778e+01	1.085838e+05	1.080578e+05	5.804895e+04	5.782838e+04	3.038297e+02	9.425553e+00	2022	5	20	18
	331	408	-97.250000	12.125000	1.001331e+05	1.598109e+01	1.083915e+05	1.078985e+05	5.789269e+04	5.771071e+04	3.038063e+02	1.162795e+01	2022	5	21	0
	330	408	-97.500000	12.125000	1.004395e+05	1.592242e+01	1.085366e+05	1.080392e+05	5.802619e+04	5.785097e+04	3.036845e+02	1.558510e+01	2022	5	21	6
start	16	2022	7	13	6
	369	399	-87.750000	9.875000	1.008066e+05	1.155551e+01	1.084096e+05	1.082197e+05	5.788106e+04	5.760372e+04	9.999000e+03	3.348652e+01	2022	7	13	6
	367	400	-88.250000	10.125000	1.007061e+05	1.138448e+01	1.083399e+05	1.081134e+05	5.781384e+04	5.746553e+04	3.034474e+02	3.437150e+01	2022	7	13	12
	365	399	-88.750000	9.875000	1.008464e+05	1.216173e+01	1.085213e+05	1.082801e+05	5.790807e+04	5.759615e+04	3.031720e+02	4.005275e+01	2022	7	13	18
	364	401	-89.000000	10.375000	1.006770e+05	1.198764e+01	1.084015e+05	1.081946e+05	5.785461e+04	5.748421e+04	3.033170e+02	2.809487e+01	2022	7	14	0
	359	406	-90.250000	11.625000	1.008086e+05	1.279887e+01	1.085047e+05	1.083161e+05	5.797742e+04	5.762541e+04	3.034852e+02	2.612790e+01	2022	7	14	6
	356	407	-91.000000	11.875000	1.007080e+05	1.387821e+01	1.083865e+05	1.081354e+05	5.789870e+04	5.748933e+04	3.032463e+02	2.193713e+01	2022	7	14	12
	351	409	-92.250000	12.375000	1.008244e+05	1.448868e+01	1.085703e+05	1.083490e+05	5.803447e+04	5.762259e+04	3.032328e+02	2.537101e+01	2022	7	14	18
	344	411	-94.000000	12.875000	1.005710e+05	1.425721e+01	1.085083e+05	1.082509e+05	5.791928e+04	5.751208e+04	3.034397e+02	3.128657e+01	2022	7	15	0
	340	411	-95.000000	12.875000	1.007079e+05	1.335074e+01	1.086288e+05	1.083512e+05	5.802217e+04	5.751034e+04	3.029077e+02	3.908994e+01	2022	7	15	6
	338	413	-95.500000	13.375000	1.005010e+05	1.442792e+01	1.083976e+05	1.081719e+05	5.789770e+04	5.742710e+04	3.026273e+02	2.870721e+01	2022	7	15	12
	335	414	-96.250000	13.625000	1.006643e+05	1.433876e+01	1.086052e+05	1.083274e+05	5.806709e+04	5.748399e+04	3.030047e+02	3.030681e+01	2022	7	15	18
	331	416	-97.250000	14.125000	1.004562e+05	1.621119e+01	1.085418e+05	1.082449e+05	5.791856e+04	5.739079e+04	9.999000e+03	2.596472e+01	2022	7	16	0
	327	417	-98.250000	14.375000	1.006660e+05	1.551428e+01	1.087044e+05	1.083785e+05	5.802211e+04	5.761410e+04	9.999000e+03	2.840208e+01	2022	7	16	6
	326	419	-98.500000	14.875000	1.003843e+05	1.664185e+01	1.084480e+05	1.081562e+05	5.791668e+04	5.742555e+04	9.999000e+03	2.201644e+01	2022	7	16	12
	324	422	-99.000000	15.625000	1.005426e+05	1.993631e+01	1.085900e+05	1.082430e+05	5.801674e+04	5.754352e+04	9.999000e+03	2.310886e+01	2022	7	16	18
	320	425	-100.000000	16.375000	1.004499e+05	1.707340e+01	1.085166e+05	1.082034e+05	5.783731e+04	5.750894e+04	9.999000e+03	1.884080e+01	2022	7	17	0
start	28	2022	7	30	18
	1174	417	113.500000	14.375000	9.989542e+04	1.144516e+01	1.085167e+05	1.081033e+05	5.764154e+04	5.711504e+04	3.048311e+02	3.866275e+01	2022	7	30	18
	1174	417	113.500000	14.375000	9.987427e+04	1.339239e+01	1.084997e+05	1.080515e+05	5.768939e+04	5.708823e+04	3.047283e+02	3.347284e+01	2022	7	31	0
	1173	421	113.250000	15.375000	9.968516e+04	1.293646e+01	1.085578e+05	1.080675e+05	5.764918e+04	5.698960e+04	3.051906e+02	2.987242e+01	2022	7	31	6
	1168	423	112.000000	15.875000	9.967205e+04	1.257935e+01	1.086350e+05	1.081843e+05	5.762550e+04	5.700385e+04	3.050266e+02	2.755811e+01	2022	7	31	12
	1167	422	111.750000	15.625000	9.964147e+04	1.477049e+01	1.084878e+05	1.081006e+05	5.762563e+04	5.700673e+04	3.046625e+02	3.678388e+01	2022	7	31	18
	1165	416	111.250000	14.125000	9.955378e+04	1.777823e+01	1.084234e+05	1.080110e+05	5.753437e+04	5.687773e+04	9.999000e+03	4.247919e+01	2022	8	1	0
	1169	418	112.250000	14.625000	9.925679e+04	1.829120e+01	1.084884e+05	1.080400e+05	5.746403e+04	5.690673e+04	3.045406e+02	3.566170e+01	2022	8	1	6
	1169	420	112.250000	15.125000	9.922511e+04	1.665313e+01	1.084740e+05	1.080881e+05	5.746963e+04	5.698391e+04	3.045938e+02	3.285054e+01	2022	8	1	12
	1168	419	112.000000	14.875000	9.921299e+04	1.866674e+01	1.084133e+05	1.080919e+05	5.747708e+04	5.694725e+04	3.044621e+02	4.199697e+01	2022	8	1	18
	1173	419	113.250000	14.875000	9.918237e+04	1.997219e+01	1.084329e+05	1.079983e+05	5.747489e+04	5.677690e+04	3.043832e+02	4.401417e+01	2022	8	2	0
	1172	424	113.000000	16.125000	9.900670e+04	1.862102e+01	1.084546e+05	1.079588e+05	5.745033e+04	5.655510e+04	3.044553e+02	3.764037e+01	2022	8	2	6
	1170	426	112.500000	16.625000	9.897027e+04	1.772661e+01	1.085450e+05	1.079914e+05	5.749938e+04	5.653001e+04	3.044291e+02	3.521382e+01	2022	8	2	12
	1170	427	112.500000	16.875000	9.884170e+04	1.828640e+01	1.084689e+05	1.078160e+05	5.748536e+04	5.643725e+04	3.043767e+02	4.251872e+01	2022	8	2	18
	1166	431	111.500000	17.875000	9.882573e+04	1.819127e+01	1.085411e+05	1.078070e+05	5.750384e+04	5.647636e+04	9.999000e+03	3.970240e+01	2022	8	3	0
	1164	434	111.000000	18.625000	9.873844e+04	1.962884e+01	1.086718e+05	1.080221e+05	5.750315e+04	5.655773e+04	9.999000e+03	3.045085e+01	2022	8	3	6
	1163	434	110.750000	18.625000	9.872277e+04	1.981544e+01	1.086992e+05	1.081311e+05	5.758600e+04	5.660038e+04	9.999000e+03	3.123835e+01	2022	8	3	12
	1162	436	110.500000	19.125000	9.896106e+04	2.000673e+01	1.086907e+05	1.080215e+05	5.758984e+04	5.668908e+04	9.999000e+03	3.216788e+01	2022	8	3	18
	1156	439	109.000000	19.875000	9.891086e+04	1.935687e+01	1.086951e+05	1.081037e+05	5.756828e+04	5.673333e+04	9.999000e+03	2.782390e+01	2022	8	4	0
	1151	437	107.750000	19.375000	9.882087e+04	1.898171e+01	1.087789e+05	1.081401e+05	5.750489e+04	5.673188e+04	9.999000e+03	2.981404e+01	2022	8	4	6
	1150	435	107.500000	18.875000	9.852772e+04	1.939432e+01	1.088402e+05	1.082390e+05	5.752094e+04	5.670943e+04	9.999000e+03	3.773221e+01	2022	8	4	12
	1148	437	107.000000	19.375000	9.863159e+04	2.194514e+01	1.087190e+05	1.080831e+05	5.757618e+04	5.669994e+04	9.999000e+03	4.492586e+01	2022	8	4	18
	1144	436	106.000000	19.125000	9.851196e+04	2.251262e+01	1.087617e+05	1.081540e+05	5.749446e+04	5.656347e+04	9.999000e+03	3.781329e+01	2022	8	5	0
	1143	435	105.750000	18.875000	9.888676e+04	2.255028e+01	1.088387e+05	1.081730e+05	5.751475e+04	5.672209e+04	9.999000e+03	3.319421e+01	2022	8	5	6
	1137	432	104.250000	18.125000	9.929916e+04	1.633256e+01	1.087988e+05	1.082677e+05	5.751026e+04	5.689139e+04	9.999000e+03	3.275448e+01	2022	8	5	12
	1136	433	104.000000	18.375000	9.940348e+04	1.507002e+01	1.087825e+05	1.082768e+05	5.753947e+04	5.683433e+04	9.999000e+03	2.910557e+01	2022	8	5	18
	1135	433	103.750000	18.375000	9.954457e+04	8.953832e+00	1.087296e+05	1.082742e+05	5.750131e+04	5.689027e+04	9.999000e+03	2.135886e+01	2022	8	6	0
	1135	433	103.750000	18.375000	9.967647e+04	8.575684e+00	1.088342e+05	1.084056e+05	5.764751e+04	5.714655e+04	9.999000e+03	2.237022e+01	2022	8	6	6
	1132	431	103.000000	17.875000	9.976620e+04	6.713750e+00	1.087968e+05	1.084199e+05	5.758884e+04	5.719931e+04	9.999000e+03	2.259943e+01	2022	8	6	12
start	15	2022	8	2	18
	1080	435	90.000000	18.875000	9.913579e+04	1.517548e+01	1.087487e+05	1.082335e+05	5.754162e+04	5.693628e+04	3.042574e+02	4.598547e+01	2022	8	2	18
	1079	433	89.750000	18.375000	9.889670e+04	1.934263e+01	1.086004e+05	1.079064e+05	5.730995e+04	5.664883e+04	3.039970e+02	4.570815e+01	2022	8	3	0
	1077	435	89.250000	18.875000	9.896179e+04	1.499404e+01	1.088425e+05	1.080588e+05	5.737066e+04	5.675811e+04	3.043934e+02	3.287405e+01	2022	8	3	6
	1078	437	89.500000	19.375000	9.880677e+04	1.500012e+01	1.088470e+05	1.079938e+05	5.737436e+04	5.665775e+04	3.049949e+02	2.218277e+01	2022	8	3	12
	1070	442	87.500000	20.625000	9.903662e+04	1.299486e+01	1.089064e+05	1.081999e+05	5.759242e+04	5.683073e+04	9.999000e+03	2.892024e+01	2022	8	3	18
	1064	438	86.000000	19.625000	9.869688e+04	1.424732e+01	1.086957e+05	1.079841e+05	5.727530e+04	5.649601e+04	9.999000e+03	2.899579e+01	2022	8	4	0
	1063	439	85.750000	19.875000	9.870777e+04	1.563266e+01	1.088519e+05	1.081430e+05	5.743085e+04	5.668502e+04	9.999000e+03	2.321471e+01	2022	8	4	6
	1055	443	83.750000	20.875000	9.867058e+04	7.435287e+00	1.088956e+05	1.080562e+05	5.735287e+04	5.653841e+04	9.999000e+03	2.430647e+01	2022	8	4	12
	1051	442	82.750000	20.625000	9.901754e+04	6.852441e+00	1.089686e+05	1.081979e+05	5.752313e+04	5.671638e+04	9.999000e+03	3.662873e+01	2022	8	4	18
	1045	444	81.250000	21.125000	9.888857e+04	7.734176e+00	1.087735e+05	1.080826e+05	5.737250e+04	5.650400e+04	9.999000e+03	3.746257e+01	2022	8	5	0
	1039	438	79.750000	19.625000	9.890054e+04	1.147409e+01	1.087696e+05	1.082064e+05	5.731086e+04	5.660908e+04	9.999000e+03	4.012668e+01	2022	8	5	6
	1040	440	80.000000	20.125000	9.870718e+04	1.086214e+01	1.088673e+05	1.081930e+05	5.726747e+04	5.654753e+04	9.999000e+03	3.384409e+01	2022	8	5	12
	1040	443	80.000000	20.875000	9.912234e+04	8.786973e+00	1.090352e+05	1.084285e+05	5.754107e+04	5.680393e+04	9.999000e+03	2.712057e+01	2022	8	5	18
	1038	444	79.500000	21.125000	9.906595e+04	7.896707e+00	1.088475e+05	1.082793e+05	5.739054e+04	5.670423e+04	9.999000e+03	2.362031e+01	2022	8	6	0
	1032	444	78.000000	21.125000	9.940221e+04	9.144618e+00	1.090959e+05	1.085175e+05	5.758748e+04	5.701049e+04	9.999000e+03	2.613280e+01	2022	8	6	6
start	32	2022	8	4	0
	1257	416	134.250000	14.125000	1.002555e+05	7.866324e+00	1.084976e+05	1.082648e+05	5.775383e+04	5.726800e+04	3.042858e+02	2.888111e+01	2022	8	4	0
	1255	414	133.750000	13.625000	9.995095e+04	9.672284e+00	1.083706e+05	1.081683e+05	5.757014e+04	5.704337e+04	3.043829e+02	3.796463e+01	2022	8	4	6
	1253	416	133.250000	14.125000	1.000635e+05	1.058944e+01	1.085456e+05	1.083051e+05	5.775996e+04	5.717648e+04	3.043211e+02	3.663305e+01	2022	8	4	12
	1248	418	132.000000	14.625000	9.981964e+04	1.208509e+01	1.083436e+05	1.081520e+05	5.759559e+04	5.698390e+04	3.043774e+02	4.103356e+01	2022	8	4	18
	1245	416	131.250000	14.125000	9.988728e+04	1.239238e+01	1.084617e+05	1.082397e+05	5.769906e+04	5.705280e+04	3.043596e+02	4.977313e+01	2022	8	5	0
	1246	413	131.500000	13.375000	9.961092e+04	1.484529e+01	1.084351e+05	1.080860e+05	5.749759e+04	5.681549e+04	3.046776e+02	5.879894e+01	2022	8	5	6
	1240	419	130.000000	14.875000	9.972062e+04	1.408249e+01	1.086139e+05	1.081934e+05	5.768166e+04	5.691066e+04	3.043376e+02	5.666953e+01	2022	8	5	12
	1237	417	129.250000	14.375000	9.943607e+04	1.777279e+01	1.084376e+05	1.080233e+05	5.747213e+04	5.677529e+04	3.043396e+02	5.855592e+01	2022	8	5	18
	1240	424	130.000000	16.125000	9.954103e+04	1.710870e+01	1.086517e+05	1.081211e+05	5.769330e+04	5.691506e+04	3.041992e+02	5.641579e+01	2022	8	6	0
	1236	423	129.000000	15.875000	9.931074e+04	1.999248e+01	1.085550e+05	1.080972e+05	5.747929e+04	5.676952e+04	3.045043e+02	5.032537e+01	2022	8	6	6
	1237	432	129.250000	18.125000	9.942722e+04	1.672975e+01	1.087748e+05	1.082460e+05	5.777920e+04	5.696792e+04	3.041273e+02	4.835848e+01	2022	8	6	12
	1232	435	128.000000	18.875000	9.917605e+04	1.448165e+01	1.086413e+05	1.081468e+05	5.761739e+04	5.675893e+04	3.041014e+02	4.444369e+01	2022	8	6	18
	1229	436	127.250000	19.125000	9.920750e+04	1.710805e+01	1.087002e+05	1.082088e+05	5.773081e+04	5.687039e+04	3.042233e+02	4.613758e+01	2022	8	7	0
	1229	440	127.250000	20.125000	9.897541e+04	2.004906e+01	1.086916e+05	1.081392e+05	5.770175e+04	5.669184e+04	3.043347e+02	4.475610e+01	2022	8	7	6
	1221	445	125.250000	21.375000	9.898573e+04	1.495272e+01	1.087873e+05	1.081998e+05	5.772968e+04	5.673355e+04	3.041520e+02	4.561876e+01	2022	8	7	12
	1218	446	124.500000	21.625000	9.876546e+04	2.182356e+01	1.086491e+05	1.080464e+05	5.758965e+04	5.649882e+04	3.040817e+02	4.687637e+01	2022	8	7	18
	1215	449	123.750000	22.375000	9.875962e+04	2.311999e+01	1.087093e+05	1.080209e+05	5.767557e+04	5.650995e+04	3.040311e+02	4.401541e+01	2022	8	8	0
	1213	457	123.250000	24.375000	9.855777e+04	2.241080e+01	1.086856e+05	1.079233e+05	5.762850e+04	5.633475e+04	9.999000e+03	3.651233e+01	2022	8	8	6
	1213	459	123.250000	24.875000	9.858520e+04	2.190622e+01	1.087950e+05	1.081547e+05	5.776843e+04	5.639402e+04	9.999000e+03	3.626977e+01	2022	8	8	12
	1210	467	122.500000	26.875000	9.857409e+04	2.077931e+01	1.087134e+05	1.081393e+05	5.763777e+04	5.638643e+04	9.999000e+03	4.461187e+01	2022	8	8	18
	1207	472	121.750000	28.125000	9.859419e+04	1.996503e+01	1.087653e+05	1.079957e+05	5.756228e+04	5.644001e+04	9.999000e+03	4.407755e+01	2022	8	9	0
	1207	475	121.750000	28.875000	9.840168e+04	2.081281e+01	1.087487e+05	1.079316e+05	5.736122e+04	5.627978e+04	9.999000e+03	3.799597e+01	2022	8	9	6
	1210	481	122.500000	30.375000	9.844490e+04	1.918174e+01	1.087826e+05	1.077927e+05	5.749540e+04	5.629228e+04	9.999000e+03	3.274726e+01	2022	8	9	12
	1210	489	122.500000	32.375000	9.825387e+04	2.168484e+01	1.085824e+05	1.069787e+05	5.722473e+04	5.620389e+04	9.999000e+03	3.587249e+01	2022	8	9	18
	1214	495	123.500000	33.875000	9.816761e+04	2.088043e+01	1.085923e+05	1.067238e+05	5.725390e+04	5.602531e+04	3.011927e+02	3.405437e+01	2022	8	10	0
	1223	498	125.750000	34.625000	9.792936e+04	2.209387e+01	1.087181e+05	1.066768e+05	5.740162e+04	5.576525e+04	9.999000e+03	2.592109e+01	2022	8	10	6
	1226	508	126.500000	37.125000	9.793188e+04	1.921873e+01	1.086274e+05	1.060472e+05	5.721963e+04	5.569739e+04	9.999000e+03	2.822036e+01	2022	8	10	12
	1235	515	128.750000	38.875000	9.773454e+04	1.833551e+01	1.083685e+05	1.057696e+05	5.696657e+04	5.530438e+04	9.999000e+03	2.736322e+01	2022	8	10	18
	1239	517	129.750000	39.375000	9.769534e+04	2.012481e+01	1.083092e+05	1.056720e+05	5.699746e+04	5.511471e+04	9.999000e+03	2.143405e+01	2022	8	11	0
	1244	523	131.000000	40.875000	9.745076e+04	1.922529e+01	1.082381e+05	1.055228e+05	5.686532e+04	5.498241e+04	9.999000e+03	1.798289e+01	2022	8	11	6
	1250	525	132.500000	41.375000	9.777271e+04	2.026365e+01	1.082663e+05	1.054925e+05	5.711529e+04	5.500459e+04	9.999000e+03	9.635707e+00	2022	8	11	12
	1259	529	134.750000	42.375000	9.830387e+04	2.106841e+01	1.079998e+05	1.051869e+05	5.706440e+04	5.507856e+04	9.999000e+03	1.390781e+01	2022	8	11	18
start	15	2022	8	10	18
	1076	442	89.000000	20.625000	9.945787e+04	1.194770e+01	1.087591e+05	1.083932e+05	5.746348e+04	5.702876e+04	9.999000e+03	4.562519e+01	2022	8	10	18
	1074	442	88.500000	20.625000	9.923937e+04	1.376673e+01	1.085978e+05	1.081123e+05	5.728749e+04	5.679026e+04	9.999000e+03	3.610753e+01	2022	8	11	0
	1079	443	89.750000	20.875000	9.927772e+04	1.345566e+01	1.088164e+05	1.082487e+05	5.742985e+04	5.683496e+04	9.999000e+03	3.381762e+01	2022	8	11	6
	1077	450	89.250000	22.625000	9.903136e+04	1.575881e+01	1.087888e+05	1.081760e+05	5.731764e+04	5.669950e+04	9.999000e+03	2.805627e+01	2022	8	11	12
	1072	451	88.000000	22.875000	9.930021e+04	1.251158e+01	1.088581e+05	1.083290e+05	5.744786e+04	5.686584e+04	9.999000e+03	3.097255e+01	2022	8	11	18
	1072	451	88.000000	22.875000	9.916756e+04	1.200754e+01	1.087302e+05	1.081666e+05	5.736441e+04	5.671471e+04	9.999000e+03	2.714347e+01	2022	8	12	0
	1068	453	87.000000	23.375000	9.929402e+04	7.729554e+00	1.088988e+05	1.082939e+05	5.755240e+04	5.687106e+04	9.999000e+03	2.770462e+01	2022	8	12	6
	1061	458	85.250000	24.625000	9.914588e+04	7.635395e+00	1.089221e+05	1.082575e+05	5.743666e+04	5.676354e+04	9.999000e+03	1.722424e+01	2022	8	12	12
	1056	456	84.000000	24.125000	9.942649e+04	6.829509e+00	1.090196e+05	1.084447e+05	5.766695e+04	5.695755e+04	9.999000e+03	2.474475e+01	2022	8	12	18
	1049	456	82.250000	24.125000	9.933470e+04	6.218965e+00	1.088244e+05	1.083188e+05	5.752364e+04	5.683305e+04	9.999000e+03	2.889973e+01	2022	8	13	0
	1045	454	81.250000	23.625000	9.947268e+04	8.486011e+00	1.090877e+05	1.085340e+05	5.765301e+04	5.706018e+04	9.999000e+03	2.855105e+01	2022	8	13	6
	1042	451	80.500000	22.875000	9.931629e+04	8.603498e+00	1.089959e+05	1.084640e+05	5.747573e+04	5.692939e+04	9.999000e+03	2.103543e+01	2022	8	13	12
	1041	448	80.250000	22.125000	9.961202e+04	8.912009e+00	1.090241e+05	1.085312e+05	5.758933e+04	5.709234e+04	9.999000e+03	2.860200e+01	2022	8	13	18
	1046	447	81.500000	21.875000	9.941562e+04	1.096585e+01	1.089101e+05	1.083145e+05	5.742525e+04	5.691093e+04	9.999000e+03	2.457144e+01	2022	8	14	0
	1042	451	80.500000	22.875000	9.968424e+04	9.285968e+00	1.091802e+05	1.085561e+05	5.769871e+04	5.712891e+04	9.999000e+03	2.024180e+01	2022	8	14	6
start	37	2022	8	12	6
	1286	430	141.500000	17.625000	1.002439e+05	1.265073e+01	1.088478e+05	1.083485e+05	5.788018e+04	5.735181e+04	3.042687e+02	2.604988e+01	2022	8	12	6
	1278	432	139.500000	18.125000	1.003887e+05	8.936992e+00	1.089240e+05	1.085443e+05	5.797573e+04	5.754560e+04	3.040059e+02	2.551502e+01	2022	8	12	12
	1274	433	138.500000	18.375000	1.001620e+05	9.389921e+00	1.087442e+05	1.083285e+05	5.784590e+04	5.736400e+04	3.039654e+02	2.438122e+01	2022	8	12	18
	1276	438	139.000000	19.625000	1.003149e+05	9.980114e+00	1.089732e+05	1.085837e+05	5.805502e+04	5.752280e+04	3.040515e+02	2.118147e+01	2022	8	13	0
	1275	439	138.750000	19.875000	1.000663e+05	1.122669e+01	1.088572e+05	1.084635e+05	5.794561e+04	5.737944e+04	3.047282e+02	2.684787e+01	2022	8	13	6
	1271	440	137.750000	20.125000	1.002070e+05	1.023141e+01	1.090357e+05	1.085965e+05	5.807058e+04	5.749702e+04	3.041539e+02	2.471598e+01	2022	8	13	12
	1271	439	137.750000	19.875000	1.000152e+05	1.371227e+01	1.087565e+05	1.083932e+05	5.783554e+04	5.728338e+04	3.039631e+02	2.431017e+01	2022	8	13	18
	1265	445	136.250000	21.375000	1.000967e+05	1.150526e+01	1.089227e+05	1.085049e+05	5.798049e+04	5.741534e+04	3.038530e+02	2.295827e+01	2022	8	14	0
	1273	443	138.250000	20.875000	9.989955e+04	1.452728e+01	1.087798e+05	1.084421e+05	5.782310e+04	5.728827e+04	3.048802e+02	1.819182e+01	2022	8	14	6
	1271	445	137.750000	21.375000	1.000214e+05	1.360742e+01	1.089201e+05	1.086066e+05	5.794965e+04	5.742542e+04	3.044008e+02	2.136033e+01	2022	8	14	12
	1270	449	137.500000	22.375000	9.977455e+04	1.405613e+01	1.087192e+05	1.084260e+05	5.773947e+04	5.724907e+04	3.038957e+02	1.867676e+01	2022	8	14	18
	1267	450	136.750000	22.625000	9.987825e+04	1.313839e+01	1.087290e+05	1.084854e+05	5.778766e+04	5.729576e+04	3.039011e+02	1.483957e+01	2022	8	15	0
	1264	449	136.000000	22.375000	9.966496e+04	1.211145e+01	1.085594e+05	1.083643e+05	5.765725e+04	5.713204e+04	3.050905e+02	1.586091e+01	2022	8	15	6
	1258	446	134.500000	21.625000	9.977354e+04	1.273632e+01	1.087874e+05	1.085093e+05	5.776773e+04	5.722677e+04	3.044214e+02	2.025727e+01	2022	8	15	12
	1263	446	135.750000	21.625000	9.954965e+04	1.327917e+01	1.085128e+05	1.082111e+05	5.749788e+04	5.697568e+04	3.038988e+02	2.256919e+01	2022	8	15	18
	1263	446	135.750000	21.625000	9.957728e+04	1.366284e+01	1.084990e+05	1.082421e+05	5.755063e+04	5.702112e+04	3.038782e+02	2.328784e+01	2022	8	16	0
	1264	447	136.000000	21.875000	9.929184e+04	1.293816e+01	1.083499e+05	1.080892e+05	5.738080e+04	5.677634e+04	3.046918e+02	2.238996e+01	2022	8	16	6
	1264	445	136.000000	21.375000	9.935638e+04	1.546086e+01	1.084834e+05	1.081813e+05	5.755998e+04	5.685521e+04	3.041452e+02	2.648228e+01	2022	8	16	12
	1266	443	136.500000	20.875000	9.912959e+04	1.701340e+01	1.083303e+05	1.079646e+05	5.742204e+04	5.660104e+04	3.038621e+02	2.887214e+01	2022	8	16	18
	1268	447	137.000000	21.875000	9.920884e+04	1.931352e+01	1.084655e+05	1.080691e+05	5.755830e+04	5.676132e+04	3.039217e+02	2.414336e+01	2022	8	17	0
	1270	449	137.500000	22.375000	9.899592e+04	2.023328e+01	1.084054e+05	1.080556e+05	5.738950e+04	5.665115e+04	3.043990e+02	1.852054e+01	2022	8	17	6
	1273	449	138.250000	22.375000	9.913807e+04	1.908467e+01	1.086184e+05	1.081705e+05	5.764125e+04	5.683884e+04	3.038938e+02	1.894300e+01	2022	8	17	12
	1277	453	139.250000	23.375000	9.893579e+04	1.853448e+01	1.084982e+05	1.078860e+05	5.742368e+04	5.663960e+04	3.037381e+02	2.435100e+01	2022	8	17	18
	1280	455	140.000000	23.875000	9.903370e+04	1.795678e+01	1.086341e+05	1.080617e+05	5.758044e+04	5.668708e+04	3.036123e+02	2.280778e+01	2022	8	18	0
	1286	458	141.500000	24.625000	9.876275e+04	2.004936e+01	1.085343e+05	1.080123e+05	5.746823e+04	5.650986e+04	3.035308e+02	1.490261e+01	2022	8	18	6
	1291	461	142.750000	25.375000	9.889507e+04	2.044747e+01	1.087089e+05	1.080972e+05	5.769819e+04	5.664555e+04	3.032128e+02	1.660784e+01	2022	8	18	12
	1295	464	143.750000	26.125000	9.870083e+04	2.167793e+01	1.085655e+05	1.078102e+05	5.754695e+04	5.641788e+04	3.030616e+02	2.086543e+01	2022	8	18	18
	1298	467	144.500000	26.875000	9.880611e+04	2.035912e+01	1.086266e+05	1.078088e+05	5.764688e+04	5.646572e+04	3.025632e+02	1.458301e+01	2022	8	19	0
	1304	470	146.000000	27.625000	9.855982e+04	2.050198e+01	1.085745e+05	1.077360e+05	5.757064e+04	5.628932e+04	3.018484e+02	1.247764e+01	2022	8	19	6
	1309	473	147.250000	28.375000	9.869931e+04	2.095514e+01	1.087452e+05	1.076782e+05	5.773947e+04	5.638649e+04	3.014641e+02	2.082616e+01	2022	8	19	12
	1316	478	149.000000	29.625000	9.830153e+04	2.319381e+01	1.084886e+05	1.073005e+05	5.756111e+04	5.619021e+04	3.012975e+02	2.361891e+01	2022	8	19	18
	1323	483	150.750000	30.875000	9.827486e+04	2.306957e+01	1.085598e+05	1.069454e+05	5.769654e+04	5.634850e+04	3.010836e+02	1.898887e+01	2022	8	20	0
	1333	489	153.250000	32.375000	9.811149e+04	2.443763e+01	1.084254e+05	1.064492e+05	5.761707e+04	5.605188e+04	3.002175e+02	2.081237e+01	2022	8	20	6
	1342	496	155.500000	34.125000	9.800805e+04	2.432172e+01	1.084110e+05	1.056889e+05	5.765752e+04	5.585072e+04	2.987603e+02	2.311095e+01	2022	8	20	12
	1354	504	158.500000	36.125000	9.824436e+04	2.571815e+01	1.081903e+05	1.052368e+05	5.756828e+04	5.554735e+04	2.968171e+02	3.091373e+01	2022	8	20	18
	1367	513	161.750000	38.375000	9.849077e+04	2.509960e+01	1.082937e+05	1.050566e+05	5.762124e+04	5.545459e+04	2.958376e+02	3.105593e+01	2022	8	21	0
	1379	521	164.750000	40.375000	9.863147e+04	2.049630e+01	1.082782e+05	1.045565e+05	5.764114e+04	5.520434e+04	2.942913e+02	2.259474e+01	2022	8	21	6
start	23	2022	8	14	18
	184	410	-134.000000	12.625000	1.008726e+05	1.130698e+01	1.084556e+05	1.081911e+05	5.789948e+04	5.763877e+04	3.021124e+02	1.765533e+01	2022	8	14	18
	185	409	-133.750000	12.375000	1.005510e+05	1.215252e+01	1.082575e+05	1.080200e+05	5.769577e+04	5.732819e+04	3.025002e+02	1.778206e+01	2022	8	15	0
	185	410	-133.750000	12.625000	1.007164e+05	1.100140e+01	1.083422e+05	1.081214e+05	5.786879e+04	5.747264e+04	3.021509e+02	2.098339e+01	2022	8	15	6
	181	413	-134.750000	13.375000	1.004491e+05	1.362686e+01	1.081261e+05	1.078784e+05	5.765804e+04	5.723864e+04	3.020351e+02	2.049078e+01	2022	8	15	12
	177	411	-135.750000	12.875000	1.006318e+05	1.348029e+01	1.083282e+05	1.080810e+05	5.780570e+04	5.740584e+04	3.019196e+02	1.591111e+01	2022	8	15	18
	180	409	-135.000000	12.375000	1.003533e+05	1.437544e+01	1.082544e+05	1.079461e+05	5.766454e+04	5.731638e+04	3.027443e+02	2.179058e+01	2022	8	16	0
	181	410	-134.750000	12.625000	1.005648e+05	1.473357e+01	1.084456e+05	1.080660e+05	5.786988e+04	5.751993e+04	3.022611e+02	1.976172e+01	2022	8	16	6
	179	411	-135.250000	12.875000	1.003092e+05	1.501250e+01	1.081696e+05	1.078134e+05	5.765091e+04	5.731507e+04	3.020175e+02	1.844916e+01	2022	8	16	12
	175	409	-136.250000	12.375000	1.004827e+05	1.488972e+01	1.083159e+05	1.080236e+05	5.780516e+04	5.746392e+04	3.020035e+02	1.716331e+01	2022	8	16	18
	173	410	-136.750000	12.625000	1.002274e+05	1.602111e+01	1.081892e+05	1.078360e+05	5.763257e+04	5.722276e+04	3.027500e+02	1.770528e+01	2022	8	17	0
	172	408	-137.000000	12.125000	1.004519e+05	1.557505e+01	1.083242e+05	1.079814e+05	5.776329e+04	5.745912e+04	3.020522e+02	1.885906e+01	2022	8	17	6
	171	410	-137.250000	12.625000	1.001653e+05	1.504285e+01	1.080932e+05	1.078165e+05	5.762701e+04	5.716779e+04	3.019283e+02	1.606193e+01	2022	8	17	12
	167	408	-138.250000	12.125000	1.004168e+05	1.433957e+01	1.082151e+05	1.079053e+05	5.777141e+04	5.735947e+04	3.020140e+02	1.020320e+01	2022	8	17	18
	164	409	-139.000000	12.375000	1.001735e+05	1.566583e+01	1.081018e+05	1.077811e+05	5.762721e+04	5.717646e+04	3.020312e+02	1.340446e+01	2022	8	18	0
	162	409	-139.500000	12.375000	1.004470e+05	1.506548e+01	1.082663e+05	1.080014e+05	5.775570e+04	5.737443e+04	3.019544e+02	1.602052e+01	2022	8	18	6
	157	409	-140.750000	12.375000	1.002302e+05	1.612169e+01	1.080621e+05	1.077755e+05	5.757746e+04	5.716451e+04	3.019115e+02	1.548316e+01	2022	8	18	12
	156	409	-141.000000	12.375000	1.004314e+05	1.580207e+01	1.081823e+05	1.079489e+05	5.783202e+04	5.734453e+04	3.018993e+02	1.194138e+01	2022	8	18	18
	153	412	-141.750000	13.125000	1.002142e+05	1.478639e+01	1.081503e+05	1.078639e+05	5.763389e+04	5.720140e+04	3.016393e+02	8.783679e+00	2022	8	19	0
	152	413	-142.000000	13.375000	1.004585e+05	1.615494e+01	1.082701e+05	1.080498e+05	5.784824e+04	5.739819e+04	3.014024e+02	9.139097e+00	2022	8	19	6
	148	415	-143.000000	13.875000	1.002723e+05	1.839420e+01	1.080699e+05	1.078266e+05	5.762582e+04	5.727663e+04	3.010982e+02	1.352037e+01	2022	8	19	12
	144	415	-144.000000	13.875000	1.003742e+05	1.665490e+01	1.082286e+05	1.080024e+05	5.783024e+04	5.734295e+04	3.008659e+02	9.028681e+00	2022	8	19	18
	145	416	-143.750000	14.125000	1.002244e+05	1.578602e+01	1.080717e+05	1.078911e+05	5.769968e+04	5.734032e+04	3.010197e+02	4.693661e+00	2022	8	20	0
	143	417	-144.250000	14.375000	1.005097e+05	1.426394e+01	1.082251e+05	1.080990e+05	5.790454e+04	5.761800e+04	3.006746e+02	4.857379e+00	2022	8	20	6
start	29	2022	8	17	18
	304	423	-104.000000	15.875000	1.006596e+05	1.577542e+01	1.085408e+05	1.081466e+05	5.795085e+04	5.751798e+04	3.036641e+02	3.747654e+01	2022	8	17	18
	296	423	-106.000000	15.875000	1.002471e+05	1.818294e+01	1.082493e+05	1.080574e+05	5.773456e+04	5.726537e+04	3.035906e+02	3.650900e+01	2022	8	18	0
	295	421	-106.250000	15.375000	1.003168e+05	1.733165e+01	1.083930e+05	1.081387e+05	5.786009e+04	5.734539e+04	3.032843e+02	4.333562e+01	2022	8	18	6
	294	424	-106.500000	16.125000	9.996095e+04	1.663755e+01	1.081610e+05	1.078728e+05	5.765892e+04	5.701652e+04	3.032153e+02	3.643808e+01	2022	8	18	12
	290	425	-107.500000	16.375000	1.000304e+05	1.664011e+01	1.083016e+05	1.080486e+05	5.785220e+04	5.714626e+04	3.030435e+02	3.362358e+01	2022	8	18	18
	288	425	-108.000000	16.375000	9.971070e+04	1.882965e+01	1.082483e+05	1.078893e+05	5.765348e+04	5.686518e+04	3.028725e+02	3.506477e+01	2022	8	19	0
	285	427	-108.750000	16.875000	9.986452e+04	1.826055e+01	1.083747e+05	1.080617e+05	5.781896e+04	5.704455e+04	3.029677e+02	3.891090e+01	2022	8	19	6
	282	427	-109.500000	16.875000	9.951577e+04	1.857778e+01	1.081444e+05	1.077803e+05	5.759642e+04	5.671855e+04	3.029734e+02	3.477984e+01	2022	8	19	12
	281	429	-109.750000	17.375000	9.963438e+04	1.887428e+01	1.084061e+05	1.079325e+05	5.784158e+04	5.685143e+04	3.028364e+02	3.333627e+01	2022	8	19	18
	279	431	-110.250000	17.875000	9.930174e+04	1.863762e+01	1.084023e+05	1.077936e+05	5.768645e+04	5.660284e+04	3.027325e+02	3.059495e+01	2022	8	20	0
	278	432	-110.500000	18.125000	9.945030e+04	1.877934e+01	1.085363e+05	1.079982e+05	5.787141e+04	5.679006e+04	3.025384e+02	3.864615e+01	2022	8	20	6
	275	435	-111.250000	18.875000	9.915066e+04	1.904444e+01	1.083590e+05	1.077692e+05	5.771620e+04	5.655378e+04	3.023781e+02	3.119652e+01	2022	8	20	12
	273	436	-111.750000	19.125000	9.925788e+04	2.167846e+01	1.084926e+05	1.079036e+05	5.785241e+04	5.664756e+04	3.021788e+02	2.125730e+01	2022	8	20	18
	270	438	-112.500000	19.625000	9.897901e+04	1.990176e+01	1.084168e+05	1.077119e+05	5.771041e+04	5.642829e+04	3.018412e+02	1.314914e+01	2022	8	21	0
	269	440	-112.750000	20.125000	9.916198e+04	2.092740e+01	1.085097e+05	1.077733e+05	5.787671e+04	5.652007e+04	3.014774e+02	1.187756e+01	2022	8	21	6
	266	441	-113.500000	20.375000	9.893170e+04	1.902617e+01	1.082915e+05	1.076611e+05	5.771318e+04	5.636618e+04	3.008445e+02	9.585502e+00	2022	8	21	12
	265	442	-113.750000	20.625000	9.926355e+04	1.911806e+01	1.084862e+05	1.079585e+05	5.790281e+04	5.666568e+04	3.005857e+02	7.529033e+00	2022	8	21	18
	263	444	-114.250000	21.125000	9.915185e+04	1.766513e+01	1.084737e+05	1.079108e+05	5.774984e+04	5.660166e+04	3.001995e+02	3.752848e+00	2022	8	22	0
	261	444	-114.750000	21.125000	9.955798e+04	1.668756e+01	1.084773e+05	1.081242e+05	5.790625e+04	5.690905e+04	3.004016e+02	6.141679e+00	2022	8	22	6
	258	447	-115.500000	21.875000	9.943388e+04	1.678942e+01	1.082642e+05	1.078998e+05	5.772925e+04	5.680955e+04	2.999142e+02	4.254292e+00	2022	8	22	12
	257	448	-115.750000	22.125000	9.975675e+04	1.493678e+01	1.085446e+05	1.081384e+05	5.793252e+04	5.711964e+04	2.996531e+02	5.501180e+00	2022	8	22	18
	255	450	-116.250000	22.625000	9.960961e+04	1.509826e+01	1.084787e+05	1.080722e+05	5.780420e+04	5.702042e+04	2.992968e+02	4.655248e+00	2022	8	23	0
	253	451	-116.750000	22.875000	9.993425e+04	1.453014e+01	1.085185e+05	1.081458e+05	5.790948e+04	5.726543e+04	2.992559e+02	5.019207e+00	2022	8	23	6
	250	452	-117.500000	23.125000	9.979030e+04	1.572049e+01	1.082395e+05	1.079396e+05	5.773212e+04	5.709485e+04	2.990197e+02	2.948940e+00	2022	8	23	12
	248	451	-118.000000	22.875000	1.001251e+05	1.403398e+01	1.084970e+05	1.081490e+05	5.790561e+04	5.738759e+04	2.993737e+02	2.166838e+00	2022	8	23	18
	246	451	-118.500000	22.875000	9.996813e+04	1.500103e+01	1.083897e+05	1.081073e+05	5.777627e+04	5.728655e+04	2.993859e+02	1.054971e+00	2022	8	24	0
	245	450	-118.750000	22.625000	1.002868e+05	1.372925e+01	1.084726e+05	1.082430e+05	5.791702e+04	5.750118e+04	2.995162e+02	2.069659e+00	2022	8	24	6
	243	450	-119.250000	22.625000	1.001156e+05	1.274944e+01	1.081730e+05	1.079461e+05	5.774986e+04	5.728302e+04	2.994031e+02	1.493131e+00	2022	8	24	12
	241	449	-119.750000	22.375000	1.003755e+05	1.351675e+01	1.083807e+05	1.081068e+05	5.792429e+04	5.751967e+04	2.995504e+02	1.506079e+00	2022	8	24	18
start	11	2022	8	28	6
	290	438	-107.500000	19.625000	1.003287e+05	1.365333e+01	1.083239e+05	1.080830e+05	5.770099e+04	5.718684e+04	9.999000e+03	1.819523e+01	2022	8	28	6
	288	440	-108.000000	20.125000	1.000261e+05	1.430801e+01	1.081063e+05	1.077487e+05	5.750902e+04	5.695734e+04	3.035426e+02	1.619350e+01	2022	8	28	12
	286	443	-108.500000	20.875000	1.001218e+05	1.460730e+01	1.082925e+05	1.079353e+05	5.763343e+04	5.714357e+04	3.037504e+02	1.946305e+01	2022	8	28	18
	286	445	-108.500000	21.375000	9.981112e+04	1.493562e+01	1.081798e+05	1.077549e+05	5.749546e+04	5.693302e+04	3.040435e+02	2.054335e+01	2022	8	29	0
	285	449	-108.750000	22.375000	1.000581e+05	1.538634e+01	1.082672e+05	1.079805e+05	5.767964e+04	5.719085e+04	9.999000e+03	2.330928e+01	2022	8	29	6
	283	453	-109.250000	23.375000	9.981029e+04	1.752499e+01	1.080907e+05	1.077609e+05	5.754683e+04	5.693868e+04	9.999000e+03	1.708013e+01	2022	8	29	12
	280	458	-110.000000	24.625000	1.000091e+05	1.832923e+01	1.083158e+05	1.079464e+05	5.779388e+04	5.703909e+04	9.999000e+03	1.382096e+01	2022	8	29	18
	278	460	-110.500000	25.125000	9.991755e+04	1.635511e+01	1.082859e+05	1.079154e+05	5.771373e+04	5.676835e+04	9.999000e+03	1.084482e+01	2022	8	30	0
	273	461	-111.750000	25.375000	1.003172e+05	1.707631e+01	1.083495e+05	1.080650e+05	5.794015e+04	5.713671e+04	9.999000e+03	8.931376e+00	2022	8	30	6
	268	466	-113.000000	26.625000	1.003011e+05	1.610685e+01	1.081725e+05	1.078454e+05	5.796953e+04	5.720799e+04	9.999000e+03	4.777223e+00	2022	8	30	12
	267	467	-113.250000	26.875000	1.005829e+05	1.421287e+01	1.084414e+05	1.081085e+05	5.822057e+04	5.758070e+04	9.999000e+03	4.024705e+00	2022	8	30	18
start	10	2022	8	28	18
	1214	449	123.500000	22.375000	1.001917e+05	1.760626e+01	1.086455e+05	1.081239e+05	5.781368e+04	5.735732e+04	3.040556e+02	2.586257e+01	2022	8	28	18
	1217	450	124.250000	22.625000	1.002921e+05	1.760351e+01	1.087885e+05	1.081537e+05	5.798421e+04	5.738917e+04	3.039415e+02	2.139852e+01	2022	8	29	0
	1222	453	125.500000	23.375000	1.000465e+05	1.761111e+01	1.086413e+05	1.080091e+05	5.779640e+04	5.724170e+04	3.038776e+02	1.830457e+01	2022	8	29	6
	1226	453	126.500000	23.375000	1.001285e+05	1.682731e+01	1.087912e+05	1.081681e+05	5.787211e+04	5.732255e+04	3.035775e+02	2.230264e+01	2022	8	29	12
	1231	456	127.750000	24.125000	9.991017e+04	1.726662e+01	1.085434e+05	1.078506e+05	5.772057e+04	5.714899e+04	3.035263e+02	2.136641e+01	2022	8	29	18
	1235	458	128.750000	24.625000	9.992458e+04	1.743678e+01	1.085680e+05	1.077654e+05	5.775169e+04	5.719280e+04	3.035067e+02	1.653844e+01	2022	8	30	0
	1239	457	129.750000	24.375000	9.963511e+04	1.664923e+01	1.084946e+05	1.078823e+05	5.758814e+04	5.706937e+04	3.037358e+02	1.688095e+01	2022	8	30	6
	1241	458	130.250000	24.625000	9.973864e+04	1.504932e+01	1.085370e+05	1.078065e+05	5.768282e+04	5.713232e+04	3.034711e+02	1.629943e+01	2022	8	30	12
	1243	462	130.750000	25.625000	9.958474e+04	1.313945e+01	1.083285e+05	1.071519e+05	5.739799e+04	5.688607e+04	3.034014e+02	1.911897e+01	2022	8	30	18
	1247	462	131.750000	25.625000	9.959059e+04	1.356850e+01	1.083671e+05	1.073164e+05	5.754158e+04	5.690132e+04	3.033477e+02	1.681498e+01	2022	8	31	0
start	39	2022	8	31	18
	329	400	-97.750000	10.125000	1.010510e+05	1.223918e+01	1.081548e+05	1.080416e+05	5.795538e+04	5.765409e+04	3.015129e+02	2.225271e+01	2022	8	31	18
	325	402	-98.750000	10.625000	1.008216e+05	1.318698e+01	1.080841e+05	1.079339e+05	5.780792e+04	5.746543e+04	3.015925e+02	2.370570e+01	2022	9	1	0
	319	404	-100.250000	11.125000	1.010463e+05	1.310348e+01	1.082317e+05	1.081059e+05	5.797171e+04	5.762530e+04	3.017227e+02	2.670111e+01	2022	9	1	6
	315	405	-101.250000	11.375000	1.008131e+05	1.199444e+01	1.080672e+05	1.078395e+05	5.782047e+04	5.739989e+04	3.016881e+02	2.654655e+01	2022	9	1	12
	309	409	-102.750000	12.375000	1.009409e+05	1.322360e+01	1.082860e+05	1.080659e+05	5.803471e+04	5.760998e+04	3.021182e+02	1.836862e+01	2022	9	1	18
	307	408	-103.250000	12.125000	1.005985e+05	1.196147e+01	1.080865e+05	1.078655e+05	5.776248e+04	5.738430e+04	3.020545e+02	2.185717e+01	2022	9	2	0
	305	409	-103.750000	12.375000	1.008071e+05	1.141527e+01	1.082776e+05	1.080748e+05	5.794097e+04	5.757204e+04	3.020242e+02	3.163891e+01	2022	9	2	6
	302	409	-104.500000	12.375000	1.004975e+05	1.299600e+01	1.079899e+05	1.078077e+05	5.768188e+04	5.727345e+04	3.020284e+02	2.955760e+01	2022	9	2	12
	302	412	-104.500000	13.125000	1.006760e+05	1.283500e+01	1.081916e+05	1.080059e+05	5.791888e+04	5.742135e+04	3.021177e+02	1.654667e+01	2022	9	2	18
	300	415	-105.000000	13.875000	1.002945e+05	1.388031e+01	1.080521e+05	1.077736e+05	5.769852e+04	5.710979e+04	3.021511e+02	1.759769e+01	2022	9	3	0
	298	416	-105.500000	14.125000	1.004655e+05	1.352007e+01	1.081544e+05	1.079279e+05	5.786723e+04	5.719810e+04	3.021023e+02	2.787134e+01	2022	9	3	6
	297	416	-105.750000	14.125000	1.000330e+05	1.549520e+01	1.079325e+05	1.076350e+05	5.763309e+04	5.683422e+04	3.020696e+02	3.055668e+01	2022	9	3	12
	294	417	-106.500000	14.375000	1.001042e+05	1.719641e+01	1.081613e+05	1.078292e+05	5.786804e+04	5.695987e+04	3.020869e+02	2.218777e+01	2022	9	3	18
	291	419	-107.250000	14.875000	9.965719e+04	1.789759e+01	1.080011e+05	1.075269e+05	5.769409e+04	5.658760e+04	3.021001e+02	1.789423e+01	2022	9	4	0
	289	419	-107.750000	14.875000	9.978809e+04	1.986748e+01	1.081902e+05	1.077838e+05	5.788063e+04	5.681280e+04	3.020088e+02	3.019113e+01	2022	9	4	6
	285	421	-108.750000	15.375000	9.943026e+04	1.909707e+01	1.079708e+05	1.074749e+05	5.769294e+04	5.656232e+04	3.019392e+02	2.753895e+01	2022	9	4	12
	282	422	-109.500000	15.625000	9.958486e+04	2.071475e+01	1.081826e+05	1.076428e+05	5.789964e+04	5.672312e+04	3.019813e+02	1.999873e+01	2022	9	4	18
	278	423	-110.500000	15.875000	9.922098e+04	2.172507e+01	1.080854e+05	1.074300e+05	5.776401e+04	5.644669e+04	3.021023e+02	1.653537e+01	2022	9	5	0
	275	424	-111.250000	16.125000	9.939964e+04	2.311367e+01	1.082428e+05	1.076207e+05	5.792309e+04	5.662627e+04	3.021709e+02	2.405597e+01	2022	9	5	6
	272	425	-112.000000	16.375000	9.908416e+04	2.347685e+01	1.079665e+05	1.074016e+05	5.774838e+04	5.639924e+04	3.021915e+02	2.343385e+01	2022	9	5	12
	269	426	-112.750000	16.625000	9.908434e+04	2.508870e+01	1.082023e+05	1.076285e+05	5.787618e+04	5.642586e+04	3.021155e+02	2.014775e+01	2022	9	5	18
	267	426	-113.250000	16.625000	9.875795e+04	2.505942e+01	1.080109e+05	1.074213e+05	5.768561e+04	5.615423e+04	3.020506e+02	1.814202e+01	2022	9	6	0
	265	429	-113.750000	17.375000	9.885934e+04	2.529772e+01	1.082063e+05	1.076437e+05	5.788173e+04	5.632604e+04	3.018022e+02	2.236517e+01	2022	9	6	6
	265	432	-113.750000	18.125000	9.856570e+04	2.497915e+01	1.080108e+05	1.073499e+05	5.768130e+04	5.614053e+04	3.013304e+02	2.164429e+01	2022	9	6	12
	264	435	-114.000000	18.875000	9.871598e+04	2.527858e+01	1.082395e+05	1.074909e+05	5.788630e+04	5.635795e+04	3.012258e+02	1.939780e+01	2022	9	6	18
	262	437	-114.500000	19.375000	9.827965e+04	2.468266e+01	1.080788e+05	1.073557e+05	5.767035e+04	5.599230e+04	3.014982e+02	1.106884e+01	2022	9	7	0
	262	439	-114.500000	19.875000	9.875757e+04	2.347160e+01	1.082463e+05	1.076734e+05	5.789927e+04	5.640784e+04	3.013119e+02	1.330568e+01	2022	9	7	6
	262	441	-114.500000	20.375000	9.862570e+04	2.342481e+01	1.080800e+05	1.076025e+05	5.771505e+04	5.631481e+04	3.003659e+02	1.341499e+01	2022	9	7	12
	262	443	-114.500000	20.875000	9.903498e+04	2.283707e+01	1.083054e+05	1.078863e+05	5.796001e+04	5.656833e+04	3.000109e+02	9.609900e+00	2022	9	7	18
	262	443	-114.500000	20.875000	9.885420e+04	2.262628e+01	1.081159e+05	1.077538e+05	5.781706e+04	5.655222e+04	2.999042e+02	7.327567e+00	2022	9	8	0
	262	444	-114.500000	21.125000	9.928677e+04	2.077811e+01	1.083527e+05	1.079103e+05	5.795377e+04	5.689762e+04	3.002931e+02	8.411337e+00	2022	9	8	6
	261	444	-114.750000	21.125000	9.926165e+04	2.086612e+01	1.080573e+05	1.076273e+05	5.779671e+04	5.667777e+04	2.998031e+02	1.131899e+01	2022	9	8	12
	259	445	-115.250000	21.375000	9.936655e+04	2.255521e+01	1.083011e+05	1.077690e+05	5.793665e+04	5.678565e+04	2.999522e+02	1.026136e+01	2022	9	8	18
	258	445	-115.500000	21.375000	9.909455e+04	2.299656e+01	1.081284e+05	1.075938e+05	5.779030e+04	5.659847e+04	3.001670e+02	6.201161e+00	2022	9	9	0
	256	444	-116.000000	21.125000	9.959241e+04	2.021974e+01	1.083271e+05	1.077014e+05	5.793570e+04	5.698801e+04	3.004467e+02	4.802894e+00	2022	9	9	6
	254	443	-116.500000	20.875000	9.962656e+04	1.937712e+01	1.079985e+05	1.074481e+05	5.772769e+04	5.698573e+04	3.011144e+02	4.775692e+00	2022	9	9	12
	254	443	-116.500000	20.875000	9.993650e+04	1.718683e+01	1.082564e+05	1.075711e+05	5.788718e+04	5.729481e+04	3.010537e+02	6.810065e+00	2022	9	9	18
	253	444	-116.750000	21.125000	9.977146e+04	1.848038e+01	1.080457e+05	1.074131e+05	5.772316e+04	5.709950e+04	3.005736e+02	7.818919e+00	2022	9	10	0
	251	445	-117.250000	21.375000	1.000392e+05	1.811976e+01	1.082221e+05	1.075286e+05	5.785699e+04	5.723177e+04	3.005833e+02	7.178537e+00	2022	9	10	6
start	11	2022	9	5	18
	407	456	-78.250000	24.125000	1.010465e+05	1.317054e+01	1.080750e+05	1.076272e+05	5.803470e+04	5.749925e+04	9.999000e+03	1.657974e+01	2022	9	5	18
	404	458	-79.000000	24.625000	1.007911e+05	1.396757e+01	1.080791e+05	1.075683e+05	5.800504e+04	5.734594e+04	9.999000e+03	1.087320e+01	2022	9	6	0
	402	461	-79.500000	25.375000	1.005914e+05	1.561766e+01	1.081473e+05	1.076288e+05	5.799423e+04	5.725381e+04	9.999000e+03	1.492216e+01	2022	9	6	6
	400	465	-80.000000	26.375000	1.005070e+05	1.785977e+01	1.081549e+05	1.073978e+05	5.804206e+04	5.704844e+04	9.999000e+03	1.785252e+01	2022	9	6	12
	400	469	-80.000000	27.375000	1.005212e+05	1.644320e+01	1.081306e+05	1.074722e+05	5.805134e+04	5.717559e+04	9.999000e+03	1.516350e+01	2022	9	6	18
	399	472	-80.250000	28.125000	1.003679e+05	1.605141e+01	1.081383e+05	1.072990e+05	5.797255e+04	5.719156e+04	9.999000e+03	1.316478e+01	2022	9	7	0
	398	476	-80.500000	29.125000	1.004101e+05	1.808736e+01	1.081298e+05	1.072022e+05	5.795528e+04	5.733135e+04	9.999000e+03	1.388205e+01	2022	9	7	6
	400	480	-80.000000	30.125000	1.005026e+05	1.805003e+01	1.081424e+05	1.070868e+05	5.802200e+04	5.740216e+04	9.999000e+03	1.722382e+01	2022	9	7	12
	400	484	-80.000000	31.125000	1.005882e+05	1.617138e+01	1.081624e+05	1.071786e+05	5.804204e+04	5.745907e+04	9.999000e+03	1.064311e+01	2022	9	7	18
	403	489	-79.250000	32.375000	1.004543e+05	1.635362e+01	1.081437e+05	1.070477e+05	5.800580e+04	5.723255e+04	9.999000e+03	1.148083e+01	2022	9	8	0
	407	495	-78.250000	33.875000	1.004986e+05	1.697663e+01	1.080897e+05	1.067404e+05	5.799706e+04	5.698522e+04	9.999000e+03	1.642436e+01	2022	9	8	6
start	50	2022	9	14	18
	1240	408	130.000000	12.125000	1.004733e+05	9.777055e+00	1.082373e+05	1.081076e+05	5.770289e+04	5.731669e+04	3.031822e+02	2.916496e+01	2022	9	14	18
	1239	410	129.750000	12.625000	1.006535e+05	9.650930e+00	1.084307e+05	1.082862e+05	5.791591e+04	5.741660e+04	3.031219e+02	2.698553e+01	2022	9	15	0
	1238	411	129.500000	12.875000	1.003822e+05	1.131753e+01	1.083272e+05	1.081646e+05	5.775453e+04	5.719293e+04	3.032628e+02	2.655925e+01	2022	9	15	6
	1237	413	129.250000	13.375000	1.005100e+05	1.214166e+01	1.085011e+05	1.083084e+05	5.791727e+04	5.743235e+04	3.031837e+02	2.172007e+01	2022	9	15	12
	1236	411	129.000000	12.875000	1.002941e+05	1.146916e+01	1.082925e+05	1.081316e+05	5.771091e+04	5.728850e+04	3.031913e+02	2.600554e+01	2022	9	15	18
	1234	417	128.500000	14.375000	1.004065e+05	1.227789e+01	1.084741e+05	1.083396e+05	5.793850e+04	5.746977e+04	3.031012e+02	3.019327e+01	2022	9	16	0
	1233	416	128.250000	14.125000	1.000705e+05	1.289309e+01	1.083594e+05	1.081634e+05	5.773474e+04	5.717893e+04	3.034336e+02	2.715030e+01	2022	9	16	6
	1232	417	128.000000	14.375000	1.002252e+05	1.372888e+01	1.085715e+05	1.083393e+05	5.788579e+04	5.729460e+04	3.031378e+02	2.851841e+01	2022	9	16	12
	1231	416	127.750000	14.125000	9.993094e+04	1.499286e+01	1.083286e+05	1.080944e+05	5.771063e+04	5.709411e+04	3.032237e+02	3.467363e+01	2022	9	16	18
	1231	416	127.750000	14.125000	1.000332e+05	1.683208e+01	1.084794e+05	1.082370e+05	5.782971e+04	5.723303e+04	3.031739e+02	3.433600e+01	2022	9	17	0
	1228	415	127.000000	13.875000	9.962531e+04	1.847040e+01	1.083105e+05	1.079100e+05	5.764358e+04	5.687363e+04	3.033779e+02	3.365859e+01	2022	9	17	6
	1228	415	127.000000	13.875000	9.969244e+04	1.843739e+01	1.084392e+05	1.081071e+05	5.777546e+04	5.703345e+04	3.033261e+02	4.056247e+01	2022	9	17	12
	1226	416	126.500000	14.125000	9.944237e+04	2.134727e+01	1.083096e+05	1.078839e+05	5.765076e+04	5.687426e+04	9.999000e+03	3.872528e+01	2022	9	17	18
	1227	420	126.750000	15.125000	9.963977e+04	2.105728e+01	1.083675e+05	1.079647e+05	5.776846e+04	5.711560e+04	3.032110e+02	2.661891e+01	2022	9	18	0
	1225	420	126.250000	15.125000	9.939012e+04	2.013064e+01	1.082581e+05	1.078963e+05	5.762632e+04	5.698321e+04	3.033196e+02	2.699093e+01	2022	9	18	6
	1227	421	126.750000	15.375000	9.954177e+04	1.943358e+01	1.083407e+05	1.080840e+05	5.772039e+04	5.716467e+04	3.032066e+02	2.848602e+01	2022	9	18	12
	1225	420	126.250000	15.125000	9.920775e+04	2.333567e+01	1.081512e+05	1.078528e+05	5.751813e+04	5.682392e+04	3.032135e+02	3.323070e+01	2022	9	18	18
	1224	424	126.000000	16.125000	9.935170e+04	2.055622e+01	1.083319e+05	1.080393e+05	5.766237e+04	5.695439e+04	3.033522e+02	3.172696e+01	2022	9	19	0
	1224	422	126.000000	15.625000	9.901187e+04	2.351354e+01	1.081242e+05	1.076851e+05	5.751716e+04	5.661938e+04	3.032983e+02	3.310907e+01	2022	9	19	6
	1224	424	126.000000	16.125000	9.914288e+04	2.007825e+01	1.083260e+05	1.078295e+05	5.774446e+04	5.677821e+04	3.032592e+02	3.281397e+01	2022	9	19	12
	1222	424	125.500000	16.125000	9.897920e+04	1.919154e+01	1.081545e+05	1.077805e+05	5.749964e+04	5.654132e+04	3.032427e+02	3.652182e+01	2022	9	19	18
	1220	426	125.000000	16.625000	9.902491e+04	1.991821e+01	1.083241e+05	1.077652e+05	5.767114e+04	5.649959e+04	3.034327e+02	3.710537e+01	2022	9	20	0
	1218	427	124.500000	16.875000	9.863271e+04	1.934864e+01	1.081686e+05	1.076062e+05	5.752846e+04	5.616063e+04	9.999000e+03	3.404958e+01	2022	9	20	6
	1215	428	123.750000	17.125000	9.862899e+04	2.020318e+01	1.084204e+05	1.076753e+05	5.769453e+04	5.611148e+04	9.999000e+03	3.833458e+01	2022	9	20	12
	1211	430	122.750000	17.625000	9.856293e+04	2.131530e+01	1.083285e+05	1.075262e+05	5.759090e+04	5.607591e+04	9.999000e+03	3.473693e+01	2022	9	20	18
	1208	432	122.000000	18.125000	9.908329e+04	2.081058e+01	1.084688e+05	1.078380e+05	5.776638e+04	5.645872e+04	9.999000e+03	3.715396e+01	2022	9	21	0
	1203	433	120.750000	18.375000	9.895783e+04	2.121053e+01	1.083421e+05	1.077201e+05	5.757956e+04	5.632929e+04	9.999000e+03	3.950407e+01	2022	9	21	6
	1200	432	120.000000	18.125000	9.906270e+04	1.916846e+01	1.085593e+05	1.078517e+05	5.767904e+04	5.636877e+04	9.999000e+03	3.527298e+01	2022	9	21	12
	1197	433	119.250000	18.375000	9.876345e+04	1.916743e+01	1.084140e+05	1.075721e+05	5.762071e+04	5.611224e+04	9.999000e+03	3.682901e+01	2022	9	21	18
	1196	432	119.000000	18.125000	9.892408e+04	1.806171e+01	1.085971e+05	1.078196e+05	5.764707e+04	5.626924e+04	9.999000e+03	3.814375e+01	2022	9	22	0
	1195	433	118.750000	18.375000	9.874878e+04	1.976467e+01	1.085365e+05	1.078462e+05	5.748490e+04	5.626189e+04	9.999000e+03	3.594420e+01	2022	9	22	6
	1194	434	118.500000	18.625000	9.876393e+04	1.864551e+01	1.086259e+05	1.079318e+05	5.764151e+04	5.633254e+04	9.999000e+03	3.339046e+01	2022	9	22	12
	1192	436	118.000000	19.125000	9.865246e+04	1.956045e+01	1.085111e+05	1.078883e+05	5.753673e+04	5.625295e+04	3.028224e+02	3.438986e+01	2022	9	22	18
	1190	437	117.500000	19.375000	9.866265e+04	1.894504e+01	1.085987e+05	1.080145e+05	5.766700e+04	5.637856e+04	3.027247e+02	3.460494e+01	2022	9	23	0
	1189	440	117.250000	20.125000	9.844184e+04	2.076449e+01	1.084858e+05	1.079646e+05	5.751981e+04	5.619838e+04	3.027727e+02	2.914215e+01	2022	9	23	6
	1186	441	116.500000	20.375000	9.847233e+04	2.233184e+01	1.086266e+05	1.079789e+05	5.760415e+04	5.624014e+04	3.026835e+02	2.390504e+01	2022	9	23	12
	1183	443	115.750000	20.875000	9.829195e+04	2.339929e+01	1.084677e+05	1.079048e+05	5.753993e+04	5.613059e+04	9.999000e+03	2.807809e+01	2022	9	23	18
	1181	444	115.250000	21.125000	9.824395e+04	2.238736e+01	1.085681e+05	1.078530e+05	5.764849e+04	5.611467e+04	9.999000e+03	2.657349e+01	2022	9	24	0
	1179	444	114.750000	21.125000	9.803254e+04	2.458949e+01	1.084922e+05	1.075999e+05	5.754229e+04	5.591499e+04	9.999000e+03	2.626353e+01	2022	9	24	6
	1176	445	114.000000	21.375000	9.810562e+04	2.418573e+01	1.085351e+05	1.077393e+05	5.763402e+04	5.607314e+04	9.999000e+03	3.015219e+01	2022	9	24	12
	1172	446	113.000000	21.625000	9.813662e+04	2.544122e+01	1.084529e+05	1.077606e+05	5.755578e+04	5.609514e+04	9.999000e+03	2.991750e+01	2022	9	24	18
	1169	446	112.250000	21.625000	9.830486e+04	2.280011e+01	1.084330e+05	1.077324e+05	5.760496e+04	5.613210e+04	9.999000e+03	2.575625e+01	2022	9	25	0
	1165	446	111.250000	21.625000	9.852049e+04	1.917212e+01	1.084380e+05	1.078284e+05	5.755642e+04	5.625447e+04	9.999000e+03	2.344190e+01	2022	9	25	6
	1162	446	110.500000	21.625000	9.883299e+04	1.709022e+01	1.085543e+05	1.080452e+05	5.766404e+04	5.650954e+04	9.999000e+03	2.311590e+01	2022	9	25	12
	1158	446	109.500000	21.625000	9.909574e+04	1.772704e+01	1.085539e+05	1.081688e+05	5.765223e+04	5.671134e+04	9.999000e+03	3.181995e+01	2022	9	25	18
	1155	446	108.750000	21.625000	9.920655e+04	1.896976e+01	1.085986e+05	1.082145e+05	5.770574e+04	5.679375e+04	9.999000e+03	2.692415e+01	2022	9	26	0
	1151	445	107.750000	21.375000	9.938357e+04	1.621900e+01	1.085443e+05	1.082474e+05	5.768549e+04	5.685021e+04	9.999000e+03	2.241336e+01	2022	9	26	6
	1148	445	107.000000	21.375000	9.971332e+04	1.511171e+01	1.087056e+05	1.084107e+05	5.778761e+04	5.700148e+04	9.999000e+03	2.348479e+01	2022	9	26	12
	1144	446	106.000000	21.625000	1.000278e+05	1.131295e+01	1.086746e+05	1.083506e+05	5.775734e+04	5.717789e+04	9.999000e+03	3.131521e+01	2022	9	26	18
	1140	448	105.000000	22.125000	1.003937e+05	5.699018e+00	1.087005e+05	1.083430e+05	5.781865e+04	5.731330e+04	9.999000e+03	1.919386e+01	2022	9	27	0
start	24	2022	9	15	0
	1176	405	114.000000	11.375000	1.004855e+05	1.040687e+01	1.083469e+05	1.081719e+05	5.775327e+04	5.746255e+04	3.027927e+02	3.568027e+01	2022	9	15	0
	1178	409	114.500000	12.375000	1.003127e+05	1.028763e+01	1.083301e+05	1.081202e+05	5.770627e+04	5.733736e+04	3.036891e+02	3.309195e+01	2022	9	15	6
	1178	405	114.500000	11.375000	1.003839e+05	1.321769e+01	1.084587e+05	1.082097e+05	5.774676e+04	5.741379e+04	3.034663e+02	3.626580e+01	2022	9	15	12
	1178	408	114.500000	12.125000	1.002511e+05	1.222260e+01	1.083566e+05	1.080947e+05	5.770851e+04	5.726770e+04	3.028496e+02	3.478680e+01	2022	9	15	18
	1174	409	113.500000	12.375000	1.002540e+05	1.102727e+01	1.084093e+05	1.080840e+05	5.774847e+04	5.727509e+04	3.026953e+02	3.360917e+01	2022	9	16	0
	1172	412	113.000000	13.125000	1.000948e+05	1.123562e+01	1.083943e+05	1.080752e+05	5.767584e+04	5.714416e+04	3.029087e+02	3.088236e+01	2022	9	16	6
	1170	411	112.500000	12.875000	1.001325e+05	1.123344e+01	1.084979e+05	1.081405e+05	5.776165e+04	5.724768e+04	3.025735e+02	3.697470e+01	2022	9	16	12
	1170	412	112.500000	13.125000	1.000072e+05	1.268386e+01	1.084372e+05	1.080840e+05	5.767562e+04	5.715925e+04	3.025329e+02	4.176515e+01	2022	9	16	18
	1167	414	111.750000	13.625000	9.996712e+04	1.473967e+01	1.084378e+05	1.079930e+05	5.775765e+04	5.704731e+04	3.031428e+02	4.376348e+01	2022	9	17	0
	1168	414	112.000000	13.625000	9.984458e+04	1.536789e+01	1.084743e+05	1.079756e+05	5.761586e+04	5.702372e+04	3.030855e+02	3.233109e+01	2022	9	17	6
	1162	417	110.500000	14.375000	9.987045e+04	1.376432e+01	1.084966e+05	1.080541e+05	5.770766e+04	5.709030e+04	9.999000e+03	3.450269e+01	2022	9	17	12
	1158	419	109.500000	14.875000	9.987740e+04	1.366415e+01	1.085156e+05	1.080623e+05	5.768258e+04	5.709666e+04	9.999000e+03	4.118742e+01	2022	9	17	18
	1157	420	109.250000	15.125000	9.991037e+04	1.494739e+01	1.084564e+05	1.080600e+05	5.769715e+04	5.712488e+04	9.999000e+03	3.484162e+01	2022	9	18	0
	1158	417	109.500000	14.375000	9.984922e+04	1.031385e+01	1.083942e+05	1.080368e+05	5.759167e+04	5.707739e+04	9.999000e+03	2.607999e+01	2022	9	18	6
	1143	418	105.750000	14.625000	9.987816e+04	8.870167e+00	1.085234e+05	1.080973e+05	5.758148e+04	5.712240e+04	9.999000e+03	2.933432e+01	2022	9	18	12
	1142	416	105.500000	14.125000	9.995127e+04	7.690022e+00	1.083922e+05	1.080329e+05	5.750931e+04	5.710381e+04	9.999000e+03	3.327650e+01	2022	9	18	18
	1140	416	105.000000	14.125000	1.000133e+05	7.686799e+00	1.083328e+05	1.080479e+05	5.751886e+04	5.711586e+04	9.999000e+03	2.743341e+01	2022	9	19	0
	1138	418	104.500000	14.625000	1.000260e+05	8.606774e+00	1.084319e+05	1.081274e+05	5.761349e+04	5.719612e+04	9.999000e+03	2.468634e+01	2022	9	19	6
	1136	417	104.000000	14.375000	1.000874e+05	6.563573e+00	1.084665e+05	1.081304e+05	5.760701e+04	5.724602e+04	9.999000e+03	1.968540e+01	2022	9	19	12
	1135	416	103.750000	14.125000	1.001266e+05	5.574860e+00	1.083620e+05	1.080719e+05	5.760662e+04	5.724131e+04	9.999000e+03	2.278201e+01	2022	9	19	18
	1133	415	103.250000	13.875000	1.001461e+05	7.805669e+00	1.082718e+05	1.081047e+05	5.754462e+04	5.723322e+04	9.999000e+03	2.249594e+01	2022	9	20	0
	1131	414	102.750000	13.625000	1.001491e+05	1.140088e+01	1.083931e+05	1.081412e+05	5.760687e+04	5.724669e+04	9.999000e+03	3.523043e+01	2022	9	20	6
	1125	415	101.250000	13.875000	1.002011e+05	1.313829e+01	1.084523e+05	1.081756e+05	5.759911e+04	5.731053e+04	9.999000e+03	3.553418e+01	2022	9	20	12
	1126	414	101.500000	13.625000	1.002931e+05	1.344406e+01	1.084302e+05	1.081272e+05	5.761161e+04	5.731989e+04	9.999000e+03	3.522139e+01	2022	9	20	18
start	19	2022	9	24	12
	1254	428	133.500000	17.125000	1.003259e+05	9.002257e+00	1.088709e+05	1.085086e+05	5.798043e+04	5.753143e+04	3.041403e+02	3.125455e+01	2022	9	24	12
	1257	424	134.250000	16.125000	1.001447e+05	1.229243e+01	1.086676e+05	1.082543e+05	5.776818e+04	5.732233e+04	3.034659e+02	3.355823e+01	2022	9	24	18
	1253	426	133.250000	16.625000	1.003124e+05	9.581188e+00	1.087832e+05	1.084329e+05	5.791704e+04	5.740185e+04	3.034244e+02	3.183717e+01	2022	9	25	0
	1255	429	133.750000	17.375000	9.997793e+04	1.168178e+01	1.087104e+05	1.083189e+05	5.780084e+04	5.720745e+04	3.037719e+02	3.014565e+01	2022	9	25	6
	1250	429	132.500000	17.375000	1.002126e+05	1.027298e+01	1.088902e+05	1.085207e+05	5.790477e+04	5.737288e+04	3.034620e+02	3.473350e+01	2022	9	25	12
	1248	425	132.000000	16.375000	1.000295e+05	1.348253e+01	1.086857e+05	1.082563e+05	5.775248e+04	5.721312e+04	3.033279e+02	4.088762e+01	2022	9	25	18
	1253	431	133.250000	17.875000	1.002237e+05	1.470717e+01	1.089003e+05	1.084823e+05	5.802618e+04	5.738170e+04	3.033966e+02	3.452833e+01	2022	9	26	0
	1243	432	130.750000	18.125000	9.994592e+04	1.230698e+01	1.087992e+05	1.083749e+05	5.778730e+04	5.720177e+04	3.038673e+02	2.998923e+01	2022	9	26	6
	1243	434	130.750000	18.625000	1.001391e+05	1.379839e+01	1.089743e+05	1.085403e+05	5.801539e+04	5.740592e+04	3.033531e+02	2.841976e+01	2022	9	26	12
	1238	434	129.500000	18.625000	9.990325e+04	1.385287e+01	1.088162e+05	1.083328e+05	5.789882e+04	5.720694e+04	3.031913e+02	2.488759e+01	2022	9	26	18
	1235	435	128.750000	18.875000	1.000446e+05	1.533221e+01	1.089942e+05	1.085074e+05	5.812753e+04	5.731330e+04	3.031443e+02	2.689604e+01	2022	9	27	0
	1232	437	128.000000	19.375000	9.984904e+04	1.579956e+01	1.089319e+05	1.083408e+05	5.801055e+04	5.720954e+04	3.033685e+02	2.317117e+01	2022	9	27	6
	1224	439	126.000000	19.875000	1.000285e+05	1.633517e+01	1.091097e+05	1.085898e+05	5.820152e+04	5.742836e+04	3.030239e+02	2.104912e+01	2022	9	27	12
	1220	441	125.000000	20.375000	9.990032e+04	1.694021e+01	1.090035e+05	1.084855e+05	5.807345e+04	5.739071e+04	3.029506e+02	1.914659e+01	2022	9	27	18
	1216	442	124.000000	20.625000	1.000795e+05	1.952028e+01	1.091377e+05	1.086203e+05	5.824864e+04	5.757625e+04	3.028536e+02	2.085978e+01	2022	9	28	0
	1214	445	123.500000	21.375000	9.993712e+04	1.829173e+01	1.090385e+05	1.085297e+05	5.814498e+04	5.744814e+04	3.032025e+02	1.660907e+01	2022	9	28	6
	1207	446	121.750000	21.625000	1.001756e+05	1.636887e+01	1.091649e+05	1.087348e+05	5.827215e+04	5.759782e+04	9.999000e+03	8.907858e+00	2022	9	28	12
	1202	458	120.500000	24.625000	1.002048e+05	1.671750e+01	1.089711e+05	1.087429e+05	5.816279e+04	5.763677e+04	9.999000e+03	5.205266e+00	2022	9	28	18
	1203	461	120.750000	25.375000	1.004192e+05	1.597128e+01	1.089869e+05	1.086778e+05	5.821892e+04	5.771024e+04	9.999000e+03	4.215333e+00	2022	9	29	0
start	37	2022	10	6	12
	1297	416	144.250000	14.125000	1.003234e+05	1.511931e+01	1.086904e+05	1.082675e+05	5.802574e+04	5.743614e+04	9.999000e+03	3.311056e+01	2022	10	6	12
	1289	417	142.250000	14.375000	9.998138e+04	1.508436e+01	1.084456e+05	1.080260e+05	5.782486e+04	5.704039e+04	3.035854e+02	3.751234e+01	2022	10	6	18
	1284	417	141.000000	14.375000	1.000454e+05	1.469412e+01	1.086705e+05	1.082012e+05	5.794141e+04	5.711324e+04	3.036123e+02	3.766687e+01	2022	10	7	0
	1279	417	139.750000	14.375000	9.970864e+04	1.424303e+01	1.084090e+05	1.080238e+05	5.772221e+04	5.679466e+04	3.035767e+02	4.208223e+01	2022	10	7	6
	1274	417	138.500000	14.375000	9.976669e+04	1.427581e+01	1.085299e+05	1.081384e+05	5.782874e+04	5.688384e+04	3.035956e+02	4.880721e+01	2022	10	7	12
	1270	416	137.500000	14.125000	9.936352e+04	1.478826e+01	1.083333e+05	1.078570e+05	5.754077e+04	5.662134e+04	3.035638e+02	4.985362e+01	2022	10	7	18
	1266	417	136.500000	14.375000	9.944888e+04	1.615223e+01	1.084791e+05	1.079363e+05	5.768399e+04	5.674430e+04	3.033871e+02	4.958382e+01	2022	10	8	0
	1262	416	135.500000	14.125000	9.902604e+04	1.715919e+01	1.082754e+05	1.076988e+05	5.734461e+04	5.640244e+04	3.033809e+02	4.676927e+01	2022	10	8	6
	1262	417	135.500000	14.375000	9.903304e+04	1.927703e+01	1.083756e+05	1.078652e+05	5.744400e+04	5.649898e+04	3.033123e+02	4.435190e+01	2022	10	8	12
	1260	420	135.000000	15.125000	9.874016e+04	1.915921e+01	1.082564e+05	1.076587e+05	5.733013e+04	5.628440e+04	3.031700e+02	4.283759e+01	2022	10	8	18
	1257	423	134.250000	15.875000	9.891853e+04	1.823394e+01	1.085207e+05	1.078243e+05	5.750637e+04	5.642694e+04	3.030099e+02	4.282316e+01	2022	10	9	0
	1252	425	133.000000	16.375000	9.850435e+04	1.822238e+01	1.082871e+05	1.075873e+05	5.728378e+04	5.612627e+04	3.030460e+02	4.412719e+01	2022	10	9	6
	1248	425	132.000000	16.375000	9.862848e+04	1.824728e+01	1.083823e+05	1.077302e+05	5.737343e+04	5.630133e+04	3.029305e+02	5.131742e+01	2022	10	9	12
	1247	425	131.750000	16.375000	9.834862e+04	2.017038e+01	1.082338e+05	1.074661e+05	5.714452e+04	5.600457e+04	3.028812e+02	5.455017e+01	2022	10	9	18
	1245	427	131.250000	16.875000	9.839406e+04	2.083030e+01	1.083284e+05	1.076180e+05	5.728840e+04	5.607714e+04	3.028518e+02	6.251678e+01	2022	10	10	0
	1243	429	130.750000	17.375000	9.802613e+04	1.932211e+01	1.081754e+05	1.073463e+05	5.705405e+04	5.572823e+04	3.028846e+02	6.636043e+01	2022	10	10	6
	1244	428	131.000000	17.125000	9.798219e+04	2.520384e+01	1.082667e+05	1.074272e+05	5.735463e+04	5.569528e+04	3.028085e+02	6.013670e+01	2022	10	10	12
	1244	432	131.000000	18.125000	9.761806e+04	2.615830e+01	1.080979e+05	1.071667e+05	5.710804e+04	5.537607e+04	3.027603e+02	5.711844e+01	2022	10	10	18
	1245	435	131.250000	18.875000	9.768937e+04	2.625876e+01	1.082944e+05	1.072617e+05	5.736723e+04	5.546387e+04	3.027246e+02	5.231673e+01	2022	10	11	0
	1246	437	131.500000	19.375000	9.722652e+04	2.535784e+01	1.080827e+05	1.069627e+05	5.715459e+04	5.510702e+04	3.028760e+02	5.049519e+01	2022	10	11	6
	1248	440	132.000000	20.125000	9.723032e+04	2.437752e+01	1.083380e+05	1.070631e+05	5.743986e+04	5.514840e+04	3.028242e+02	5.695029e+01	2022	10	11	12
	1248	444	132.000000	21.125000	9.686445e+04	2.682250e+01	1.080003e+05	1.069177e+05	5.715616e+04	5.493337e+04	3.027239e+02	6.116904e+01	2022	10	11	18
	1250	447	132.500000	21.875000	9.697599e+04	2.857539e+01	1.082287e+05	1.070250e+05	5.738986e+04	5.505708e+04	3.026531e+02	6.749581e+01	2022	10	12	0
	1253	449	133.250000	22.375000	9.669277e+04	2.786504e+01	1.079361e+05	1.067846e+05	5.724216e+04	5.482481e+04	3.025718e+02	5.419110e+01	2022	10	12	6
	1258	454	134.500000	23.625000	9.672518e+04	2.890760e+01	1.081725e+05	1.069851e+05	5.749414e+04	5.497041e+04	3.024987e+02	5.237457e+01	2022	10	12	12
	1262	461	135.500000	25.375000	9.650902e+04	2.942032e+01	1.078708e+05	1.067604e+05	5.715773e+04	5.479746e+04	3.023485e+02	4.599936e+01	2022	10	12	18
	1269	464	137.250000	26.125000	9.685482e+04	3.567751e+01	1.081136e+05	1.066089e+05	5.753012e+04	5.508523e+04	3.021897e+02	3.478980e+01	2022	10	13	0
	1278	476	139.500000	29.125000	9.650112e+04	3.398314e+01	1.078425e+05	1.056278e+05	5.723089e+04	5.482005e+04	3.007172e+02	4.592371e+01	2022	10	13	6
	1287	482	141.750000	30.625000	9.639553e+04	4.078393e+01	1.079527e+05	1.055937e+05	5.745859e+04	5.471875e+04	2.999086e+02	4.037204e+01	2022	10	13	12
	1296	494	144.000000	33.625000	9.610604e+04	3.463021e+01	1.075002e+05	1.042547e+05	5.701780e+04	5.424076e+04	2.993053e+02	3.994035e+01	2022	10	13	18
	1308	502	147.000000	35.625000	9.631278e+04	4.302226e+01	1.075543e+05	1.034894e+05	5.703317e+04	5.388793e+04	2.981137e+02	2.476224e+01	2022	10	14	0
	1322	512	150.500000	38.125000	9.607823e+04	4.328361e+01	1.072543e+05	1.028129e+05	5.672697e+04	5.330605e+04	2.972225e+02	1.974128e+01	2022	10	14	6
	1338	522	154.500000	40.625000	9.624309e+04	3.064333e+01	1.070305e+05	1.021210e+05	5.650984e+04	5.310256e+04	2.930796e+02	1.884489e+01	2022	10	14	12
	1353	533	158.250000	43.375000	9.604474e+04	2.810079e+01	1.063515e+05	1.011010e+05	5.583243e+04	5.262895e+04	2.901052e+02	2.196894e+01	2022	10	14	18
	1363	538	160.750000	44.625000	9.584900e+04	2.896823e+01	1.060095e+05	1.004338e+05	5.549401e+04	5.217743e+04	2.889474e+02	1.927643e+01	2022	10	15	0
	1374	540	163.500000	45.125000	9.574858e+04	3.027332e+01	1.057667e+05	1.001149e+05	5.519505e+04	5.175996e+04	2.882054e+02	1.388623e+01	2022	10	15	6
	1393	542	168.250000	45.625000	9.629586e+04	3.293475e+01	1.057532e+05	1.000695e+05	5.522231e+04	5.178054e+04	2.858333e+02	9.002672e+00	2022	10	15	12
start	18	2022	10	14	18
	265	409	-113.750000	12.375000	1.008115e+05	1.235496e+01	1.083624e+05	1.080523e+05	5.793308e+04	5.766992e+04	3.026169e+02	4.588567e+01	2022	10	14	18
	261	410	-114.750000	12.625000	1.004768e+05	1.238733e+01	1.081159e+05	1.078464e+05	5.766954e+04	5.737139e+04	3.028531e+02	4.430125e+01	2022	10	15	0
	257	413	-115.750000	13.375000	1.007429e+05	1.403694e+01	1.083549e+05	1.080171e+05	5.792956e+04	5.755963e+04	3.025684e+02	3.988655e+01	2022	10	15	6
	251	417	-117.250000	14.375000	1.004382e+05	1.587138e+01	1.080911e+05	1.076649e+05	5.772898e+04	5.729603e+04	3.024951e+02	3.748388e+01	2022	10	15	12
	246	420	-118.500000	15.125000	1.007059e+05	1.495927e+01	1.084619e+05	1.079488e+05	5.799284e+04	5.753157e+04	3.023747e+02	3.183185e+01	2022	10	15	18
	240	421	-120.000000	15.375000	1.003213e+05	1.489262e+01	1.082526e+05	1.077043e+05	5.773231e+04	5.723560e+04	3.024302e+02	2.775706e+01	2022	10	16	0
	237	423	-120.750000	15.875000	1.006157e+05	1.456049e+01	1.085126e+05	1.079327e+05	5.793320e+04	5.752890e+04	3.022193e+02	2.921450e+01	2022	10	16	6
	237	427	-120.750000	16.875000	1.003352e+05	1.484444e+01	1.082802e+05	1.076812e+05	5.780981e+04	5.735588e+04	3.014159e+02	2.637220e+01	2022	10	16	12
	235	430	-121.250000	17.625000	1.005552e+05	1.592769e+01	1.084251e+05	1.079385e+05	5.793477e+04	5.750084e+04	3.012089e+02	2.288995e+01	2022	10	16	18
	232	432	-122.000000	18.125000	1.001554e+05	1.605968e+01	1.080637e+05	1.075227e+05	5.760536e+04	5.716654e+04	3.012390e+02	1.502291e+01	2022	10	17	0
	231	432	-122.250000	18.125000	1.004127e+05	1.484514e+01	1.081220e+05	1.076034e+05	5.776528e+04	5.736939e+04	3.010019e+02	1.836033e+01	2022	10	17	6
	230	434	-122.500000	18.625000	1.001452e+05	1.555060e+01	1.078957e+05	1.072205e+05	5.749012e+04	5.708716e+04	3.008520e+02	2.002000e+01	2022	10	17	12
	230	438	-122.500000	19.625000	1.003588e+05	1.808685e+01	1.081051e+05	1.074629e+05	5.778172e+04	5.731331e+04	3.006287e+02	1.650924e+01	2022	10	17	18
	226	440	-123.500000	20.125000	9.996729e+04	1.879693e+01	1.078902e+05	1.073250e+05	5.758746e+04	5.707025e+04	3.007249e+02	1.586897e+01	2022	10	18	0
	223	442	-124.250000	20.625000	1.003126e+05	1.933180e+01	1.081227e+05	1.075241e+05	5.782851e+04	5.733648e+04	3.002846e+02	1.563685e+01	2022	10	18	6
	218	445	-125.500000	21.375000	1.000692e+05	2.165178e+01	1.079324e+05	1.071373e+05	5.764074e+04	5.707919e+04	2.996787e+02	1.151302e+01	2022	10	18	12
	214	444	-126.500000	21.125000	1.004220e+05	1.991347e+01	1.081263e+05	1.073125e+05	5.786832e+04	5.738149e+04	2.997716e+02	6.020323e+00	2022	10	18	18
	211	445	-127.250000	21.375000	1.003109e+05	1.901966e+01	1.078925e+05	1.072238e+05	5.768533e+04	5.726470e+04	2.997145e+02	4.534986e+00	2022	10	19	0
start	17	2022	10	18	0
	1316	426	149.000000	16.625000	1.007302e+05	1.182465e+01	1.087327e+05	1.084741e+05	5.806754e+04	5.764282e+04	3.035758e+02	3.155652e+01	2022	10	18	0
	1317	428	149.250000	17.125000	1.004116e+05	1.433902e+01	1.086077e+05	1.082506e+05	5.784825e+04	5.739039e+04	3.037856e+02	3.007841e+01	2022	10	18	6
	1316	432	149.000000	18.125000	1.006301e+05	1.575743e+01	1.087251e+05	1.084477e+05	5.811881e+04	5.750205e+04	3.034757e+02	3.781280e+01	2022	10	18	12
	1312	436	148.000000	19.125000	1.003217e+05	1.547890e+01	1.086393e+05	1.081819e+05	5.793781e+04	5.720725e+04	3.034431e+02	2.908454e+01	2022	10	18	18
	1308	438	147.000000	19.625000	1.004281e+05	1.852414e+01	1.087763e+05	1.083133e+05	5.808954e+04	5.730798e+04	3.033456e+02	2.413538e+01	2022	10	19	0
	1302	445	145.500000	21.375000	1.001147e+05	1.667447e+01	1.085202e+05	1.080374e+05	5.788349e+04	5.710626e+04	3.031105e+02	2.373330e+01	2022	10	19	6
	1299	444	144.750000	21.125000	1.001814e+05	1.708149e+01	1.085874e+05	1.080991e+05	5.790510e+04	5.726446e+04	3.030299e+02	2.510296e+01	2022	10	19	12
	1299	447	144.750000	21.875000	9.993267e+04	1.712753e+01	1.084151e+05	1.078417e+05	5.775158e+04	5.706505e+04	3.029070e+02	2.445637e+01	2022	10	19	18
	1297	450	144.250000	22.625000	1.000675e+05	1.746729e+01	1.085491e+05	1.078930e+05	5.786376e+04	5.723145e+04	3.027642e+02	1.888065e+01	2022	10	20	0
	1297	454	144.250000	23.625000	9.976373e+04	1.874236e+01	1.083067e+05	1.076276e+05	5.766094e+04	5.699164e+04	3.021943e+02	1.515294e+01	2022	10	20	6
	1297	460	144.250000	25.125000	9.993521e+04	1.891358e+01	1.083748e+05	1.073801e+05	5.778571e+04	5.716362e+04	3.018083e+02	2.223070e+01	2022	10	20	12
	1299	468	144.750000	27.125000	9.968523e+04	2.039389e+01	1.081149e+05	1.067901e+05	5.757395e+04	5.689755e+04	3.010375e+02	3.442124e+01	2022	10	20	18
	1301	473	145.250000	28.375000	9.982127e+04	2.056369e+01	1.082290e+05	1.066097e+05	5.774484e+04	5.686759e+04	3.003107e+02	3.591799e+01	2022	10	21	0
	1311	482	147.750000	30.625000	9.918306e+04	2.773774e+01	1.080566e+05	1.062174e+05	5.761557e+04	5.641857e+04	2.994134e+02	4.394592e+01	2022	10	21	6
	1316	482	149.000000	30.625000	9.982610e+04	2.790586e+01	1.081909e+05	1.063086e+05	5.778873e+04	5.649760e+04	2.992623e+02	3.336022e+01	2022	10	21	12
	1321	483	150.250000	30.875000	9.965338e+04	2.428604e+01	1.079681e+05	1.058814e+05	5.768664e+04	5.637833e+04	2.989539e+02	1.981010e+01	2022	10	21	18
	1327	484	151.750000	31.125000	1.001099e+05	2.227576e+01	1.081542e+05	1.057148e+05	5.792716e+04	5.658670e+04	2.987281e+02	9.983193e+00	2022	10	22	0
start	19	2022	11	2	18
	968	380	62.000000	5.125000	1.005979e+05	1.164547e+01	1.080175e+05	1.078662e+05	5.772240e+04	5.728975e+04	3.032665e+02	3.479789e+01	2022	11	2	18
	965	386	61.250000	6.625000	1.002497e+05	1.196001e+01	1.078256e+05	1.076434e+05	5.747720e+04	5.694887e+04	3.032066e+02	3.569733e+01	2022	11	3	0
	958	387	59.500000	6.875000	1.005172e+05	1.350966e+01	1.080630e+05	1.079151e+05	5.767334e+04	5.709423e+04	3.029634e+02	3.663193e+01	2022	11	3	6
	956	388	59.000000	7.125000	1.001492e+05	1.410252e+01	1.078693e+05	1.075569e+05	5.740057e+04	5.675395e+04	3.027586e+02	3.226491e+01	2022	11	3	12
	956	391	59.000000	7.875000	1.004398e+05	1.370660e+01	1.081302e+05	1.077889e+05	5.770203e+04	5.711208e+04	3.025670e+02	2.884862e+01	2022	11	3	18
	952	395	58.000000	8.875000	1.001505e+05	1.493412e+01	1.078713e+05	1.075536e+05	5.750886e+04	5.683320e+04	3.024235e+02	2.149758e+01	2022	11	4	0
	948	398	57.000000	9.625000	1.004246e+05	1.581481e+01	1.081366e+05	1.078889e+05	5.782142e+04	5.698831e+04	3.023109e+02	1.818538e+01	2022	11	4	6
	944	399	56.000000	9.875000	1.000602e+05	1.558603e+01	1.078742e+05	1.075688e+05	5.751476e+04	5.669628e+04	3.019826e+02	1.845477e+01	2022	11	4	12
	941	402	55.250000	10.625000	1.002656e+05	1.615788e+01	1.080944e+05	1.077944e+05	5.777579e+04	5.703278e+04	3.017896e+02	1.783149e+01	2022	11	4	18
	939	403	54.750000	10.875000	1.000685e+05	1.675248e+01	1.078552e+05	1.076059e+05	5.757240e+04	5.688545e+04	3.017666e+02	1.627008e+01	2022	11	5	0
	935	406	53.750000	11.625000	1.003250e+05	1.687840e+01	1.081490e+05	1.077672e+05	5.782959e+04	5.727126e+04	3.017668e+02	1.428759e+01	2022	11	5	6
	934	406	53.500000	11.625000	1.001276e+05	1.738441e+01	1.079008e+05	1.076751e+05	5.758572e+04	5.713644e+04	3.017402e+02	1.412556e+01	2022	11	5	12
	931	407	52.750000	11.875000	1.004868e+05	1.635398e+01	1.081707e+05	1.078301e+05	5.782225e+04	5.751244e+04	9.999000e+03	1.530667e+01	2022	11	5	18
	929	408	52.250000	12.125000	1.002810e+05	1.596466e+01	1.079426e+05	1.075765e+05	5.757060e+04	5.726902e+04	9.999000e+03	1.862210e+01	2022	11	6	0
	927	408	51.750000	12.125000	1.006692e+05	1.633558e+01	1.081105e+05	1.078225e+05	5.787915e+04	5.768639e+04	9.999000e+03	1.334862e+01	2022	11	6	6
	925	409	51.250000	12.375000	1.003843e+05	1.520115e+01	1.078909e+05	1.074798e+05	5.759911e+04	5.743121e+04	9.999000e+03	1.209905e+01	2022	11	6	12
	924	409	51.000000	12.375000	1.006851e+05	1.648996e+01	1.081053e+05	1.076200e+05	5.785360e+04	5.762200e+04	9.999000e+03	2.019043e+01	2022	11	6	18
	924	410	51.000000	12.625000	1.004844e+05	1.699402e+01	1.078148e+05	1.073776e+05	5.760484e+04	5.732854e+04	9.999000e+03	1.884325e+01	2022	11	7	0
	921	409	50.250000	12.375000	1.008834e+05	1.531342e+01	1.080584e+05	1.075397e+05	5.790462e+04	5.764781e+04	9.999000e+03	1.032335e+01	2022	11	7	6
start	46	2022	11	7	6
	1376	405	164.000000	11.375000	1.004638e+05	1.060859e+01	1.081790e+05	1.080300e+05	5.775602e+04	5.736551e+04	3.038159e+02	1.904716e+01	2022	11	7	6
	1373	404	163.250000	11.125000	1.005932e+05	1.267809e+01	1.083002e+05	1.081796e+05	5.787620e+04	5.739483e+04	3.038716e+02	2.413161e+01	2022	11	7	12
	1370	404	162.500000	11.125000	1.003399e+05	1.292675e+01	1.081469e+05	1.079978e+05	5.771005e+04	5.722252e+04	3.038507e+02	2.779148e+01	2022	11	7	18
	1367	402	161.750000	10.625000	1.005026e+05	1.437788e+01	1.083628e+05	1.080340e+05	5.789859e+04	5.735831e+04	3.038914e+02	3.068828e+01	2022	11	8	0
	1365	401	161.250000	10.375000	1.002520e+05	1.466163e+01	1.081172e+05	1.077973e+05	5.773725e+04	5.721268e+04	3.039511e+02	2.686345e+01	2022	11	8	6
	1363	400	160.750000	10.125000	1.004190e+05	1.579239e+01	1.082432e+05	1.079046e+05	5.787699e+04	5.735844e+04	3.039338e+02	3.298783e+01	2022	11	8	12
	1360	400	160.000000	10.125000	1.001912e+05	1.594735e+01	1.080490e+05	1.078566e+05	5.772088e+04	5.722061e+04	3.039253e+02	3.475036e+01	2022	11	8	18
	1355	399	158.750000	9.875000	1.003968e+05	1.828586e+01	1.082973e+05	1.080354e+05	5.795271e+04	5.740657e+04	3.038929e+02	3.182382e+01	2022	11	9	0
	1352	397	158.000000	9.375000	1.001420e+05	1.798519e+01	1.080761e+05	1.078840e+05	5.775645e+04	5.726823e+04	3.039054e+02	2.860910e+01	2022	11	9	6
	1347	397	156.750000	9.375000	1.003166e+05	1.934184e+01	1.081960e+05	1.079980e+05	5.794155e+04	5.741102e+04	3.038997e+02	2.976707e+01	2022	11	9	12
	1342	395	155.500000	8.875000	1.000481e+05	1.952477e+01	1.080103e+05	1.078294e+05	5.770121e+04	5.722952e+04	3.038705e+02	3.330046e+01	2022	11	9	18
	1338	394	154.500000	8.625000	1.002989e+05	1.973553e+01	1.082487e+05	1.080668e+05	5.798115e+04	5.747133e+04	3.038394e+02	3.480048e+01	2022	11	10	0
	1334	393	153.500000	8.375000	1.000100e+05	2.092119e+01	1.080553e+05	1.079257e+05	5.773497e+04	5.725754e+04	3.038117e+02	3.177961e+01	2022	11	10	6
	1328	391	152.000000	7.875000	1.001854e+05	2.210770e+01	1.083007e+05	1.081209e+05	5.789009e+04	5.732501e+04	3.038670e+02	3.258559e+01	2022	11	10	12
	1324	390	151.000000	7.625000	9.990200e+04	2.008042e+01	1.080775e+05	1.078324e+05	5.760609e+04	5.720036e+04	3.038051e+02	3.132077e+01	2022	11	10	18
	1321	390	150.250000	7.625000	1.001660e+05	1.970171e+01	1.082982e+05	1.081127e+05	5.783968e+04	5.741286e+04	3.037587e+02	3.768142e+01	2022	11	11	0
	1316	391	149.000000	7.875000	9.973766e+04	1.991924e+01	1.081360e+05	1.079376e+05	5.765838e+04	5.710221e+04	3.037863e+02	3.704972e+01	2022	11	11	6
	1312	392	148.000000	8.125000	9.994970e+04	2.107885e+01	1.083313e+05	1.080618e+05	5.782813e+04	5.716516e+04	3.038232e+02	4.618953e+01	2022	11	11	12
	1308	393	147.000000	8.375000	9.957395e+04	1.977248e+01	1.080931e+05	1.076969e+05	5.758216e+04	5.681711e+04	3.037958e+02	4.193277e+01	2022	11	11	18
	1304	395	146.000000	8.875000	9.986659e+04	1.971346e+01	1.083475e+05	1.078978e+05	5.785755e+04	5.709698e+04	3.037302e+02	3.728192e+01	2022	11	12	0
	1300	398	145.000000	9.625000	9.948402e+04	2.113337e+01	1.081964e+05	1.076611e+05	5.767300e+04	5.672390e+04	3.036917e+02	4.189701e+01	2022	11	12	6
	1295	399	143.750000	9.875000	9.966079e+04	2.196082e+01	1.083774e+05	1.077797e+05	5.784773e+04	5.680854e+04	3.036958e+02	4.827215e+01	2022	11	12	12
	1290	402	142.500000	10.625000	9.938669e+04	2.231108e+01	1.081857e+05	1.075582e+05	5.769581e+04	5.650310e+04	3.036072e+02	4.782254e+01	2022	11	12	18
	1286	404	141.500000	11.125000	9.960344e+04	2.339220e+01	1.085040e+05	1.079716e+05	5.794159e+04	5.676925e+04	3.034911e+02	4.322756e+01	2022	11	13	0
	1280	406	140.000000	11.625000	9.921995e+04	2.330486e+01	1.083009e+05	1.077528e+05	5.774984e+04	5.643448e+04	3.034957e+02	4.095737e+01	2022	11	13	6
	1275	408	138.750000	12.125000	9.932670e+04	2.448940e+01	1.085559e+05	1.078982e+05	5.798467e+04	5.646750e+04	3.034718e+02	4.691089e+01	2022	11	13	12
	1270	409	137.500000	12.375000	9.897407e+04	2.356043e+01	1.083965e+05	1.077442e+05	5.777750e+04	5.631063e+04	3.034659e+02	5.100520e+01	2022	11	13	18
	1263	411	135.750000	12.875000	9.909291e+04	2.528384e+01	1.086318e+05	1.079518e+05	5.805332e+04	5.654107e+04	3.033750e+02	4.644587e+01	2022	11	14	0
	1255	411	133.750000	12.875000	9.854019e+04	2.597170e+01	1.085062e+05	1.076832e+05	5.783329e+04	5.612044e+04	3.033606e+02	3.708242e+01	2022	11	14	6
	1249	411	132.250000	12.875000	9.861225e+04	2.765008e+01	1.086810e+05	1.078406e+05	5.802260e+04	5.626752e+04	3.032287e+02	4.151011e+01	2022	11	14	12
	1243	412	130.750000	13.125000	9.826133e+04	2.695951e+01	1.085291e+05	1.077240e+05	5.786123e+04	5.606428e+04	3.030237e+02	4.682331e+01	2022	11	14	18
	1238	413	129.500000	13.375000	9.851155e+04	2.610332e+01	1.086956e+05	1.079719e+05	5.800247e+04	5.623971e+04	3.029012e+02	5.057992e+01	2022	11	15	0
	1233	414	128.250000	13.625000	9.808571e+04	2.599831e+01	1.084433e+05	1.077006e+05	5.772758e+04	5.591805e+04	3.027964e+02	4.100907e+01	2022	11	15	6
	1229	414	127.250000	13.625000	9.802237e+04	2.811417e+01	1.086691e+05	1.075981e+05	5.797096e+04	5.585055e+04	3.027280e+02	3.256334e+01	2022	11	15	12
	1226	415	126.500000	13.875000	9.767138e+04	2.784399e+01	1.084780e+05	1.070892e+05	5.778208e+04	5.542480e+04	9.999000e+03	3.122277e+01	2022	11	15	18
	1223	415	125.750000	13.875000	9.760145e+04	3.028720e+01	1.086673e+05	1.071422e+05	5.793177e+04	5.537254e+04	9.999000e+03	3.466069e+01	2022	11	16	0
	1220	417	125.000000	14.375000	9.717387e+04	3.117300e+01	1.083469e+05	1.068457e+05	5.772697e+04	5.508456e+04	9.999000e+03	2.992907e+01	2022	11	16	6
	1217	417	124.250000	14.375000	9.748311e+04	3.153018e+01	1.085823e+05	1.072619e+05	5.789206e+04	5.550914e+04	9.999000e+03	2.651399e+01	2022	11	16	12
	1215	418	123.750000	14.625000	9.784466e+04	2.907492e+01	1.083788e+05	1.072905e+05	5.769959e+04	5.565627e+04	9.999000e+03	2.951218e+01	2022	11	16	18
	1212	418	123.000000	14.625000	9.837227e+04	2.697515e+01	1.085710e+05	1.078413e+05	5.783627e+04	5.622305e+04	9.999000e+03	2.991893e+01	2022	11	17	0
	1211	419	122.750000	14.875000	9.841518e+04	2.622915e+01	1.083109e+05	1.077545e+05	5.760432e+04	5.623558e+04	9.999000e+03	2.472598e+01	2022	11	17	6
	1209	422	122.250000	15.625000	9.893646e+04	2.569645e+01	1.084981e+05	1.080598e+05	5.783054e+04	5.665332e+04	9.999000e+03	1.912926e+01	2022	11	17	12
	1207	423	121.750000	15.875000	9.959354e+04	1.822787e+01	1.082779e+05	1.079563e+05	5.763023e+04	5.679745e+04	9.999000e+03	1.955526e+01	2022	11	17	18
	1200	426	120.000000	16.625000	1.002029e+05	2.047896e+01	1.084331e+05	1.080142e+05	5.782198e+04	5.717957e+04	9.999000e+03	2.034790e+01	2022	11	18	0
	1209	425	122.250000	16.375000	1.001615e+05	1.508963e+01	1.082910e+05	1.079022e+05	5.765812e+04	5.706400e+04	9.999000e+03	1.652305e+01	2022	11	18	6
	1210	427	122.500000	16.875000	1.004071e+05	1.633918e+01	1.084420e+05	1.079726e+05	5.788448e+04	5.734989e+04	9.999000e+03	1.450317e+01	2022	11	18	12
start	23	2022	12	5	0
	1108	332	97.000000	-6.875000	1.006939e+05	1.107832e+01	1.080247e+05	1.077693e+05	5.762741e+04	5.741604e+04	3.027856e+02	2.892610e+01	2022	12	5	0
	1110	329	97.500000	-7.625000	1.006540e+05	1.069752e+01	1.080355e+05	1.078928e+05	5.765236e+04	5.739659e+04	3.026236e+02	2.283782e+01	2022	12	5	6
	1107	328	96.750000	-7.875000	1.005941e+05	1.105919e+01	1.080619e+05	1.078089e+05	5.762873e+04	5.732106e+04	3.025435e+02	2.501759e+01	2022	12	5	12
	1109	327	97.250000	-8.125000	1.005986e+05	1.048746e+01	1.080441e+05	1.078937e+05	5.764212e+04	5.732623e+04	3.023242e+02	2.551813e+01	2022	12	5	18
	1106	326	96.500000	-8.375000	1.006008e+05	1.127868e+01	1.080213e+05	1.077575e+05	5.765817e+04	5.729978e+04	3.024188e+02	2.109354e+01	2022	12	6	0
	1105	326	96.250000	-8.375000	1.005156e+05	1.397804e+01	1.080940e+05	1.078677e+05	5.766613e+04	5.731944e+04	3.025890e+02	2.479504e+01	2022	12	6	6
	1105	323	96.250000	-9.125000	1.004437e+05	1.412088e+01	1.081224e+05	1.078326e+05	5.768283e+04	5.724851e+04	3.021724e+02	2.507782e+01	2022	12	6	12
	1103	322	95.750000	-9.375000	1.005149e+05	1.470848e+01	1.081383e+05	1.079112e+05	5.769020e+04	5.729207e+04	3.021635e+02	2.039757e+01	2022	12	6	18
	1099	321	94.750000	-9.625000	1.004124e+05	1.509412e+01	1.080560e+05	1.078077e+05	5.770538e+04	5.729355e+04	3.021854e+02	1.993246e+01	2022	12	7	0
	1098	320	94.500000	-9.875000	1.004122e+05	1.515310e+01	1.081403e+05	1.079471e+05	5.772797e+04	5.733994e+04	3.021453e+02	1.664470e+01	2022	12	7	6
	1096	318	94.000000	-10.375000	1.003444e+05	1.612830e+01	1.081802e+05	1.079144e+05	5.776446e+04	5.734998e+04	3.019851e+02	1.623326e+01	2022	12	7	12
	1093	316	93.250000	-10.875000	1.004015e+05	1.770660e+01	1.081888e+05	1.079707e+05	5.782065e+04	5.743424e+04	3.017586e+02	1.601757e+01	2022	12	7	18
	1091	315	92.750000	-11.125000	1.002957e+05	1.687184e+01	1.080741e+05	1.078723e+05	5.774224e+04	5.730288e+04	3.016250e+02	1.227789e+01	2022	12	8	0
	1088	314	92.000000	-11.375000	1.003503e+05	1.600298e+01	1.081642e+05	1.079972e+05	5.779247e+04	5.738519e+04	3.015286e+02	1.412808e+01	2022	12	8	6
	1085	312	91.250000	-11.875000	1.002185e+05	1.810325e+01	1.081219e+05	1.079590e+05	5.772335e+04	5.729307e+04	3.013139e+02	1.651299e+01	2022	12	8	12
	1081	311	90.250000	-12.125000	1.003514e+05	1.996051e+01	1.081976e+05	1.079999e+05	5.780290e+04	5.742727e+04	3.011363e+02	1.923656e+01	2022	12	8	18
	1078	310	89.500000	-12.375000	1.002054e+05	1.983230e+01	1.080418e+05	1.078421e+05	5.767087e+04	5.724660e+04	3.005692e+02	1.165521e+01	2022	12	9	0
	1075	310	88.750000	-12.375000	1.002594e+05	1.881286e+01	1.081046e+05	1.079740e+05	5.782373e+04	5.733951e+04	3.007506e+02	1.025722e+01	2022	12	9	6
	1073	308	88.250000	-12.875000	1.001403e+05	1.883832e+01	1.080615e+05	1.079252e+05	5.769526e+04	5.724760e+04	3.007410e+02	1.426552e+01	2022	12	9	12
	1070	307	87.500000	-13.125000	1.002712e+05	1.959026e+01	1.081701e+05	1.079874e+05	5.782424e+04	5.732708e+04	3.007846e+02	1.727769e+01	2022	12	9	18
	1069	306	87.250000	-13.375000	1.000268e+05	2.118208e+01	1.079530e+05	1.077771e+05	5.766747e+04	5.714842e+04	3.007073e+02	1.140136e+01	2022	12	10	0
	1065	306	86.250000	-13.375000	1.001647e+05	1.996374e+01	1.080237e+05	1.078279e+05	5.778693e+04	5.715660e+04	3.011075e+02	8.891246e+00	2022	12	10	6
	1062	306	85.500000	-13.375000	1.000494e+05	1.808265e+01	1.079202e+05	1.077414e+05	5.760451e+04	5.711433e+04	3.012988e+02	1.059560e+01	2022	12	10	12
start	48	2022	12	23	12
	1279	310	139.750000	-12.375000	1.004730e+05	1.289181e+01	1.083488e+05	1.081733e+05	5.790493e+04	5.736820e+04	9.999000e+03	2.246700e+01	2022	12	23	12
	1274	309	138.500000	-12.625000	1.001192e+05	1.294938e+01	1.081392e+05	1.079401e+05	5.768371e+04	5.714606e+04	9.999000e+03	2.688279e+01	2022	12	23	18
	1270	307	137.500000	-13.125000	1.003379e+05	1.549517e+01	1.084274e+05	1.082184e+05	5.800935e+04	5.728898e+04	9.999000e+03	2.701349e+01	2022	12	24	0
	1268	306	137.000000	-13.375000	1.000240e+05	1.527845e+01	1.082276e+05	1.080196e+05	5.782820e+04	5.695602e+04	9.999000e+03	2.219648e+01	2022	12	24	6
	1264	306	136.000000	-13.375000	1.003187e+05	1.462599e+01	1.084673e+05	1.081208e+05	5.799816e+04	5.706244e+04	9.999000e+03	2.693636e+01	2022	12	24	12
	1260	306	135.000000	-13.375000	1.001429e+05	1.343401e+01	1.082978e+05	1.079255e+05	5.777428e+04	5.698751e+04	9.999000e+03	2.527170e+01	2022	12	24	18
	1255	307	133.750000	-13.125000	1.004489e+05	1.062328e+01	1.084538e+05	1.081945e+05	5.800630e+04	5.734293e+04	9.999000e+03	1.984178e+01	2022	12	25	0
	1250	307	132.500000	-13.125000	1.000348e+05	1.013903e+01	1.083192e+05	1.081062e+05	5.787447e+04	5.716580e+04	9.999000e+03	1.981143e+01	2022	12	25	6
	1247	309	131.750000	-12.625000	1.002081e+05	1.123074e+01	1.084579e+05	1.082356e+05	5.803316e+04	5.735499e+04	9.999000e+03	2.940738e+01	2022	12	25	12
	1241	309	130.250000	-12.625000	9.987909e+04	1.596476e+01	1.082015e+05	1.079587e+05	5.776493e+04	5.701177e+04	9.999000e+03	3.394537e+01	2022	12	25	18
	1236	310	129.000000	-12.375000	9.963520e+04	2.249510e+01	1.084336e+05	1.080551e+05	5.790397e+04	5.698616e+04	9.999000e+03	3.030635e+01	2022	12	26	0
	1233	310	128.250000	-12.375000	9.927339e+04	2.147004e+01	1.082445e+05	1.078154e+05	5.777239e+04	5.668299e+04	9.999000e+03	3.180980e+01	2022	12	26	6
	1228	310	127.000000	-12.375000	9.924107e+04	2.279837e+01	1.083571e+05	1.075069e+05	5.795880e+04	5.650895e+04	9.999000e+03	3.641729e+01	2022	12	26	12
	1224	310	126.000000	-12.375000	9.864018e+04	2.437157e+01	1.080651e+05	1.072755e+05	5.769452e+04	5.598019e+04	9.999000e+03	3.841985e+01	2022	12	26	18
	1219	311	124.750000	-12.125000	9.837323e+04	2.632509e+01	1.082853e+05	1.069394e+05	5.778646e+04	5.576099e+04	3.042835e+02	3.959789e+01	2022	12	27	0
	1214	311	123.500000	-12.125000	9.794667e+04	2.889045e+01	1.080982e+05	1.070962e+05	5.764252e+04	5.546391e+04	9.999000e+03	3.122772e+01	2022	12	27	6
	1210	310	122.500000	-12.375000	9.802723e+04	2.929923e+01	1.082571e+05	1.067836e+05	5.786513e+04	5.543257e+04	9.999000e+03	2.623814e+01	2022	12	27	12
	1205	310	121.250000	-12.375000	9.772492e+04	2.892685e+01	1.079915e+05	1.065709e+05	5.763082e+04	5.532332e+04	3.044946e+02	2.734317e+01	2022	12	27	18
	1200	310	120.000000	-12.375000	9.760728e+04	3.044954e+01	1.081695e+05	1.068593e+05	5.776086e+04	5.554777e+04	3.044126e+02	3.093971e+01	2022	12	28	0
	1195	309	118.750000	-12.625000	9.731297e+04	3.435041e+01	1.080243e+05	1.069434e+05	5.766468e+04	5.533878e+04	3.043225e+02	2.602801e+01	2022	12	28	6
	1190	308	117.500000	-12.875000	9.705526e+04	3.410053e+01	1.081377e+05	1.069244e+05	5.782666e+04	5.527050e+04	3.041261e+02	2.401273e+01	2022	12	28	12
	1185	307	116.250000	-13.125000	9.695236e+04	3.246775e+01	1.080066e+05	1.068879e+05	5.767801e+04	5.526180e+04	3.041315e+02	2.945274e+01	2022	12	28	18
	1181	306	115.250000	-13.375000	9.698012e+04	3.300764e+01	1.080493e+05	1.068311e+05	5.773823e+04	5.517076e+04	3.040221e+02	2.661843e+01	2022	12	29	0
	1176	304	114.000000	-13.875000	9.683743e+04	3.159768e+01	1.079258e+05	1.067099e+05	5.765216e+04	5.507389e+04	3.037267e+02	2.356829e+01	2022	12	29	6
	1171	304	112.750000	-13.875000	9.659900e+04	3.396730e+01	1.079799e+05	1.066090e+05	5.765402e+04	5.477585e+04	3.034341e+02	2.039693e+01	2022	12	29	12
	1167	304	111.750000	-13.875000	9.684262e+04	3.087223e+01	1.077837e+05	1.067856e+05	5.747753e+04	5.505044e+04	3.030242e+02	2.632706e+01	2022	12	29	18
	1164	303	111.000000	-14.125000	9.718860e+04	2.928540e+01	1.078552e+05	1.071051e+05	5.748003e+04	5.548628e+04	3.028235e+02	2.427578e+01	2022	12	30	0
	1161	302	110.250000	-14.375000	9.690598e+04	3.096010e+01	1.078364e+05	1.069530e+05	5.741493e+04	5.525149e+04	3.025920e+02	2.328986e+01	2022	12	30	6
	1159	301	109.750000	-14.625000	9.689870e+04	3.045220e+01	1.079737e+05	1.070092e+05	5.749861e+04	5.518883e+04	3.023406e+02	2.291019e+01	2022	12	30	12
	1157	300	109.250000	-14.875000	9.715320e+04	3.186603e+01	1.078381e+05	1.070915e+05	5.745977e+04	5.533486e+04	3.021244e+02	2.302487e+01	2022	12	30	18
	1155	298	108.750000	-15.375000	9.736404e+04	2.837147e+01	1.078776e+05	1.071435e+05	5.747478e+04	5.547501e+04	3.020078e+02	1.969790e+01	2022	12	31	0
	1154	295	108.500000	-16.125000	9.748479e+04	2.778065e+01	1.079338e+05	1.072111e+05	5.742492e+04	5.563747e+04	3.020139e+02	1.784359e+01	2022	12	31	6
	1153	293	108.250000	-16.625000	9.767406e+04	2.684745e+01	1.080308e+05	1.073879e+05	5.754148e+04	5.587664e+04	3.019392e+02	1.886574e+01	2022	12	31	12
	1151	292	107.750000	-16.875000	9.758420e+04	2.933892e+01	1.078253e+05	1.072262e+05	5.740439e+04	5.572307e+04	3.018055e+02	2.021585e+01	2022	12	31	18
	1148	290	107.000000	-17.375000	9.750857e+04	2.974307e+01	1.078534e+05	1.070532e+05	5.747375e+04	5.561430e+04	3.015242e+02	1.861609e+01	2023	1	1	0
	1145	290	106.250000	-17.375000	9.803190e+04	2.641776e+01	1.078877e+05	1.072886e+05	5.741340e+04	5.601590e+04	3.013936e+02	2.027219e+01	2023	1	1	6
	1141	289	105.250000	-17.625000	9.813450e+04	2.604860e+01	1.079292e+05	1.074899e+05	5.752863e+04	5.603343e+04	3.010205e+02	1.361778e+01	2023	1	1	12
	1137	288	104.250000	-17.875000	9.854041e+04	2.537998e+01	1.077533e+05	1.075084e+05	5.750459e+04	5.627057e+04	2.998302e+02	1.664545e+01	2023	1	1	18
	1130	287	102.500000	-18.125000	9.879916e+04	2.653589e+01	1.077859e+05	1.075847e+05	5.751482e+04	5.645463e+04	2.995860e+02	1.058860e+01	2023	1	2	0
	1125	287	101.250000	-18.125000	9.902303e+04	2.271830e+01	1.078239e+05	1.076804e+05	5.753202e+04	5.659529e+04	2.999222e+02	9.800758e+00	2023	1	2	6
	1119	286	99.750000	-18.375000	9.921461e+04	2.204091e+01	1.078792e+05	1.077258e+05	5.755118e+04	5.668791e+04	2.997282e+02	8.453204e+00	2023	1	2	12
	1112	286	98.000000	-18.375000	9.954130e+04	2.211535e+01	1.078222e+05	1.077165e+05	5.754014e+04	5.681339e+04	2.995687e+02	8.632627e+00	2023	1	2	18
	1107	286	96.750000	-18.375000	9.982750e+04	2.019432e+01	1.078420e+05	1.076877e+05	5.756230e+04	5.690019e+04	2.992681e+02	5.055246e+00	2023	1	3	0
	1100	286	95.000000	-18.375000	1.000165e+05	1.798184e+01	1.079114e+05	1.077749e+05	5.765462e+04	5.705556e+04	2.997961e+02	2.623522e+00	2023	1	3	6
	1093	287	93.250000	-18.125000	1.001010e+05	1.792188e+01	1.079626e+05	1.077689e+05	5.765106e+04	5.713222e+04	2.999137e+02	3.190094e+00	2023	1	3	12
	1089	288	92.250000	-17.875000	1.003536e+05	1.672509e+01	1.079539e+05	1.078169e+05	5.770096e+04	5.725256e+04	3.002533e+02	6.570687e+00	2023	1	3	18
	1082	287	90.500000	-18.125000	1.004290e+05	1.761605e+01	1.078650e+05	1.076479e+05	5.770678e+04	5.726768e+04	3.003320e+02	5.252606e+00	2023	1	4	0
	1077	288	89.250000	-17.875000	1.004868e+05	1.627882e+01	1.079416e+05	1.077258e+05	5.774343e+04	5.737428e+04	3.008364e+02	3.702870e+00	2023	1	4	6
start	19	2023	1	8	0
	928	322	52.000000	-9.375000	1.005688e+05	1.148384e+01	1.077146e+05	1.075630e+05	5.751098e+04	5.735320e+04	3.027676e+02	3.008955e+01	2023	1	8	0
	927	322	51.750000	-9.375000	1.008499e+05	1.399261e+01	1.079279e+05	1.077855e+05	5.773911e+04	5.751168e+04	3.026946e+02	2.788752e+01	2023	1	8	6
	928	320	52.000000	-9.875000	1.005541e+05	1.424997e+01	1.077374e+05	1.075864e+05	5.753168e+04	5.732054e+04	3.027271e+02	2.101873e+01	2023	1	8	12
	926	317	51.500000	-10.625000	1.007742e+05	1.355453e+01	1.079593e+05	1.077510e+05	5.777567e+04	5.748258e+04	3.026607e+02	2.008035e+01	2023	1	8	18
	928	318	52.000000	-10.375000	1.004692e+05	1.426678e+01	1.077328e+05	1.075744e+05	5.749335e+04	5.718295e+04	3.026277e+02	2.605494e+01	2023	1	9	0
	925	317	51.250000	-10.625000	1.006784e+05	1.432724e+01	1.079298e+05	1.077637e+05	5.772507e+04	5.731389e+04	3.023737e+02	3.124918e+01	2023	1	9	6
	926	315	51.500000	-11.125000	1.003591e+05	1.504243e+01	1.077964e+05	1.075217e+05	5.750032e+04	5.708639e+04	3.024210e+02	2.493250e+01	2023	1	9	12
	926	312	51.500000	-11.875000	1.005663e+05	1.605082e+01	1.079896e+05	1.076328e+05	5.775727e+04	5.716811e+04	9.999000e+03	3.039136e+01	2023	1	9	18
	926	312	51.500000	-11.875000	1.002542e+05	1.535532e+01	1.077869e+05	1.075024e+05	5.754205e+04	5.688906e+04	9.999000e+03	3.388214e+01	2023	1	10	0
	924	310	51.000000	-12.375000	1.004782e+05	1.657357e+01	1.080629e+05	1.077314e+05	5.776590e+04	5.700984e+04	9.999000e+03	2.894140e+01	2023	1	10	6
	924	308	51.000000	-12.875000	1.001296e+05	1.657052e+01	1.079376e+05	1.075247e+05	5.760803e+04	5.681004e+04	9.999000e+03	2.065435e+01	2023	1	10	12
	923	305	50.750000	-13.625000	1.003825e+05	1.732690e+01	1.081177e+05	1.077830e+05	5.787663e+04	5.721051e+04	9.999000e+03	2.383794e+01	2023	1	10	18
	923	302	50.750000	-14.375000	1.002935e+05	1.532939e+01	1.079049e+05	1.076424e+05	5.765341e+04	5.712523e+04	9.999000e+03	1.989117e+01	2023	1	11	0
	921	302	50.250000	-14.375000	1.008166e+05	1.443837e+01	1.080983e+05	1.078776e+05	5.783869e+04	5.743648e+04	9.999000e+03	1.952905e+01	2023	1	11	6
	910	296	47.500000	-15.875000	1.005072e+05	1.099101e+01	1.080875e+05	1.077589e+05	5.763354e+04	5.727382e+04	9.999000e+03	3.008711e+01	2023	1	11	12
	921	302	50.250000	-14.375000	1.008226e+05	1.442221e+01	1.080862e+05	1.079473e+05	5.782159e+04	5.746900e+04	9.999000e+03	3.270471e+01	2023	1	11	18
	913	297	48.250000	-15.625000	1.005941e+05	1.166681e+01	1.078505e+05	1.076765e+05	5.754634e+04	5.724304e+04	9.999000e+03	2.451506e+01	2023	1	12	0
	914	296	48.500000	-15.875000	1.008394e+05	1.383879e+01	1.079958e+05	1.078067e+05	5.774825e+04	5.741842e+04	9.999000e+03	2.460874e+01	2023	1	12	6
	907	293	46.750000	-16.625000	1.003687e+05	9.429014e+00	1.079509e+05	1.076527e+05	5.755339e+04	5.724423e+04	9.999000e+03	3.366928e+01	2023	1	12	12
start	23	2023	1	8	12
	1219	301	124.750000	-14.625000	9.992502e+04	1.498564e+01	1.082946e+05	1.079489e+05	5.750266e+04	5.695395e+04	9.999000e+03	3.250634e+01	2023	1	8	12
	1221	303	125.250000	-14.125000	9.966693e+04	1.640486e+01	1.079667e+05	1.076906e+05	5.729514e+04	5.671274e+04	9.999000e+03	3.334118e+01	2023	1	8	18
	1218	300	124.500000	-14.875000	9.988405e+04	1.490054e+01	1.081619e+05	1.077492e+05	5.741723e+04	5.673805e+04	9.999000e+03	3.403769e+01	2023	1	9	0
	1214	296	123.500000	-15.875000	9.944629e+04	1.883067e+01	1.080523e+05	1.075447e+05	5.726262e+04	5.650039e+04	9.999000e+03	3.179970e+01	2023	1	9	6
	1217	295	124.250000	-16.125000	9.959430e+04	1.740278e+01	1.081564e+05	1.077870e+05	5.744507e+04	5.684386e+04	9.999000e+03	3.146568e+01	2023	1	9	12
	1207	291	121.750000	-17.125000	9.928821e+04	2.302550e+01	1.079367e+05	1.075487e+05	5.725982e+04	5.641036e+04	9.999000e+03	2.464026e+01	2023	1	9	18
	1214	289	123.500000	-17.625000	9.937634e+04	1.742018e+01	1.081129e+05	1.076772e+05	5.740489e+04	5.661657e+04	9.999000e+03	2.131546e+01	2023	1	10	0
	1209	286	122.250000	-18.375000	9.925175e+04	1.735510e+01	1.080868e+05	1.076632e+05	5.734150e+04	5.651073e+04	9.999000e+03	2.276869e+01	2023	1	10	6
	1207	283	121.750000	-19.125000	9.942615e+04	1.688309e+01	1.082206e+05	1.078080e+05	5.746948e+04	5.678866e+04	9.999000e+03	2.043476e+01	2023	1	10	12
	1205	283	121.250000	-19.125000	9.916402e+04	1.936149e+01	1.080339e+05	1.076417e+05	5.723968e+04	5.639609e+04	9.999000e+03	1.733342e+01	2023	1	10	18
	1205	282	121.250000	-19.375000	9.933246e+04	2.003712e+01	1.082073e+05	1.078385e+05	5.742664e+04	5.660286e+04	9.999000e+03	1.522307e+01	2023	1	11	0
	1203	280	120.750000	-19.875000	9.928820e+04	1.633022e+01	1.081851e+05	1.077974e+05	5.739813e+04	5.669039e+04	9.999000e+03	1.789953e+01	2023	1	11	6
	1201	279	120.250000	-20.125000	9.950576e+04	1.599575e+01	1.083815e+05	1.080040e+05	5.755911e+04	5.697141e+04	9.999000e+03	1.573521e+01	2023	1	11	12
	1201	279	120.250000	-20.125000	9.954159e+04	1.704194e+01	1.082212e+05	1.079371e+05	5.751415e+04	5.694952e+04	9.999000e+03	1.601010e+01	2023	1	11	18
	1196	277	119.000000	-20.625000	9.982562e+04	1.548646e+01	1.084492e+05	1.081344e+05	5.776967e+04	5.720451e+04	9.999000e+03	1.582714e+01	2023	1	12	0
	1193	276	118.250000	-20.875000	9.978498e+04	1.425781e+01	1.084775e+05	1.080973e+05	5.779033e+04	5.723220e+04	9.999000e+03	2.059751e+01	2023	1	12	6
	1191	276	117.750000	-20.875000	1.000282e+05	1.296441e+01	1.085386e+05	1.081281e+05	5.789747e+04	5.735055e+04	9.999000e+03	1.875539e+01	2023	1	12	12
	1187	276	116.750000	-20.875000	9.992818e+04	1.343461e+01	1.082816e+05	1.079210e+05	5.774188e+04	5.729928e+04	9.999000e+03	1.267225e+01	2023	1	12	18
	1183	275	115.750000	-21.125000	1.001531e+05	1.145181e+01	1.085008e+05	1.081402e+05	5.795719e+04	5.758229e+04	9.999000e+03	6.942719e+00	2023	1	13	0
	1179	276	114.750000	-20.875000	1.001491e+05	1.198596e+01	1.083763e+05	1.080562e+05	5.797452e+04	5.752083e+04	9.999000e+03	5.377544e+00	2023	1	13	6
	1176	277	114.000000	-20.625000	1.002544e+05	1.231101e+01	1.083838e+05	1.081269e+05	5.801608e+04	5.764746e+04	9.999000e+03	4.899178e+00	2023	1	13	12
	1172	278	113.000000	-20.375000	1.001498e+05	1.296567e+01	1.082883e+05	1.078836e+05	5.789925e+04	5.748234e+04	9.999000e+03	6.051695e+00	2023	1	13	18
	1167	279	111.750000	-20.125000	1.003748e+05	1.225918e+01	1.082644e+05	1.079815e+05	5.795018e+04	5.761638e+04	3.013647e+02	7.882402e-01	2023	1	14	0
start	14	2023	1	12	6
	121	309	-149.750000	-12.625000	1.003646e+05	1.215505e+01	1.081225e+05	1.078424e+05	5.756489e+04	5.727404e+04	3.034093e+02	2.632193e+01	2023	1	12	6
	122	308	-149.500000	-12.875000	1.001476e+05	1.209485e+01	1.079680e+05	1.076267e+05	5.741736e+04	5.705927e+04	3.033189e+02	3.314539e+01	2023	1	12	12
	124	310	-149.000000	-12.375000	1.003537e+05	1.270529e+01	1.082273e+05	1.078587e+05	5.755045e+04	5.728540e+04	3.033663e+02	3.298904e+01	2023	1	12	18
	130	310	-147.500000	-12.375000	1.000702e+05	1.565325e+01	1.080199e+05	1.076587e+05	5.734852e+04	5.700287e+04	3.039186e+02	2.500395e+01	2023	1	13	0
	130	312	-147.500000	-11.875000	1.002340e+05	1.414769e+01	1.081745e+05	1.079044e+05	5.754698e+04	5.721144e+04	3.033641e+02	2.500975e+01	2023	1	13	6
	135	315	-146.250000	-11.125000	9.997639e+04	1.682096e+01	1.080155e+05	1.076194e+05	5.737967e+04	5.701430e+04	3.032881e+02	3.640108e+01	2023	1	13	12
	139	312	-145.250000	-11.875000	1.001119e+05	1.847975e+01	1.081942e+05	1.077388e+05	5.754054e+04	5.719401e+04	3.031339e+02	3.627954e+01	2023	1	13	18
	142	311	-144.500000	-12.125000	9.985287e+04	1.977567e+01	1.080495e+05	1.075822e+05	5.736747e+04	5.689355e+04	3.031367e+02	3.191924e+01	2023	1	14	0
	144	311	-144.000000	-12.125000	1.001413e+05	1.787998e+01	1.081395e+05	1.077672e+05	5.756780e+04	5.715075e+04	3.030317e+02	2.162298e+01	2023	1	14	6
	148	310	-143.000000	-12.375000	9.988082e+04	1.810165e+01	1.079373e+05	1.074722e+05	5.738547e+04	5.688622e+04	3.028935e+02	2.582506e+01	2023	1	14	12
	152	304	-142.000000	-13.875000	1.000701e+05	1.883097e+01	1.081514e+05	1.075147e+05	5.755838e+04	5.705530e+04	3.026396e+02	2.519096e+01	2023	1	14	18
	154	304	-141.500000	-13.875000	9.982084e+04	1.817360e+01	1.079748e+05	1.075823e+05	5.737527e+04	5.681366e+04	3.026470e+02	2.218277e+01	2023	1	15	0
	157	303	-140.750000	-14.125000	1.000050e+05	1.833211e+01	1.081039e+05	1.077698e+05	5.758723e+04	5.709073e+04	3.026000e+02	2.230115e+01	2023	1	15	6
	158	300	-140.500000	-14.875000	9.966859e+04	1.925620e+01	1.078609e+05	1.074021e+05	5.727251e+04	5.687604e+04	3.025555e+02	2.277379e+01	2023	1	15	12
start	19	2023	1	14	6
	45	275	-168.750000	-21.125000	9.932275e+04	2.197994e+01	1.076894e+05	1.064426e+05	5.726875e+04	5.641805e+04	3.014368e+02	3.411627e+01	2023	1	14	6
	48	272	-168.000000	-21.875000	9.903155e+04	2.325043e+01	1.075400e+05	1.063884e+05	5.720970e+04	5.622091e+04	3.007383e+02	3.680046e+01	2023	1	14	12
	47	269	-168.250000	-22.625000	9.859987e+04	2.277323e+01	1.074434e+05	1.062186e+05	5.714386e+04	5.578124e+04	3.003492e+02	3.146419e+01	2023	1	14	18
	48	265	-168.000000	-23.625000	9.853305e+04	2.200398e+01	1.074256e+05	1.062226e+05	5.702139e+04	5.572294e+04	2.997834e+02	2.559704e+01	2023	1	15	0
	45	262	-168.750000	-24.375000	9.863859e+04	2.008422e+01	1.074614e+05	1.063628e+05	5.703516e+04	5.595634e+04	2.995273e+02	2.228716e+01	2023	1	15	6
	42	260	-169.500000	-24.875000	9.878816e+04	2.077153e+01	1.072123e+05	1.062196e+05	5.698673e+04	5.594157e+04	2.992855e+02	2.014710e+01	2023	1	15	12
	39	257	-170.250000	-25.625000	9.894961e+04	2.111570e+01	1.071065e+05	1.061929e+05	5.700136e+04	5.596921e+04	2.986890e+02	1.516104e+01	2023	1	15	18
	36	256	-171.000000	-25.875000	9.900520e+04	1.854984e+01	1.071002e+05	1.062718e+05	5.701718e+04	5.601186e+04	2.987957e+02	1.269308e+01	2023	1	16	0
	32	253	-172.000000	-26.625000	9.908515e+04	1.993143e+01	1.071840e+05	1.063048e+05	5.709262e+04	5.607702e+04	2.988837e+02	1.424167e+01	2023	1	16	6
	27	249	-173.250000	-27.625000	9.915614e+04	2.176520e+01	1.071024e+05	1.061228e+05	5.717052e+04	5.606007e+04	2.984679e+02	1.528216e+01	2023	1	16	12
	21	247	-174.750000	-28.125000	9.911140e+04	2.132971e+01	1.070068e+05	1.057984e+05	5.713573e+04	5.591150e+04	2.984646e+02	1.719423e+01	2023	1	16	18
	15	243	-176.250000	-29.125000	9.898460e+04	2.218741e+01	1.067995e+05	1.057808e+05	5.719819e+04	5.572958e+04	2.980456e+02	2.175308e+01	2023	1	17	0
	7	240	-178.250000	-29.875000	9.867202e+04	2.333511e+01	1.067098e+05	1.056386e+05	5.708512e+04	5.548153e+04	2.978809e+02	2.366747e+01	2023	1	17	6
	1437	238	179.250000	-30.375000	9.866402e+04	2.267422e+01	1.066722e+05	1.056401e+05	5.708158e+04	5.547016e+04	2.977282e+02	2.261510e+01	2023	1	17	12
	1431	236	177.750000	-30.875000	9.868360e+04	2.125820e+01	1.065387e+05	1.055070e+05	5.706627e+04	5.544564e+04	2.972682e+02	1.491690e+01	2023	1	17	18
	1423	235	175.750000	-31.125000	9.884222e+04	2.184531e+01	1.065695e+05	1.056807e+05	5.710609e+04	5.561774e+04	2.974082e+02	8.994353e+00	2023	1	18	0
	1416	234	174.000000	-31.375000	9.886710e+04	2.131481e+01	1.064496e+05	1.056672e+05	5.700897e+04	5.560866e+04	2.973590e+02	6.407185e+00	2023	1	18	6
	1410	233	172.500000	-31.625000	9.922430e+04	2.090103e+01	1.068656e+05	1.058621e+05	5.710330e+04	5.588552e+04	2.969851e+02	6.148538e+00	2023	1	18	12
	1403	232	170.750000	-31.875000	9.936224e+04	1.835549e+01	1.070018e+05	1.058540e+05	5.701556e+04	5.600383e+04	2.965425e+02	3.538407e+00	2023	1	18	18
start	27	2023	1	23	18
	1020	314	75.000000	-11.375000	1.006935e+05	1.195567e+01	1.079768e+05	1.078365e+05	5.773747e+04	5.755900e+04	3.030044e+02	3.412830e+01	2023	1	23	18
	1020	312	75.000000	-11.875000	1.004143e+05	1.281326e+01	1.077532e+05	1.075322e+05	5.751548e+04	5.723913e+04	3.028521e+02	3.224340e+01	2023	1	24	0
	1020	312	75.000000	-11.875000	1.005684e+05	1.225722e+01	1.079811e+05	1.077295e+05	5.770488e+04	5.731413e+04	3.028079e+02	2.921854e+01	2023	1	24	6
	1019	311	74.750000	-12.125000	1.002794e+05	1.246414e+01	1.078588e+05	1.075356e+05	5.750180e+04	5.716294e+04	3.027161e+02	3.360625e+01	2023	1	24	12
	1018	309	74.500000	-12.625000	1.005707e+05	1.488459e+01	1.080118e+05	1.077965e+05	5.774796e+04	5.742330e+04	3.025237e+02	3.809739e+01	2023	1	24	18
	1016	308	74.000000	-12.875000	1.002273e+05	1.400961e+01	1.077904e+05	1.075375e+05	5.754593e+04	5.713678e+04	3.022833e+02	2.782273e+01	2023	1	25	0
	1013	307	73.250000	-13.125000	1.003949e+05	1.480529e+01	1.079875e+05	1.077986e+05	5.770296e+04	5.729983e+04	3.021345e+02	2.462126e+01	2023	1	25	6
	1010	306	72.500000	-13.375000	1.000518e+05	1.522734e+01	1.078147e+05	1.076481e+05	5.752955e+04	5.699314e+04	3.022243e+02	3.347477e+01	2023	1	25	12
	1009	305	72.250000	-13.625000	1.002984e+05	1.484468e+01	1.080292e+05	1.077991e+05	5.774505e+04	5.723870e+04	3.022496e+02	4.032005e+01	2023	1	25	18
	1009	304	72.250000	-13.875000	9.992795e+04	1.759252e+01	1.077879e+05	1.075822e+05	5.753555e+04	5.685034e+04	3.021808e+02	3.636089e+01	2023	1	26	0
	1008	301	72.000000	-14.625000	1.000506e+05	1.796235e+01	1.080262e+05	1.078137e+05	5.769856e+04	5.698130e+04	3.020367e+02	3.240643e+01	2023	1	26	6
	1006	298	71.500000	-15.375000	9.974856e+04	1.823632e+01	1.078581e+05	1.076170e+05	5.752298e+04	5.680618e+04	3.018958e+02	3.789540e+01	2023	1	26	12
	1004	296	71.000000	-15.875000	9.991740e+04	2.035159e+01	1.080484e+05	1.076657e+05	5.767214e+04	5.698629e+04	3.018246e+02	4.644361e+01	2023	1	26	18
	1003	295	70.750000	-16.125000	9.961213e+04	1.902827e+01	1.077791e+05	1.073533e+05	5.742255e+04	5.671409e+04	3.016656e+02	4.949847e+01	2023	1	27	0
	1002	293	70.500000	-16.625000	9.973333e+04	2.175583e+01	1.079359e+05	1.074536e+05	5.754159e+04	5.683781e+04	3.014874e+02	4.852579e+01	2023	1	27	6
	1001	291	70.250000	-17.125000	9.947377e+04	2.201724e+01	1.077968e+05	1.072597e+05	5.738978e+04	5.675404e+04	3.013343e+02	4.464013e+01	2023	1	27	12
	1002	289	70.500000	-17.625000	9.972425e+04	2.332274e+01	1.079520e+05	1.073048e+05	5.760054e+04	5.696014e+04	3.010406e+02	5.077034e+01	2023	1	27	18
	1002	286	70.500000	-18.375000	9.926147e+04	2.450745e+01	1.076941e+05	1.070907e+05	5.733937e+04	5.670277e+04	3.006461e+02	4.669162e+01	2023	1	28	0
	1002	286	70.500000	-18.375000	9.925390e+04	2.372366e+01	1.078518e+05	1.073657e+05	5.752098e+04	5.675657e+04	3.004874e+02	3.614604e+01	2023	1	28	6
	1001	284	70.250000	-18.875000	9.896462e+04	2.467052e+01	1.077138e+05	1.071936e+05	5.734981e+04	5.643475e+04	3.003888e+02	2.014295e+01	2023	1	28	12
	1001	281	70.250000	-19.625000	9.936175e+04	2.095220e+01	1.079051e+05	1.073607e+05	5.760907e+04	5.662219e+04	3.001920e+02	1.548135e+01	2023	1	28	18
	999	278	69.750000	-20.375000	9.938669e+04	2.226041e+01	1.077056e+05	1.071959e+05	5.742568e+04	5.659861e+04	3.001139e+02	1.310567e+01	2023	1	29	0
	995	275	68.750000	-21.125000	9.966935e+04	2.134389e+01	1.079625e+05	1.074594e+05	5.761057e+04	5.686057e+04	3.001518e+02	8.228909e+00	2023	1	29	6
	992	272	68.000000	-21.875000	9.963996e+04	2.108664e+01	1.078578e+05	1.073179e+05	5.758591e+04	5.686973e+04	3.003474e+02	1.012322e+01	2023	1	29	12
	990	267	67.500000	-23.125000	9.999634e+04	2.273734e+01	1.081500e+05	1.075246e+05	5.780002e+04	5.713262e+04	3.002992e+02	1.131587e+01	2023	1	29	18
	984	265	66.000000	-23.625000	9.989179e+04	2.153228e+01	1.080538e+05	1.074117e+05	5.766184e+04	5.701277e+04	3.003566e+02	8.767895e+00	2023	1	30	0
	977	262	64.250000	-24.375000	1.001829e+05	2.008344e+01	1.082712e+05	1.077296e+05	5.787927e+04	5.732401e+04	3.004155e+02	5.650915e+00	2023	1	30	6
start	42	2023	1	24	18
	971	309	62.750000	-12.625000	1.007119e+05	1.321572e+01	1.079006e+05	1.077385e+05	5.770727e+04	5.731562e+04	3.026829e+02	2.512339e+01	2023	1	24	18
	970	311	62.500000	-12.125000	1.003298e+05	1.248537e+01	1.076892e+05	1.075094e+05	5.744157e+04	5.707238e+04	3.025740e+02	2.418310e+01	2023	1	25	0
	969	310	62.250000	-12.375000	1.005222e+05	1.316543e+01	1.079612e+05	1.077647e+05	5.763966e+04	5.730798e+04	3.025464e+02	2.471284e+01	2023	1	25	6
	970	310	62.500000	-12.375000	1.001847e+05	1.250125e+01	1.077567e+05	1.075341e+05	5.746599e+04	5.706729e+04	3.032889e+02	3.010437e+01	2023	1	25	12
	967	310	61.750000	-12.375000	1.004380e+05	1.381084e+01	1.080061e+05	1.077922e+05	5.769123e+04	5.733043e+04	3.026558e+02	2.924132e+01	2023	1	25	18
	965	313	61.250000	-11.625000	1.001196e+05	1.348156e+01	1.077395e+05	1.075342e+05	5.742819e+04	5.704035e+04	3.023722e+02	2.684835e+01	2023	1	26	0
	965	310	61.250000	-12.375000	1.002893e+05	1.384010e+01	1.079580e+05	1.077819e+05	5.764814e+04	5.724084e+04	3.025457e+02	3.137957e+01	2023	1	26	6
	962	310	60.500000	-12.375000	9.996059e+04	1.593408e+01	1.078320e+05	1.075499e+05	5.743851e+04	5.690958e+04	3.032191e+02	3.140977e+01	2023	1	26	12
	962	308	60.500000	-12.875000	1.001730e+05	1.550941e+01	1.079595e+05	1.077252e+05	5.760599e+04	5.706660e+04	3.024612e+02	3.524099e+01	2023	1	26	18
	961	311	60.250000	-12.125000	9.974340e+04	1.754796e+01	1.077821e+05	1.074366e+05	5.735540e+04	5.674164e+04	3.023177e+02	3.289541e+01	2023	1	27	0
	957	308	59.250000	-12.875000	9.991024e+04	1.703039e+01	1.079318e+05	1.076333e+05	5.754885e+04	5.702838e+04	3.023233e+02	2.448887e+01	2023	1	27	6
	954	310	58.500000	-12.375000	9.955691e+04	1.888153e+01	1.077656e+05	1.073886e+05	5.734064e+04	5.671038e+04	3.027247e+02	2.667918e+01	2023	1	27	12
	957	310	59.250000	-12.375000	9.982030e+04	1.901230e+01	1.079189e+05	1.076137e+05	5.756597e+04	5.699704e+04	3.022972e+02	3.350723e+01	2023	1	27	18
	954	307	58.500000	-13.125000	9.949828e+04	2.106327e+01	1.077103e+05	1.073845e+05	5.731823e+04	5.675620e+04	3.021321e+02	2.525944e+01	2023	1	28	0
	956	304	59.000000	-13.875000	9.970638e+04	1.875669e+01	1.078831e+05	1.076357e+05	5.753498e+04	5.694803e+04	3.021966e+02	2.006536e+01	2023	1	28	6
	954	304	58.500000	-13.875000	9.945545e+04	1.914654e+01	1.077923e+05	1.074186e+05	5.734857e+04	5.679156e+04	3.031764e+02	1.984361e+01	2023	1	28	12
	955	303	58.750000	-14.125000	9.976902e+04	1.873351e+01	1.079771e+05	1.077410e+05	5.757618e+04	5.703728e+04	3.024665e+02	2.621676e+01	2023	1	28	18
	957	301	59.250000	-14.625000	9.959602e+04	1.877423e+01	1.077888e+05	1.074773e+05	5.738084e+04	5.685456e+04	3.020194e+02	1.788526e+01	2023	1	29	0
	956	301	59.000000	-14.625000	9.978966e+04	1.738840e+01	1.080011e+05	1.076425e+05	5.757735e+04	5.717352e+04	3.018843e+02	1.335015e+01	2023	1	29	6
	957	299	59.250000	-15.125000	9.957802e+04	1.758164e+01	1.078829e+05	1.074622e+05	5.738581e+04	5.695979e+04	3.029287e+02	1.986342e+01	2023	1	29	12
	956	297	59.000000	-15.625000	9.989067e+04	1.811525e+01	1.081720e+05	1.076728e+05	5.763359e+04	5.714423e+04	3.022637e+02	2.710472e+01	2023	1	29	18
	957	297	59.250000	-15.625000	9.966068e+04	1.839281e+01	1.078715e+05	1.075071e+05	5.740552e+04	5.685384e+04	3.017489e+02	1.594249e+01	2023	1	30	0
	959	294	59.750000	-16.375000	9.983865e+04	1.829956e+01	1.081197e+05	1.077540e+05	5.768043e+04	5.710955e+04	3.016377e+02	1.159452e+01	2023	1	30	6
	959	293	59.750000	-16.625000	9.969673e+04	1.881238e+01	1.079477e+05	1.075869e+05	5.752663e+04	5.704697e+04	3.017863e+02	1.271807e+01	2023	1	30	12
	960	290	60.000000	-17.375000	1.000012e+05	1.763295e+01	1.081492e+05	1.077959e+05	5.782923e+04	5.720647e+04	3.014664e+02	1.916370e+01	2023	1	30	18
	961	287	60.250000	-18.125000	9.973609e+04	1.746671e+01	1.080098e+05	1.075694e+05	5.760913e+04	5.689966e+04	3.012883e+02	1.712691e+01	2023	1	31	0
	961	281	60.250000	-19.625000	9.983674e+04	1.988229e+01	1.082262e+05	1.077824e+05	5.782904e+04	5.703502e+04	3.010031e+02	1.386868e+01	2023	1	31	6
	958	276	59.500000	-20.875000	9.953009e+04	1.806726e+01	1.081243e+05	1.076791e+05	5.774446e+04	5.681107e+04	9.999000e+03	1.611955e+01	2023	1	31	12
	956	273	59.000000	-21.625000	9.970270e+04	1.893187e+01	1.082880e+05	1.077701e+05	5.789556e+04	5.685355e+04	9.999000e+03	1.837877e+01	2023	1	31	18
	953	270	58.250000	-22.375000	9.946877e+04	1.915448e+01	1.081572e+05	1.076079e+05	5.768656e+04	5.664024e+04	3.011351e+02	1.154185e+01	2023	2	1	0
	951	267	57.750000	-23.125000	9.965112e+04	1.844809e+01	1.083183e+05	1.077828e+05	5.784968e+04	5.684258e+04	3.010110e+02	1.177302e+01	2023	2	1	6
	949	265	57.250000	-23.625000	9.947415e+04	2.049168e+01	1.081840e+05	1.077166e+05	5.772498e+04	5.669403e+04	3.009733e+02	1.237213e+01	2023	2	1	12
	946	264	56.500000	-23.875000	9.962526e+04	2.190239e+01	1.083143e+05	1.078907e+05	5.784218e+04	5.692261e+04	3.010998e+02	1.436916e+01	2023	2	1	18
	944	263	56.000000	-24.125000	9.926091e+04	2.145658e+01	1.080945e+05	1.075699e+05	5.764082e+04	5.674731e+04	3.012017e+02	1.199534e+01	2023	2	2	0
	943	262	55.750000	-24.375000	9.940408e+04	2.133757e+01	1.082000e+05	1.075757e+05	5.776434e+04	5.703462e+04	3.011626e+02	9.827852e+00	2023	2	2	6
	942	261	55.500000	-24.625000	9.939538e+04	1.753511e+01	1.080629e+05	1.072871e+05	5.759677e+04	5.711612e+04	3.013504e+02	1.188065e+01	2023	2	2	12
	943	260	55.750000	-24.875000	9.976134e+04	1.690252e+01	1.081631e+05	1.073437e+05	5.776623e+04	5.737019e+04	3.008842e+02	1.345347e+01	2023	2	2	18
	943	258	55.750000	-25.375000	9.961779e+04	1.794355e+01	1.078559e+05	1.069918e+05	5.752118e+04	5.702982e+04	3.005859e+02	2.014856e+01	2023	2	3	0
	945	258	56.250000	-25.375000	9.969145e+04	1.887268e+01	1.079967e+05	1.070851e+05	5.766326e+04	5.708275e+04	3.003020e+02	1.253003e+01	2023	2	3	6
	945	258	56.250000	-25.375000	9.947853e+04	1.886834e+01	1.078131e+05	1.069125e+05	5.750048e+04	5.694321e+04	3.003695e+02	7.377433e+00	2023	2	3	12
	944	258	56.000000	-25.375000	9.971749e+04	1.822018e+01	1.078884e+05	1.069438e+05	5.764685e+04	5.707807e+04	3.004230e+02	7.455514e+00	2023	2	3	18
	943	259	55.750000	-25.125000	9.968523e+04	1.753458e+01	1.075775e+05	1.067113e+05	5.744263e+04	5.693370e+04	3.006406e+02	8.155138e+00	2023	2	4	0
start	16	2023	1	29	12
	1074	325	88.500000	-8.625000	1.005416e+05	1.364581e+01	1.078930e+05	1.076131e+05	5.748558e+04	5.721327e+04	3.028239e+02	2.552608e+01	2023	1	29	12
	1072	322	88.000000	-9.375000	1.006511e+05	1.304193e+01	1.079465e+05	1.077191e+05	5.758462e+04	5.738738e+04	3.027968e+02	2.207708e+01	2023	1	29	18
	1069	324	87.250000	-8.875000	1.005009e+05	1.403986e+01	1.077771e+05	1.075892e+05	5.748779e+04	5.716133e+04	3.027234e+02	1.901133e+01	2023	1	30	0
	1066	321	86.500000	-9.625000	1.005381e+05	1.446714e+01	1.079712e+05	1.077600e+05	5.764452e+04	5.722152e+04	3.026252e+02	1.221588e+01	2023	1	30	6
	1064	322	86.000000	-9.375000	1.004173e+05	1.485548e+01	1.078896e+05	1.076801e+05	5.752379e+04	5.721128e+04	3.025181e+02	1.341949e+01	2023	1	30	12
	1063	320	85.750000	-9.875000	1.006387e+05	1.541195e+01	1.080613e+05	1.078632e+05	5.769139e+04	5.739075e+04	3.024366e+02	2.452389e+01	2023	1	30	18
	1058	319	84.500000	-10.125000	1.003700e+05	1.672478e+01	1.078809e+05	1.076738e+05	5.753923e+04	5.722970e+04	3.023999e+02	2.554025e+01	2023	1	31	0
	1058	316	84.500000	-10.875000	1.004363e+05	1.664426e+01	1.079965e+05	1.077280e+05	5.767369e+04	5.734838e+04	3.023264e+02	2.140532e+01	2023	1	31	6
	1055	314	83.750000	-11.375000	1.003551e+05	1.679262e+01	1.079321e+05	1.076740e+05	5.763350e+04	5.722728e+04	3.022494e+02	2.094925e+01	2023	1	31	12
	1055	311	83.750000	-12.125000	1.005066e+05	1.694708e+01	1.080316e+05	1.076492e+05	5.777333e+04	5.739508e+04	3.020849e+02	2.998701e+01	2023	1	31	18
	1053	310	83.250000	-12.375000	1.002706e+05	1.817956e+01	1.078732e+05	1.074696e+05	5.767677e+04	5.716016e+04	3.020191e+02	2.640811e+01	2023	2	1	0
	1053	308	83.250000	-12.875000	1.002296e+05	1.796333e+01	1.079266e+05	1.075851e+05	5.776001e+04	5.704445e+04	3.020322e+02	2.100063e+01	2023	2	1	6
	1053	306	83.250000	-13.375000	9.999741e+04	2.068979e+01	1.078667e+05	1.074618e+05	5.768419e+04	5.716059e+04	3.019997e+02	1.729054e+01	2023	2	1	12
	1053	305	83.250000	-13.625000	1.002409e+05	1.966885e+01	1.079940e+05	1.076022e+05	5.783445e+04	5.732003e+04	3.018455e+02	2.049636e+01	2023	2	1	18
	1053	302	83.250000	-14.375000	9.998694e+04	2.081469e+01	1.079168e+05	1.073611e+05	5.769737e+04	5.717156e+04	3.016592e+02	1.262406e+01	2023	2	2	0
	1050	302	82.500000	-14.375000	1.001211e+05	1.867246e+01	1.080261e+05	1.074062e+05	5.777669e+04	5.748347e+04	3.016246e+02	5.176562e+00	2023	2	2	6
start	11	2023	2	6	12
	1393	319	168.250000	-10.125000	1.003209e+05	1.346281e+01	1.083527e+05	1.081002e+05	5.770337e+04	5.731317e+04	3.037171e+02	2.203504e+01	2023	2	6	12
	1396	318	169.000000	-10.375000	1.000942e+05	1.371632e+01	1.082282e+05	1.079369e+05	5.754950e+04	5.717582e+04	3.036236e+02	1.688921e+01	2023	2	6	18
	1398	313	169.500000	-11.625000	1.002553e+05	1.513478e+01	1.083650e+05	1.081235e+05	5.769434e+04	5.733575e+04	3.036461e+02	1.854731e+01	2023	2	7	0
	1399	310	169.750000	-12.375000	1.000819e+05	1.389862e+01	1.083068e+05	1.080216e+05	5.768334e+04	5.719878e+04	3.035663e+02	1.666265e+01	2023	2	7	6
	1400	305	170.000000	-13.625000	1.002766e+05	1.473709e+01	1.084918e+05	1.081141e+05	5.784129e+04	5.734280e+04	3.033972e+02	1.674730e+01	2023	2	7	12
	1402	301	170.500000	-14.625000	1.001731e+05	1.481717e+01	1.083622e+05	1.080620e+05	5.775816e+04	5.733948e+04	3.032816e+02	8.910555e+00	2023	2	7	18
	1400	295	170.000000	-16.125000	1.003195e+05	1.529372e+01	1.084550e+05	1.082381e+05	5.793001e+04	5.756016e+04	9.999000e+03	8.937035e+00	2023	2	8	0
	1400	288	170.000000	-17.875000	1.002186e+05	1.568938e+01	1.083859e+05	1.081431e+05	5.780675e+04	5.740661e+04	9.999000e+03	1.137055e+01	2023	2	8	6
	1397	282	169.250000	-19.375000	1.004957e+05	1.555103e+01	1.084677e+05	1.081772e+05	5.791748e+04	5.756214e+04	9.999000e+03	1.315127e+01	2023	2	8	12
	1394	277	168.500000	-20.625000	1.003722e+05	1.376248e+01	1.082464e+05	1.076866e+05	5.776636e+04	5.738620e+04	9.999000e+03	1.503774e+01	2023	2	8	18
	1390	274	167.500000	-21.375000	1.005336e+05	1.385304e+01	1.083355e+05	1.076282e+05	5.781298e+04	5.754320e+04	9.999000e+03	1.206188e+01	2023	2	9	0
start	19	2023	2	11	6
	1220	285	125.000000	-18.625000	9.939674e+04	9.814688e+00	1.083160e+05	1.077149e+05	5.748969e+04	5.664837e+04	9.999000e+03	3.909801e+01	2023	2	11	6
	1217	282	124.250000	-19.375000	9.961111e+04	9.770344e+00	1.084571e+05	1.078936e+05	5.762794e+04	5.676865e+04	9.999000e+03	3.716897e+01	2023	2	11	12
	1211	281	122.750000	-19.625000	9.933527e+04	1.683198e+01	1.082398e+05	1.077266e+05	5.740913e+04	5.656414e+04	9.999000e+03	4.246585e+01	2023	2	11	18
	1210	285	122.500000	-18.625000	9.933712e+04	1.743553e+01	1.084245e+05	1.076492e+05	5.760857e+04	5.647062e+04	9.999000e+03	4.666623e+01	2023	2	12	0
	1205	283	121.250000	-19.125000	9.901434e+04	1.785062e+01	1.083422e+05	1.075140e+05	5.748222e+04	5.624402e+04	9.999000e+03	4.186113e+01	2023	2	12	6
	1202	282	120.500000	-19.375000	9.908242e+04	1.723697e+01	1.085199e+05	1.076479e+05	5.770534e+04	5.631032e+04	9.999000e+03	4.046777e+01	2023	2	12	12
	1198	282	119.500000	-19.375000	9.897260e+04	1.693670e+01	1.084047e+05	1.076772e+05	5.757594e+04	5.630068e+04	9.999000e+03	3.178117e+01	2023	2	12	18
	1194	277	118.500000	-20.625000	9.934885e+04	1.551907e+01	1.085685e+05	1.078634e+05	5.783675e+04	5.657937e+04	9.999000e+03	1.921485e+01	2023	2	13	0
	1186	274	116.500000	-21.375000	9.947529e+04	1.470094e+01	1.085660e+05	1.080302e+05	5.781447e+04	5.675332e+04	9.999000e+03	1.459134e+01	2023	2	13	6
	1180	272	115.000000	-21.875000	9.971273e+04	1.323996e+01	1.087080e+05	1.081862e+05	5.795770e+04	5.694042e+04	9.999000e+03	6.666711e+00	2023	2	13	12
	1175	271	113.750000	-22.125000	9.977012e+04	1.287887e+01	1.086064e+05	1.082071e+05	5.788905e+04	5.702205e+04	9.999000e+03	3.397370e+00	2023	2	13	18
	1171	267	112.750000	-23.125000	9.998874e+04	1.718604e+01	1.086462e+05	1.082336e+05	5.803521e+04	5.715779e+04	9.999000e+03	3.344813e+00	2023	2	14	0
	1163	264	110.750000	-23.875000	1.000155e+05	1.501143e+01	1.085792e+05	1.082791e+05	5.796678e+04	5.719971e+04	3.007226e+02	3.799583e+00	2023	2	14	6
	1159	262	109.750000	-24.375000	1.001326e+05	1.244901e+01	1.086594e+05	1.083743e+05	5.798079e+04	5.731838e+04	3.002555e+02	2.671888e+00	2023	2	14	12
	1155	259	108.750000	-25.125000	1.002136e+05	1.199049e+01	1.085691e+05	1.083275e+05	5.793246e+04	5.735730e+04	2.999976e+02	3.874172e+00	2023	2	14	18
	1150	256	107.500000	-25.875000	1.003206e+05	1.341381e+01	1.085145e+05	1.081555e+05	5.795145e+04	5.740293e+04	2.985859e+02	3.917190e+00	2023	2	15	0
	1146	252	106.500000	-26.875000	1.003386e+05	1.175833e+01	1.085111e+05	1.080130e+05	5.786611e+04	5.744886e+04	2.980020e+02	4.404290e+00	2023	2	15	6
	1144	251	106.000000	-27.125000	1.004213e+05	1.107191e+01	1.085725e+05	1.079662e+05	5.787575e+04	5.751115e+04	2.978947e+02	3.350105e+00	2023	2	15	12
	1141	251	105.250000	-27.125000	1.005309e+05	1.193966e+01	1.085232e+05	1.078682e+05	5.779547e+04	5.756227e+04	2.970608e+02	3.106516e+00	2023	2	15	18
start	39	2023	2	13	18
	937	301	54.250000	-14.625000	1.009105e+05	1.243451e+01	1.082684e+05	1.079984e+05	5.797137e+04	5.761514e+04	3.035914e+02	3.170514e+01	2023	2	13	18
	937	304	54.250000	-13.875000	1.006155e+05	9.850873e+00	1.080392e+05	1.077967e+05	5.769569e+04	5.738408e+04	3.032008e+02	2.696329e+01	2023	2	14	0
	934	306	53.500000	-13.375000	1.008349e+05	1.141461e+01	1.081885e+05	1.079960e+05	5.788758e+04	5.754417e+04	3.030605e+02	3.313607e+01	2023	2	14	6
	934	309	53.500000	-12.625000	1.005413e+05	1.246163e+01	1.080303e+05	1.077271e+05	5.761152e+04	5.727368e+04	3.037664e+02	3.639515e+01	2023	2	14	12
	932	305	53.000000	-13.625000	1.007672e+05	1.307906e+01	1.081870e+05	1.078851e+05	5.776914e+04	5.741429e+04	3.031323e+02	2.817911e+01	2023	2	14	18
	933	309	53.250000	-12.625000	1.004370e+05	1.404229e+01	1.079657e+05	1.076611e+05	5.763094e+04	5.717361e+04	3.027842e+02	2.357384e+01	2023	2	15	0
	933	307	53.250000	-13.125000	1.006408e+05	1.389713e+01	1.080960e+05	1.079159e+05	5.781441e+04	5.738182e+04	3.027101e+02	2.195429e+01	2023	2	15	6
	938	306	54.500000	-13.375000	1.002406e+05	1.326438e+01	1.079703e+05	1.076927e+05	5.752892e+04	5.711330e+04	3.035451e+02	3.058684e+01	2023	2	15	12
	938	304	54.500000	-13.875000	1.003985e+05	1.370969e+01	1.081495e+05	1.078405e+05	5.770935e+04	5.730493e+04	3.027796e+02	2.915124e+01	2023	2	15	18
	939	303	54.750000	-14.125000	1.001056e+05	1.270562e+01	1.078591e+05	1.076174e+05	5.746298e+04	5.706661e+04	3.025442e+02	2.550225e+01	2023	2	16	0
	935	302	53.750000	-14.375000	1.002713e+05	1.451465e+01	1.080497e+05	1.078386e+05	5.772405e+04	5.722082e+04	3.025085e+02	2.704618e+01	2023	2	16	6
	936	302	54.000000	-14.375000	9.994200e+04	1.614700e+01	1.079226e+05	1.076858e+05	5.748439e+04	5.700024e+04	3.029747e+02	3.176588e+01	2023	2	16	12
	936	302	54.000000	-14.375000	1.001590e+05	1.613587e+01	1.080948e+05	1.078792e+05	5.769957e+04	5.711777e+04	3.024753e+02	3.113432e+01	2023	2	16	18
	934	303	53.500000	-14.125000	9.985803e+04	1.746268e+01	1.078844e+05	1.076306e+05	5.749455e+04	5.691479e+04	3.023456e+02	2.776250e+01	2023	2	17	0
	934	300	53.500000	-14.875000	1.000359e+05	1.639262e+01	1.081325e+05	1.078757e+05	5.771459e+04	5.713272e+04	3.023311e+02	2.696027e+01	2023	2	17	6
	933	299	53.250000	-15.125000	9.975488e+04	1.701184e+01	1.080028e+05	1.076643e+05	5.754775e+04	5.693351e+04	3.026825e+02	2.931340e+01	2023	2	17	12
	928	299	52.000000	-15.125000	9.996705e+04	1.721949e+01	1.081990e+05	1.078577e+05	5.771849e+04	5.715240e+04	9.999000e+03	3.316804e+01	2023	2	17	18
	929	298	52.250000	-15.375000	9.967676e+04	1.814773e+01	1.079574e+05	1.076093e+05	5.747111e+04	5.691346e+04	9.999000e+03	3.299215e+01	2023	2	18	0
	924	299	51.000000	-15.125000	9.991168e+04	1.757046e+01	1.081216e+05	1.078701e+05	5.766309e+04	5.710034e+04	9.999000e+03	3.141479e+01	2023	2	18	6
	921	302	50.250000	-14.375000	9.985802e+04	1.600925e+01	1.079380e+05	1.077056e+05	5.749545e+04	5.690546e+04	9.999000e+03	3.463853e+01	2023	2	18	12
	922	303	50.500000	-14.125000	1.002019e+05	1.483137e+01	1.081013e+05	1.078537e+05	5.766307e+04	5.713378e+04	9.999000e+03	3.503107e+01	2023	2	18	18
	923	301	50.750000	-14.625000	9.995443e+04	1.600166e+01	1.079105e+05	1.076236e+05	5.748276e+04	5.699271e+04	9.999000e+03	3.058811e+01	2023	2	19	0
	923	300	50.750000	-14.875000	1.003029e+05	1.703782e+01	1.080883e+05	1.078689e+05	5.773885e+04	5.723885e+04	9.999000e+03	3.185574e+01	2023	2	19	6
	921	303	50.250000	-14.125000	9.995109e+04	1.683467e+01	1.079295e+05	1.076655e+05	5.753463e+04	5.703596e+04	9.999000e+03	3.603351e+01	2023	2	19	12
	912	301	48.000000	-14.625000	1.002407e+05	1.577832e+01	1.080755e+05	1.079067e+05	5.767900e+04	5.721905e+04	9.999000e+03	3.865613e+01	2023	2	19	18
	913	300	48.250000	-14.875000	1.000009e+05	1.509997e+01	1.079307e+05	1.076467e+05	5.749244e+04	5.696435e+04	9.999000e+03	3.095121e+01	2023	2	20	0
	911	300	47.750000	-14.875000	1.003535e+05	1.476865e+01	1.080550e+05	1.079144e+05	5.772102e+04	5.724142e+04	9.999000e+03	3.057594e+01	2023	2	20	6
	911	300	47.750000	-14.875000	9.992033e+04	1.591861e+01	1.079269e+05	1.077272e+05	5.751555e+04	5.688920e+04	9.999000e+03	3.802060e+01	2023	2	20	12
	911	299	47.750000	-15.125000	1.003214e+05	1.143510e+01	1.081039e+05	1.079479e+05	5.773658e+04	5.716403e+04	9.999000e+03	3.389243e+01	2023	2	20	18
	910	296	47.500000	-15.875000	1.001205e+05	1.125343e+01	1.078991e+05	1.077292e+05	5.748396e+04	5.703493e+04	9.999000e+03	2.460336e+01	2023	2	21	0
	905	297	46.250000	-15.625000	1.004891e+05	1.103524e+01	1.080731e+05	1.078844e+05	5.766970e+04	5.731198e+04	9.999000e+03	3.000994e+01	2023	2	21	6
	903	300	45.750000	-14.875000	1.002263e+05	1.063653e+01	1.079163e+05	1.077060e+05	5.746975e+04	5.707377e+04	9.999000e+03	3.266806e+01	2023	2	21	12
	903	301	45.750000	-14.625000	1.004348e+05	1.083791e+01	1.080374e+05	1.079099e+05	5.763390e+04	5.727495e+04	9.999000e+03	2.653160e+01	2023	2	21	18
	906	301	46.500000	-14.625000	1.002107e+05	1.144871e+01	1.078481e+05	1.076632e+05	5.748423e+04	5.713357e+04	9.999000e+03	2.152653e+01	2023	2	22	0
	904	300	46.000000	-14.875000	1.004615e+05	1.024794e+01	1.080413e+05	1.078633e+05	5.768786e+04	5.736047e+04	9.999000e+03	2.336442e+01	2023	2	22	6
	905	299	46.250000	-15.125000	1.002294e+05	1.104245e+01	1.079324e+05	1.077298e+05	5.748176e+04	5.716832e+04	9.999000e+03	2.266109e+01	2023	2	22	12
	904	299	46.000000	-15.125000	1.005024e+05	1.128299e+01	1.080132e+05	1.078844e+05	5.766324e+04	5.733493e+04	9.999000e+03	1.392334e+01	2023	2	22	18
	897	297	44.250000	-15.625000	1.002767e+05	1.268264e+01	1.078083e+05	1.076920e+05	5.745865e+04	5.719467e+04	9.999000e+03	9.363480e+00	2023	2	23	0
	896	298	44.000000	-15.375000	1.004421e+05	1.283903e+01	1.080015e+05	1.078114e+05	5.767355e+04	5.738903e+04	9.999000e+03	1.225397e+01	2023	2	23	6
start	66	2023	2	16	12
	995	308	68.750000	-12.875000	1.004329e+05	1.457624e+01	1.079803e+05	1.077721e+05	5.747699e+04	5.719277e+04	3.022433e+02	2.645529e+01	2023	2	16	12
	1001	306	70.250000	-13.375000	1.006556e+05	1.486628e+01	1.081498e+05	1.079199e+05	5.772296e+04	5.744209e+04	3.023693e+02	3.163763e+01	2023	2	16	18
	997	308	69.250000	-12.875000	1.003365e+05	1.497880e+01	1.079162e+05	1.077196e+05	5.747181e+04	5.710808e+04	3.020410e+02	3.202272e+01	2023	2	17	0
	998	308	69.500000	-12.875000	1.004924e+05	1.606064e+01	1.081879e+05	1.079252e+05	5.767718e+04	5.722723e+04	3.020115e+02	2.667561e+01	2023	2	17	6
	1000	309	70.000000	-12.625000	1.001786e+05	1.498847e+01	1.079968e+05	1.077316e+05	5.746919e+04	5.700545e+04	3.023809e+02	2.149793e+01	2023	2	17	12
	1001	309	70.250000	-12.625000	1.004247e+05	1.462842e+01	1.081517e+05	1.079030e+05	5.773267e+04	5.724608e+04	3.023783e+02	2.724781e+01	2023	2	17	18
	1000	307	70.000000	-13.125000	1.000533e+05	1.581141e+01	1.078440e+05	1.075934e+05	5.748055e+04	5.700459e+04	3.023470e+02	2.612981e+01	2023	2	18	0
	999	308	69.750000	-12.875000	1.001705e+05	1.549945e+01	1.080469e+05	1.078488e+05	5.768653e+04	5.712728e+04	3.020400e+02	2.463552e+01	2023	2	18	6
	997	305	69.250000	-13.625000	9.983559e+04	1.672519e+01	1.079036e+05	1.075982e+05	5.748476e+04	5.688596e+04	3.018586e+02	2.383759e+01	2023	2	18	12
	995	305	68.750000	-13.625000	1.000434e+05	1.745864e+01	1.081094e+05	1.077842e+05	5.768823e+04	5.701770e+04	3.018818e+02	2.980838e+01	2023	2	18	18
	994	304	68.500000	-13.875000	9.964384e+04	1.900594e+01	1.078325e+05	1.074967e+05	5.751311e+04	5.665142e+04	3.019174e+02	2.505030e+01	2023	2	19	0
	991	302	67.750000	-14.375000	9.976285e+04	1.804832e+01	1.080996e+05	1.077090e+05	5.769191e+04	5.687862e+04	3.019162e+02	2.282488e+01	2023	2	19	6
	990	301	67.500000	-14.625000	9.947420e+04	1.922269e+01	1.079515e+05	1.075731e+05	5.753193e+04	5.662344e+04	3.018238e+02	2.457380e+01	2023	2	19	12
	987	300	66.750000	-14.875000	9.963791e+04	2.011703e+01	1.081509e+05	1.077458e+05	5.771455e+04	5.677805e+04	3.018758e+02	3.005312e+01	2023	2	19	18
	984	300	66.000000	-14.875000	9.925031e+04	2.004010e+01	1.078683e+05	1.074198e+05	5.748532e+04	5.643700e+04	3.019872e+02	2.769438e+01	2023	2	20	0
	980	298	65.000000	-15.375000	9.938038e+04	2.093539e+01	1.080961e+05	1.075510e+05	5.767051e+04	5.653618e+04	3.018719e+02	2.380999e+01	2023	2	20	6
	978	296	64.500000	-15.875000	9.901635e+04	2.237168e+01	1.079823e+05	1.073242e+05	5.747734e+04	5.622121e+04	3.016417e+02	2.605121e+01	2023	2	20	12
	973	295	63.250000	-16.125000	9.913034e+04	2.334143e+01	1.081356e+05	1.075464e+05	5.771205e+04	5.629427e+04	3.016797e+02	3.143340e+01	2023	2	20	18
	968	294	62.000000	-16.375000	9.869440e+04	2.220552e+01	1.078518e+05	1.071986e+05	5.747634e+04	5.590966e+04	3.018144e+02	2.801310e+01	2023	2	21	0
	964	293	61.000000	-16.625000	9.888645e+04	2.365466e+01	1.080678e+05	1.072903e+05	5.767079e+04	5.614151e+04	3.017510e+02	2.255578e+01	2023	2	21	6
	960	293	60.000000	-16.625000	9.851271e+04	2.392103e+01	1.079278e+05	1.071357e+05	5.748329e+04	5.584904e+04	3.017809e+02	2.416083e+01	2023	2	21	12
	957	292	59.250000	-16.875000	9.876061e+04	2.338658e+01	1.081174e+05	1.073968e+05	5.770875e+04	5.617991e+04	3.016447e+02	2.585059e+01	2023	2	21	18
	953	292	58.250000	-16.875000	9.861337e+04	2.359073e+01	1.078945e+05	1.072483e+05	5.748409e+04	5.603564e+04	3.017367e+02	2.236443e+01	2023	2	22	0
	950	293	57.500000	-16.625000	9.880390e+04	2.358922e+01	1.081350e+05	1.074969e+05	5.767471e+04	5.631778e+04	3.017844e+02	2.334122e+01	2023	2	22	6
	949	291	57.250000	-17.125000	9.854239e+04	2.346654e+01	1.080206e+05	1.072529e+05	5.755823e+04	5.605420e+04	3.015542e+02	2.883412e+01	2023	2	22	12
	948	290	57.000000	-17.375000	9.863013e+04	2.470078e+01	1.081233e+05	1.073821e+05	5.775786e+04	5.607379e+04	3.013994e+02	3.803507e+01	2023	2	22	18
	946	288	56.500000	-17.875000	9.829564e+04	2.729509e+01	1.079004e+05	1.071064e+05	5.753836e+04	5.575377e+04	3.011904e+02	3.400423e+01	2023	2	23	0
	943	286	55.750000	-18.375000	9.834801e+04	2.549957e+01	1.080510e+05	1.073472e+05	5.769451e+04	5.583748e+04	3.013436e+02	3.133111e+01	2023	2	23	6
	942	284	55.500000	-18.875000	9.784613e+04	2.726232e+01	1.078840e+05	1.071175e+05	5.752448e+04	5.543407e+04	3.017245e+02	3.524969e+01	2023	2	23	12
	940	283	55.000000	-19.125000	9.813996e+04	2.794536e+01	1.081009e+05	1.073863e+05	5.773134e+04	5.572324e+04	3.018058e+02	4.071868e+01	2023	2	23	18
	939	280	54.750000	-19.875000	9.789952e+04	3.038082e+01	1.078479e+05	1.071531e+05	5.747809e+04	5.558361e+04	9.999000e+03	3.790977e+01	2023	2	24	0
	937	277	54.250000	-20.625000	9.812102e+04	2.809674e+01	1.080338e+05	1.073607e+05	5.766070e+04	5.585198e+04	9.999000e+03	3.062631e+01	2023	2	24	6
	935	277	53.750000	-20.625000	9.798548e+04	2.679641e+01	1.078966e+05	1.071877e+05	5.746162e+04	5.572855e+04	9.999000e+03	3.061496e+01	2023	2	24	12
	935	276	53.750000	-20.875000	9.798777e+04	2.564668e+01	1.080687e+05	1.073518e+05	5.767848e+04	5.584014e+04	9.999000e+03	3.177696e+01	2023	2	24	18
	935	276	53.750000	-20.875000	9.789334e+04	2.731582e+01	1.078266e+05	1.071278e+05	5.745637e+04	5.568511e+04	9.999000e+03	2.850941e+01	2023	2	25	0
	932	276	53.000000	-20.875000	9.808974e+04	2.651177e+01	1.080413e+05	1.072754e+05	5.761633e+04	5.588132e+04	3.014779e+02	2.618524e+01	2023	2	25	6
	932	276	53.000000	-20.875000	9.791779e+04	2.545102e+01	1.079097e+05	1.070988e+05	5.747784e+04	5.572859e+04	3.014944e+02	3.225760e+01	2023	2	25	12
	932	277	53.000000	-20.625000	9.814581e+04	2.431719e+01	1.080940e+05	1.071984e+05	5.762673e+04	5.585111e+04	3.014437e+02	3.290190e+01	2023	2	25	18
	930	276	52.500000	-20.875000	9.792227e+04	2.604203e+01	1.078640e+05	1.071112e+05	5.748735e+04	5.563440e+04	3.013856e+02	3.278537e+01	2023	2	26	0
	928	277	52.000000	-20.625000	9.808405e+04	2.718641e+01	1.080068e+05	1.072483e+05	5.760420e+04	5.582334e+04	3.013542e+02	3.982365e+01	2023	2	26	6
	928	278	52.000000	-20.375000	9.763620e+04	2.970570e+01	1.078944e+05	1.069639e+05	5.743801e+04	5.544188e+04	3.013377e+02	3.940555e+01	2023	2	26	12
	926	280	51.500000	-19.875000	9.775362e+04	3.080245e+01	1.079722e+05	1.069917e+05	5.754436e+04	5.549403e+04	3.012518e+02	3.788508e+01	2023	2	26	18
	924	281	51.000000	-19.625000	9.738415e+04	3.051584e+01	1.076542e+05	1.067170e+05	5.729884e+04	5.511558e+04	9.999000e+03	2.880400e+01	2023	2	27	0
	924	283	51.000000	-19.125000	9.754912e+04	2.829161e+01	1.078469e+05	1.068448e+05	5.747463e+04	5.533087e+04	9.999000e+03	2.896536e+01	2023	2	27	6
	926	283	51.500000	-19.125000	9.757390e+04	2.900487e+01	1.077152e+05	1.067819e+05	5.723959e+04	5.532896e+04	3.011961e+02	3.428704e+01	2023	2	27	12
	927	283	51.750000	-19.125000	9.813477e+04	2.698875e+01	1.078831e+05	1.072719e+05	5.746153e+04	5.578263e+04	3.011413e+02	3.028014e+01	2023	2	27	18
	928	283	52.000000	-19.125000	9.772013e+04	2.755295e+01	1.076655e+05	1.070023e+05	5.724648e+04	5.549870e+04	3.010982e+02	1.829015e+01	2023	2	28	0
	928	283	52.000000	-19.125000	9.802042e+04	2.526590e+01	1.078689e+05	1.070965e+05	5.749281e+04	5.575606e+04	3.010580e+02	1.648931e+01	2023	2	28	6
	929	283	52.250000	-19.125000	9.781834e+04	2.638358e+01	1.077186e+05	1.071487e+05	5.727907e+04	5.571216e+04	3.010461e+02	2.320255e+01	2023	2	28	12
	930	283	52.500000	-19.125000	9.772082e+04	2.574452e+01	1.079571e+05	1.072341e+05	5.753178e+04	5.560323e+04	3.009911e+02	1.988283e+01	2023	2	28	18
	931	281	52.750000	-19.625000	9.787988e+04	2.361825e+01	1.077123e+05	1.071135e+05	5.730564e+04	5.573886e+04	3.009365e+02	1.551979e+01	2023	3	1	0
	932	280	53.000000	-19.875000	9.814958e+04	2.415973e+01	1.079508e+05	1.073633e+05	5.752831e+04	5.608553e+04	3.009004e+02	1.222079e+01	2023	3	1	6
	934	277	53.500000	-20.625000	9.805286e+04	2.266451e+01	1.078065e+05	1.072730e+05	5.737239e+04	5.599938e+04	9.999000e+03	1.465608e+01	2023	3	1	12
	937	275	54.250000	-21.125000	9.818988e+04	2.608512e+01	1.079563e+05	1.074797e+05	5.759396e+04	5.609173e+04	9.999000e+03	1.575780e+01	2023	3	1	18
	940	272	55.000000	-21.875000	9.829245e+04	2.333352e+01	1.077608e+05	1.071735e+05	5.734570e+04	5.603315e+04	9.999000e+03	1.541538e+01	2023	3	2	0
	944	270	56.000000	-22.375000	9.836048e+04	2.295627e+01	1.080253e+05	1.072628e+05	5.758913e+04	5.619630e+04	9.999000e+03	1.910715e+01	2023	3	2	6
	950	266	57.500000	-23.375000	9.798974e+04	2.452688e+01	1.079026e+05	1.068927e+05	5.742415e+04	5.580580e+04	3.002703e+02	2.197676e+01	2023	3	2	12
	956	263	59.000000	-24.125000	9.835188e+04	2.445744e+01	1.080542e+05	1.067168e+05	5.759182e+04	5.615466e+04	3.001052e+02	1.925053e+01	2023	3	2	18
	962	258	60.500000	-25.375000	9.774451e+04	2.555106e+01	1.078673e+05	1.060245e+05	5.740609e+04	5.582267e+04	2.998460e+02	1.986335e+01	2023	3	3	0
	970	253	62.500000	-26.625000	9.847316e+04	2.507085e+01	1.081337e+05	1.053503e+05	5.765584e+04	5.585189e+04	2.994376e+02	1.758349e+01	2023	3	3	6
	982	243	65.500000	-29.125000	9.867540e+04	2.686153e+01	1.080206e+05	1.043068e+05	5.764386e+04	5.499541e+04	2.985442e+02	2.251023e+01	2023	3	3	12
	1000	229	70.000000	-32.625000	9.874167e+04	2.865129e+01	1.081196e+05	1.037428e+05	5.776722e+04	5.438866e+04	2.966765e+02	1.644950e+01	2023	3	3	18
	1014	212	73.500000	-36.875000	9.838394e+04	2.511179e+01	1.077828e+05	1.025508e+05	5.745038e+04	5.394420e+04	2.932805e+02	1.555074e+01	2023	3	4	0
	1027	200	76.750000	-39.875000	9.854434e+04	1.976651e+01	1.076464e+05	1.021295e+05	5.737798e+04	5.392362e+04	2.903478e+02	1.045566e+01	2023	3	4	6
	1039	194	79.750000	-41.375000	9.819134e+04	2.234794e+01	1.072737e+05	1.013383e+05	5.711385e+04	5.362387e+04	2.886370e+02	8.653997e+00	2023	3	4	12
	1056	187	84.000000	-43.125000	9.800384e+04	2.655241e+01	1.066992e+05	1.007784e+05	5.673242e+04	5.300886e+04	2.890771e+02	8.441782e+00	2023	3	4	18
start	39	2023	2	19	18
	1069	318	87.250000	-10.375000	1.007998e+05	1.038724e+01	1.082003e+05	1.079736e+05	5.781059e+04	5.756585e+04	3.031287e+02	3.231999e+01	2023	2	19	18
	1065	321	86.250000	-9.625000	1.005638e+05	1.277892e+01	1.079711e+05	1.077851e+05	5.759966e+04	5.731998e+04	3.029774e+02	3.057920e+01	2023	2	20	0
	1066	320	86.500000	-9.875000	1.006590e+05	1.182005e+01	1.081626e+05	1.079421e+05	5.774658e+04	5.735350e+04	3.029804e+02	2.144274e+01	2023	2	20	6
	1064	319	86.000000	-10.125000	1.004348e+05	1.171938e+01	1.080277e+05	1.077871e+05	5.761378e+04	5.717605e+04	3.028552e+02	2.286450e+01	2023	2	20	12
	1062	320	85.500000	-9.875000	1.006285e+05	1.262397e+01	1.082005e+05	1.079460e+05	5.776349e+04	5.734596e+04	3.027498e+02	3.846506e+01	2023	2	20	18
	1061	318	85.250000	-10.375000	1.003889e+05	1.336521e+01	1.080273e+05	1.076935e+05	5.760277e+04	5.714364e+04	3.026956e+02	2.757341e+01	2023	2	21	0
	1055	316	83.750000	-10.875000	1.005100e+05	1.452595e+01	1.081609e+05	1.078690e+05	5.775449e+04	5.733207e+04	3.028337e+02	1.984521e+01	2023	2	21	6
	1053	315	83.250000	-11.125000	1.002653e+05	1.464680e+01	1.080198e+05	1.077171e+05	5.762533e+04	5.719355e+04	3.028273e+02	1.490316e+01	2023	2	21	12
	1049	313	82.250000	-11.625000	1.005053e+05	1.438026e+01	1.081888e+05	1.079181e+05	5.782347e+04	5.741191e+04	3.027136e+02	2.054063e+01	2023	2	21	18
	1046	314	81.500000	-11.375000	1.002689e+05	1.549617e+01	1.079809e+05	1.077098e+05	5.761178e+04	5.728703e+04	3.026676e+02	1.815424e+01	2023	2	22	0
	1044	312	81.000000	-11.875000	1.004426e+05	1.556748e+01	1.081588e+05	1.079351e+05	5.779067e+04	5.743459e+04	3.027287e+02	1.534762e+01	2023	2	22	6
	1042	311	80.500000	-12.125000	1.002272e+05	1.579320e+01	1.080038e+05	1.077289e+05	5.762152e+04	5.730168e+04	3.028767e+02	1.513721e+01	2023	2	22	12
	1039	311	79.750000	-12.125000	1.004368e+05	1.594733e+01	1.081346e+05	1.079075e+05	5.779430e+04	5.751467e+04	3.027180e+02	1.773156e+01	2023	2	22	18
	1036	310	79.000000	-12.375000	1.001795e+05	1.761539e+01	1.078735e+05	1.076488e+05	5.755924e+04	5.728427e+04	3.025362e+02	1.447801e+01	2023	2	23	0
	1034	310	78.500000	-12.375000	1.003705e+05	1.612156e+01	1.080608e+05	1.078392e+05	5.772689e+04	5.749589e+04	3.025605e+02	1.339267e+01	2023	2	23	6
	1029	309	77.250000	-12.625000	1.001361e+05	1.695698e+01	1.078889e+05	1.076449e+05	5.756819e+04	5.726806e+04	3.025533e+02	1.610339e+01	2023	2	23	12
	1026	309	76.500000	-12.625000	1.004403e+05	1.741246e+01	1.080888e+05	1.078365e+05	5.777963e+04	5.750209e+04	3.027018e+02	2.374604e+01	2023	2	23	18
	1022	307	75.500000	-13.125000	1.001720e+05	1.753738e+01	1.078359e+05	1.075847e+05	5.758637e+04	5.714284e+04	3.022827e+02	1.774068e+01	2023	2	24	0
	1020	304	75.000000	-13.875000	1.004352e+05	1.713198e+01	1.080943e+05	1.077949e+05	5.778898e+04	5.731513e+04	3.024880e+02	1.439655e+01	2023	2	24	6
	1014	302	73.500000	-14.375000	1.001585e+05	1.602842e+01	1.079357e+05	1.075850e+05	5.761020e+04	5.709995e+04	3.025192e+02	1.974530e+01	2023	2	24	12
	1013	302	73.250000	-14.375000	1.003423e+05	1.536451e+01	1.081112e+05	1.078811e+05	5.779154e+04	5.728143e+04	3.024815e+02	1.866200e+01	2023	2	24	18
	1012	299	73.000000	-15.125000	1.000603e+05	1.417298e+01	1.078520e+05	1.076137e+05	5.756770e+04	5.707139e+04	3.024416e+02	1.405921e+01	2023	2	25	0
	1010	299	72.500000	-15.125000	1.002287e+05	1.482062e+01	1.080749e+05	1.078385e+05	5.774223e+04	5.720593e+04	3.024117e+02	1.157277e+01	2023	2	25	6
	1009	297	72.250000	-15.625000	9.991623e+04	1.456042e+01	1.078817e+05	1.076668e+05	5.752869e+04	5.698014e+04	3.023826e+02	1.726049e+01	2023	2	25	12
	1009	296	72.250000	-15.875000	1.001425e+05	1.490111e+01	1.080582e+05	1.078205e+05	5.770782e+04	5.729821e+04	3.021301e+02	1.562836e+01	2023	2	25	18
	1008	296	72.000000	-15.875000	9.988378e+04	1.439004e+01	1.077833e+05	1.075658e+05	5.745942e+04	5.703491e+04	3.019716e+02	9.879993e+00	2023	2	26	0
	1009	295	72.250000	-16.125000	1.000463e+05	1.485652e+01	1.079993e+05	1.076496e+05	5.766291e+04	5.726404e+04	3.016837e+02	1.108712e+01	2023	2	26	6
	1009	294	72.250000	-16.375000	9.973180e+04	1.447875e+01	1.077745e+05	1.073872e+05	5.738480e+04	5.707187e+04	3.017247e+02	1.365263e+01	2023	2	26	12
	1011	295	72.750000	-16.125000	9.997502e+04	1.550207e+01	1.079335e+05	1.075859e+05	5.761667e+04	5.721254e+04	3.018737e+02	1.650243e+01	2023	2	26	18
	1014	294	73.500000	-16.375000	9.968627e+04	1.558169e+01	1.077293e+05	1.072884e+05	5.737154e+04	5.692643e+04	3.018209e+02	9.784527e+00	2023	2	27	0
	1016	294	74.000000	-16.375000	9.991986e+04	1.541351e+01	1.079540e+05	1.075235e+05	5.766763e+04	5.705015e+04	3.018546e+02	1.054791e+01	2023	2	27	6
	1019	293	74.750000	-16.625000	9.978748e+04	1.542266e+01	1.078239e+05	1.074120e+05	5.743269e+04	5.699807e+04	3.018170e+02	1.269776e+01	2023	2	27	12
	1022	293	75.500000	-16.625000	1.000431e+05	1.571783e+01	1.080528e+05	1.076487e+05	5.770047e+04	5.723616e+04	3.016908e+02	1.195413e+01	2023	2	27	18
	1025	293	76.250000	-16.625000	9.985398e+04	1.675713e+01	1.078722e+05	1.074646e+05	5.749638e+04	5.703943e+04	3.014204e+02	9.761484e+00	2023	2	28	0
	1028	292	77.000000	-16.875000	1.000523e+05	1.645326e+01	1.080861e+05	1.077133e+05	5.773130e+04	5.720340e+04	3.013257e+02	1.237121e+01	2023	2	28	6
	1028	292	77.000000	-16.875000	9.972359e+04	1.723713e+01	1.079752e+05	1.076105e+05	5.759890e+04	5.714343e+04	3.013811e+02	7.819174e+00	2023	2	28	12
	1028	292	77.000000	-16.875000	1.001742e+05	1.481311e+01	1.082083e+05	1.078159e+05	5.783660e+04	5.755125e+04	3.013169e+02	7.892465e+00	2023	2	28	18
	1028	292	77.000000	-16.875000	1.000831e+05	1.474051e+01	1.080464e+05	1.076668e+05	5.766577e+04	5.740746e+04	3.012683e+02	6.622094e+00	2023	3	1	0
	1024	293	76.000000	-16.625000	1.003941e+05	1.492259e+01	1.082424e+05	1.079619e+05	5.786235e+04	5.766313e+04	3.015085e+02	7.324781e+00	2023	3	1	6
start	16	2023	3	6	0
	1301	284	145.250000	-18.875000	1.001945e+05	1.164353e+01	1.082252e+05	1.075570e+05	5.767392e+04	5.709516e+04	9.999000e+03	1.902412e+01	2023	3	6	0
	1307	284	146.750000	-18.875000	9.973433e+04	1.428308e+01	1.080685e+05	1.075483e+05	5.745007e+04	5.684631e+04	9.999000e+03	2.260066e+01	2023	3	6	6
	1314	282	148.500000	-19.375000	9.999562e+04	1.526781e+01	1.083025e+05	1.077954e+05	5.772265e+04	5.703300e+04	9.999000e+03	2.784317e+01	2023	3	6	12
	1322	278	150.500000	-20.375000	9.967045e+04	1.504751e+01	1.080196e+05	1.074194e+05	5.749306e+04	5.665449e+04	9.999000e+03	3.647898e+01	2023	3	6	18
	1329	276	152.250000	-20.875000	9.979337e+04	1.629694e+01	1.082737e+05	1.076553e+05	5.762467e+04	5.667681e+04	3.023586e+02	4.065849e+01	2023	3	7	0
	1335	275	153.750000	-21.125000	9.948789e+04	1.545872e+01	1.080436e+05	1.074603e+05	5.737154e+04	5.647777e+04	3.022172e+02	3.074606e+01	2023	3	7	6
	1338	274	154.500000	-21.375000	9.976845e+04	1.563134e+01	1.082445e+05	1.074709e+05	5.756674e+04	5.676402e+04	3.020928e+02	2.805707e+01	2023	3	7	12
	1340	277	155.000000	-20.625000	9.950188e+04	1.454789e+01	1.079660e+05	1.072055e+05	5.732765e+04	5.661029e+04	3.022655e+02	2.545367e+01	2023	3	7	18
	1344	278	156.000000	-20.375000	9.967245e+04	1.617299e+01	1.081415e+05	1.072918e+05	5.752691e+04	5.692417e+04	3.023776e+02	2.023906e+01	2023	3	8	0
	1346	281	156.500000	-19.625000	9.947330e+04	1.420145e+01	1.079270e+05	1.071289e+05	5.733685e+04	5.681657e+04	3.025647e+02	2.046711e+01	2023	3	8	6
	1349	283	157.250000	-19.125000	9.975869e+04	1.472585e+01	1.082552e+05	1.073792e+05	5.757732e+04	5.705286e+04	3.025573e+02	2.012498e+01	2023	3	8	12
	1351	284	157.750000	-18.875000	9.956768e+04	1.321898e+01	1.080313e+05	1.072633e+05	5.737712e+04	5.681851e+04	3.025118e+02	1.570709e+01	2023	3	8	18
	1355	284	158.750000	-18.875000	9.982031e+04	1.357483e+01	1.082255e+05	1.075533e+05	5.753576e+04	5.707927e+04	3.025381e+02	1.797557e+01	2023	3	9	0
	1358	283	159.500000	-19.125000	9.963263e+04	1.384354e+01	1.080057e+05	1.073835e+05	5.740445e+04	5.700007e+04	3.027087e+02	1.924497e+01	2023	3	9	6
	1362	283	160.500000	-19.125000	9.989336e+04	1.390759e+01	1.082462e+05	1.075248e+05	5.763521e+04	5.716241e+04	3.025291e+02	2.055302e+01	2023	3	9	12
	1365	282	161.250000	-19.375000	9.969116e+04	1.263697e+01	1.080477e+05	1.073214e+05	5.743912e+04	5.696506e+04	3.024458e+02	1.889593e+01	2023	3	9	18
start	27	2023	3	23	12
	1250	327	132.500000	-8.125000	1.005475e+05	1.247014e+01	1.082915e+05	1.080991e+05	5.777005e+04	5.742807e+04	9.999000e+03	2.754412e+01	2023	3	23	12
	1248	328	132.000000	-7.875000	1.002019e+05	1.501072e+01	1.079757e+05	1.077381e+05	5.746293e+04	5.708495e+04	9.999000e+03	2.932799e+01	2023	3	23	18
	1249	327	132.250000	-8.125000	1.003912e+05	1.370380e+01	1.082130e+05	1.079635e+05	5.768258e+04	5.735097e+04	9.999000e+03	1.340792e+01	2023	3	24	0
	1249	326	132.250000	-8.375000	1.000351e+05	1.249862e+01	1.080101e+05	1.078081e+05	5.749379e+04	5.707276e+04	9.999000e+03	1.126765e+01	2023	3	24	6
	1249	324	132.250000	-8.875000	1.004134e+05	1.291042e+01	1.082580e+05	1.080381e+05	5.775334e+04	5.741752e+04	9.999000e+03	2.151712e+01	2023	3	24	12
	1245	322	131.250000	-9.375000	1.001471e+05	1.452525e+01	1.079935e+05	1.078269e+05	5.750877e+04	5.719846e+04	9.999000e+03	1.993012e+01	2023	3	24	18
	1245	322	131.250000	-9.375000	1.002763e+05	1.445603e+01	1.082260e+05	1.079937e+05	5.771022e+04	5.738923e+04	9.999000e+03	1.424576e+01	2023	3	25	0
	1242	320	130.500000	-9.875000	1.000358e+05	1.575248e+01	1.080133e+05	1.078641e+05	5.755541e+04	5.726427e+04	9.999000e+03	9.306896e+00	2023	3	25	6
	1239	318	129.750000	-10.375000	1.002756e+05	1.465760e+01	1.082159e+05	1.080651e+05	5.772446e+04	5.750173e+04	9.999000e+03	1.583885e+01	2023	3	25	12
	1235	318	128.750000	-10.375000	1.000285e+05	1.483968e+01	1.079881e+05	1.078487e+05	5.753035e+04	5.722253e+04	9.999000e+03	1.915940e+01	2023	3	25	18
	1231	318	127.750000	-10.375000	1.002278e+05	1.649394e+01	1.081855e+05	1.080149e+05	5.769468e+04	5.735946e+04	9.999000e+03	1.389004e+01	2023	3	26	0
	1228	318	127.000000	-10.375000	9.996002e+04	1.509377e+01	1.079538e+05	1.078285e+05	5.751826e+04	5.709671e+04	9.999000e+03	8.509712e+00	2023	3	26	6
	1224	317	126.000000	-10.625000	1.001657e+05	1.424854e+01	1.081807e+05	1.080074e+05	5.765974e+04	5.728619e+04	9.999000e+03	1.669986e+01	2023	3	26	12
	1221	317	125.250000	-10.625000	9.992270e+04	1.644608e+01	1.079549e+05	1.078283e+05	5.745596e+04	5.704621e+04	9.999000e+03	2.665576e+01	2023	3	26	18
	1219	318	124.750000	-10.375000	1.001171e+05	1.621883e+01	1.080774e+05	1.078794e+05	5.752437e+04	5.714591e+04	9.999000e+03	2.187575e+01	2023	3	27	0
	1219	319	124.750000	-10.125000	9.987948e+04	1.614169e+01	1.078041e+05	1.076399e+05	5.738369e+04	5.687236e+04	9.999000e+03	1.194255e+01	2023	3	27	6
	1216	318	124.000000	-10.375000	1.001484e+05	1.476563e+01	1.079882e+05	1.077804e+05	5.753666e+04	5.701641e+04	9.999000e+03	1.854157e+01	2023	3	27	12
	1217	318	124.250000	-10.375000	9.994030e+04	1.452398e+01	1.078356e+05	1.075880e+05	5.736121e+04	5.680363e+04	9.999000e+03	3.240697e+01	2023	3	27	18
	1216	318	124.000000	-10.375000	1.001297e+05	1.539807e+01	1.079876e+05	1.076289e+05	5.748120e+04	5.690820e+04	9.999000e+03	2.301273e+01	2023	3	28	0
	1215	316	123.750000	-10.875000	9.982813e+04	1.608116e+01	1.078081e+05	1.073859e+05	5.727616e+04	5.661294e+04	9.999000e+03	1.738222e+01	2023	3	28	6
	1212	314	123.000000	-11.375000	1.000401e+05	1.591414e+01	1.079901e+05	1.075117e+05	5.749318e+04	5.678738e+04	9.999000e+03	1.645033e+01	2023	3	28	12
	1210	314	122.500000	-11.375000	9.988004e+04	1.516082e+01	1.077832e+05	1.074834e+05	5.734933e+04	5.669666e+04	9.999000e+03	2.401016e+01	2023	3	28	18
	1210	313	122.500000	-11.625000	1.000501e+05	1.599279e+01	1.080097e+05	1.077329e+05	5.757498e+04	5.698153e+04	9.999000e+03	1.834021e+01	2023	3	29	0
	1207	311	121.750000	-12.125000	9.984824e+04	1.744255e+01	1.078591e+05	1.074875e+05	5.738325e+04	5.674652e+04	3.033270e+02	1.712137e+01	2023	3	29	6
	1205	311	121.250000	-12.125000	1.000999e+05	1.708132e+01	1.080869e+05	1.076830e+05	5.760500e+04	5.707009e+04	3.032792e+02	1.580246e+01	2023	3	29	12
	1203	311	120.750000	-12.125000	1.000392e+05	1.665372e+01	1.078720e+05	1.076456e+05	5.746090e+04	5.708756e+04	3.032274e+02	1.639956e+01	2023	3	29	18
	1201	311	120.250000	-12.125000	1.002378e+05	1.795938e+01	1.080516e+05	1.078227e+05	5.762002e+04	5.729802e+04	3.031455e+02	9.793290e+00	2023	3	30	0
start	20	2023	3	30	12
	1195	310	118.750000	-12.375000	1.002321e+05	1.636554e+01	1.081139e+05	1.079496e+05	5.763315e+04	5.747275e+04	3.031630e+02	1.158331e+01	2023	3	30	12
	1192	311	118.000000	-12.125000	1.001529e+05	1.648439e+01	1.079809e+05	1.077789e+05	5.748630e+04	5.730965e+04	3.031896e+02	1.314154e+01	2023	3	30	18
	1190	311	117.500000	-12.125000	1.002114e+05	1.611770e+01	1.080077e+05	1.078924e+05	5.757593e+04	5.736137e+04	3.031437e+02	1.309168e+01	2023	3	31	0
	1187	310	116.750000	-12.375000	1.000407e+05	1.727015e+01	1.078856e+05	1.077451e+05	5.746369e+04	5.712961e+04	3.031622e+02	1.267514e+01	2023	3	31	6
	1183	312	115.750000	-11.875000	1.002101e+05	1.563332e+01	1.080018e+05	1.078376e+05	5.759774e+04	5.727252e+04	3.031281e+02	1.440797e+01	2023	3	31	12
	1180	312	115.000000	-11.875000	1.000703e+05	1.568673e+01	1.079241e+05	1.077392e+05	5.750680e+04	5.716858e+04	3.030202e+02	2.061992e+01	2023	3	31	18
	1178	312	114.500000	-11.875000	1.001816e+05	1.556115e+01	1.079690e+05	1.077166e+05	5.757389e+04	5.721262e+04	3.030575e+02	1.656234e+01	2023	4	1	0
	1176	311	114.000000	-12.125000	9.997380e+04	1.746806e+01	1.078288e+05	1.075907e+05	5.745438e+04	5.701899e+04	3.029536e+02	1.548577e+01	2023	4	1	6
	1173	310	113.250000	-12.375000	1.000649e+05	1.675134e+01	1.079783e+05	1.076836e+05	5.762423e+04	5.700692e+04	3.029557e+02	1.812459e+01	2023	4	1	12
	1170	309	112.500000	-12.625000	9.999855e+04	1.626709e+01	1.078889e+05	1.075571e+05	5.754682e+04	5.694155e+04	3.028845e+02	2.492357e+01	2023	4	1	18
	1167	307	111.750000	-13.125000	1.001011e+05	1.936688e+01	1.079481e+05	1.076144e+05	5.766057e+04	5.712971e+04	3.028271e+02	1.963251e+01	2023	4	2	0
	1167	306	111.750000	-13.375000	9.999892e+04	1.684849e+01	1.078877e+05	1.076310e+05	5.757101e+04	5.706893e+04	3.028566e+02	1.475760e+01	2023	4	2	6
	1165	304	111.250000	-13.875000	1.001849e+05	1.595215e+01	1.080631e+05	1.078277e+05	5.771868e+04	5.735646e+04	3.029217e+02	1.903188e+01	2023	4	2	12
	1163	303	110.750000	-14.125000	1.001184e+05	1.703601e+01	1.080309e+05	1.078338e+05	5.766114e+04	5.728230e+04	3.029223e+02	2.340351e+01	2023	4	2	18
	1161	303	110.250000	-14.125000	1.002017e+05	1.677366e+01	1.080582e+05	1.078414e+05	5.770718e+04	5.742054e+04	3.030042e+02	1.806549e+01	2023	4	3	0
	1159	302	109.750000	-14.375000	1.001010e+05	1.712584e+01	1.079771e+05	1.077355e+05	5.763284e+04	5.734941e+04	3.030707e+02	1.465595e+01	2023	4	3	6
	1157	301	109.250000	-14.625000	1.002440e+05	1.802906e+01	1.081220e+05	1.077164e+05	5.773313e+04	5.751867e+04	3.030409e+02	1.684919e+01	2023	4	3	12
	1156	300	109.000000	-14.875000	1.002572e+05	1.622356e+01	1.080772e+05	1.075886e+05	5.766776e+04	5.743064e+04	3.029941e+02	1.958941e+01	2023	4	3	18
	1154	299	108.500000	-15.125000	1.002531e+05	1.685006e+01	1.080365e+05	1.074768e+05	5.767414e+04	5.744855e+04	3.029351e+02	1.625845e+01	2023	4	4	0
	1153	298	108.250000	-15.375000	1.001988e+05	1.562588e+01	1.079641e+05	1.073991e+05	5.763699e+04	5.737023e+04	3.030216e+02	1.484112e+01	2023	4	4	6
start	25	2023	4	1	12
	1055	319	83.750000	-10.125000	1.004068e+05	1.388250e+01	1.078676e+05	1.076450e+05	5.754171e+04	5.726205e+04	3.035033e+02	1.870226e+01	2023	4	1	12
	1051	319	82.750000	-10.125000	1.005634e+05	1.473333e+01	1.080285e+05	1.078575e+05	5.770387e+04	5.739644e+04	3.032864e+02	2.184509e+01	2023	4	1	18
	1047	318	81.750000	-10.375000	1.003960e+05	1.562974e+01	1.079550e+05	1.076700e+05	5.757902e+04	5.728718e+04	3.030937e+02	1.977964e+01	2023	4	2	0
	1041	317	80.250000	-10.625000	1.005594e+05	1.637580e+01	1.081512e+05	1.079421e+05	5.778379e+04	5.744750e+04	3.029865e+02	2.044351e+01	2023	4	2	6
	1038	318	79.500000	-10.375000	1.003675e+05	1.602417e+01	1.080193e+05	1.077927e+05	5.763633e+04	5.732752e+04	3.030781e+02	1.830560e+01	2023	4	2	12
	1033	317	78.250000	-10.625000	1.006310e+05	1.633176e+01	1.081740e+05	1.079863e+05	5.789090e+04	5.759401e+04	3.029654e+02	1.970171e+01	2023	4	2	18
	1028	318	77.000000	-10.375000	1.004166e+05	1.747909e+01	1.080372e+05	1.078164e+05	5.775587e+04	5.738070e+04	3.031195e+02	2.049093e+01	2023	4	3	0
	1022	315	75.500000	-11.125000	1.006306e+05	1.925059e+01	1.082472e+05	1.080895e+05	5.800152e+04	5.761581e+04	3.031891e+02	1.514933e+01	2023	4	3	6
	1019	316	74.750000	-10.875000	1.003817e+05	1.663119e+01	1.080811e+05	1.078643e+05	5.781936e+04	5.750224e+04	3.033354e+02	1.519358e+01	2023	4	3	12
	1013	316	73.250000	-10.875000	1.006276e+05	1.785364e+01	1.082908e+05	1.080286e+05	5.801282e+04	5.763380e+04	3.032111e+02	2.175563e+01	2023	4	3	18
	1009	315	72.250000	-11.125000	1.003111e+05	1.763912e+01	1.080785e+05	1.077308e+05	5.779436e+04	5.740974e+04	3.030561e+02	1.720057e+01	2023	4	4	0
	1004	315	71.000000	-11.125000	1.005492e+05	1.742562e+01	1.082842e+05	1.079603e+05	5.799439e+04	5.769526e+04	3.029849e+02	1.737449e+01	2023	4	4	6
	1001	315	70.250000	-11.125000	1.002643e+05	1.605600e+01	1.081205e+05	1.077781e+05	5.775613e+04	5.742575e+04	3.029716e+02	2.355265e+01	2023	4	4	12
	998	314	69.500000	-11.375000	1.004625e+05	1.777069e+01	1.082293e+05	1.079174e+05	5.794149e+04	5.760700e+04	3.028498e+02	2.691748e+01	2023	4	4	18
	995	314	68.750000	-11.375000	1.001098e+05	1.672349e+01	1.079253e+05	1.076605e+05	5.762464e+04	5.727106e+04	3.026935e+02	2.452699e+01	2023	4	5	0
	992	315	68.000000	-11.125000	1.003345e+05	1.688927e+01	1.081243e+05	1.078565e+05	5.785744e+04	5.743528e+04	3.028276e+02	1.989704e+01	2023	4	5	6
	990	314	67.500000	-11.375000	1.000690e+05	1.573246e+01	1.079308e+05	1.076478e+05	5.760373e+04	5.732688e+04	3.028041e+02	1.819938e+01	2023	4	5	12
	989	312	67.250000	-11.875000	1.002968e+05	1.703515e+01	1.081405e+05	1.077603e+05	5.781243e+04	5.751249e+04	3.025672e+02	2.580846e+01	2023	4	5	18
	989	311	67.250000	-12.125000	9.992374e+04	1.648827e+01	1.078105e+05	1.074528e+05	5.755739e+04	5.716430e+04	3.023806e+02	1.856106e+01	2023	4	6	0
	988	311	67.000000	-12.125000	1.001734e+05	1.611960e+01	1.080769e+05	1.076831e+05	5.781264e+04	5.741362e+04	3.023305e+02	1.333535e+01	2023	4	6	6
	988	311	67.000000	-12.125000	9.994003e+04	1.503281e+01	1.078914e+05	1.075026e+05	5.758451e+04	5.721379e+04	3.023578e+02	1.455145e+01	2023	4	6	12
	988	311	67.000000	-12.125000	1.002048e+05	1.615765e+01	1.081516e+05	1.076598e+05	5.784757e+04	5.745918e+04	3.022902e+02	1.910980e+01	2023	4	6	18
	988	311	67.000000	-12.125000	9.996138e+04	1.794079e+01	1.079085e+05	1.074613e+05	5.762953e+04	5.733510e+04	3.022085e+02	1.398545e+01	2023	4	7	0
	987	312	66.750000	-11.875000	1.003063e+05	1.734907e+01	1.081630e+05	1.077798e+05	5.790531e+04	5.759327e+04	3.023722e+02	1.434944e+01	2023	4	7	6
	986	313	66.500000	-11.625000	9.989950e+04	2.063641e+01	1.080001e+05	1.077079e+05	5.766320e+04	5.724073e+04	3.025371e+02	1.766258e+01	2023	4	7	12
start	28	2023	4	27	6
	119	264	-150.250000	-23.875000	9.936213e+04	2.681748e+01	1.071304e+05	1.046463e+05	5.703183e+04	5.554448e+04	2.997355e+02	2.064960e+01	2023	4	27	6
	120	265	-150.000000	-23.625000	9.882987e+04	2.123719e+01	1.071281e+05	1.046914e+05	5.690472e+04	5.518876e+04	3.000467e+02	1.190124e+01	2023	4	27	12
	122	264	-149.500000	-23.875000	9.890988e+04	2.020196e+01	1.071089e+05	1.049570e+05	5.699100e+04	5.536896e+04	2.997790e+02	1.120064e+01	2023	4	27	18
	124	263	-149.000000	-24.125000	9.879102e+04	1.844209e+01	1.069487e+05	1.049064e+05	5.678326e+04	5.526615e+04	2.997594e+02	8.593228e+00	2023	4	28	0
	126	263	-148.500000	-24.125000	9.903809e+04	1.731193e+01	1.072117e+05	1.050489e+05	5.696441e+04	5.554352e+04	2.999563e+02	6.155100e+00	2023	4	28	6
	128	261	-148.000000	-24.625000	9.907653e+04	1.618363e+01	1.069952e+05	1.049370e+05	5.687639e+04	5.556841e+04	2.997139e+02	6.591378e+00	2023	4	28	12
	132	258	-147.000000	-25.375000	9.916415e+04	1.606128e+01	1.069668e+05	1.049869e+05	5.700960e+04	5.564999e+04	2.991518e+02	7.152054e+00	2023	4	28	18
	136	256	-146.000000	-25.875000	9.896889e+04	1.674907e+01	1.066435e+05	1.049017e+05	5.672383e+04	5.539450e+04	2.990728e+02	7.114017e+00	2023	4	29	0
	140	253	-145.000000	-26.625000	9.912562e+04	1.699324e+01	1.065170e+05	1.050254e+05	5.684089e+04	5.553474e+04	2.985197e+02	7.095394e+00	2023	4	29	6
	142	249	-144.500000	-27.625000	9.900109e+04	1.636052e+01	1.059515e+05	1.049679e+05	5.655238e+04	5.541412e+04	2.977106e+02	6.218261e+00	2023	4	29	12
	144	248	-144.000000	-27.875000	9.919171e+04	1.582634e+01	1.060436e+05	1.049883e+05	5.667399e+04	5.554783e+04	2.976646e+02	5.896797e+00	2023	4	29	18
	146	246	-143.500000	-28.375000	9.906868e+04	1.510239e+01	1.057693e+05	1.048315e+05	5.653222e+04	5.544075e+04	2.975028e+02	6.256610e+00	2023	4	30	0
	149	245	-142.750000	-28.625000	9.930819e+04	1.473801e+01	1.058956e+05	1.048252e+05	5.676923e+04	5.568138e+04	2.972816e+02	7.470259e+00	2023	4	30	6
	152	243	-142.000000	-29.125000	9.923051e+04	1.501880e+01	1.058232e+05	1.045217e+05	5.672190e+04	5.556421e+04	2.972426e+02	1.065091e+01	2023	4	30	12
	154	241	-141.500000	-29.625000	9.930483e+04	1.626495e+01	1.060717e+05	1.044138e+05	5.693770e+04	5.566632e+04	2.970247e+02	1.111755e+01	2023	4	30	18
	158	238	-140.500000	-30.375000	9.911128e+04	1.672088e+01	1.059422e+05	1.042097e+05	5.672298e+04	5.551204e+04	2.968581e+02	1.189099e+01	2023	5	1	0
	161	234	-139.750000	-31.375000	9.929910e+04	1.855461e+01	1.059994e+05	1.039751e+05	5.684044e+04	5.566229e+04	2.958348e+02	1.648746e+01	2023	5	1	6
	164	226	-139.000000	-33.375000	9.894982e+04	2.063490e+01	1.055097e+05	1.035230e+05	5.658673e+04	5.527154e+04	2.949425e+02	2.038433e+01	2023	5	1	12
	167	214	-138.250000	-36.375000	9.870442e+04	2.312661e+01	1.051259e+05	1.030513e+05	5.648048e+04	5.491207e+04	2.921287e+02	1.917910e+01	2023	5	1	18
	168	202	-138.000000	-39.375000	9.810790e+04	2.329217e+01	1.046150e+05	1.022325e+05	5.607017e+04	5.418836e+04	2.903784e+02	1.379403e+01	2023	5	2	0
	171	191	-137.250000	-42.125000	9.784034e+04	2.303979e+01	1.041330e+05	1.014589e+05	5.579972e+04	5.368167e+04	2.886701e+02	1.115171e+01	2023	5	2	6
	177	180	-135.750000	-44.875000	9.749524e+04	2.194278e+01	1.035970e+05	1.007264e+05	5.542023e+04	5.312229e+04	2.869355e+02	9.566957e+00	2023	5	2	12
	185	170	-133.750000	-47.375000	9.748800e+04	2.221218e+01	1.031584e+05	1.001938e+05	5.525133e+04	5.284068e+04	2.851257e+02	7.824534e+00	2023	5	2	18
	196	159	-131.000000	-50.125000	9.743170e+04	2.021297e+01	1.027921e+05	9.978511e+04	5.490716e+04	5.257077e+04	2.839359e+02	7.584622e+00	2023	5	3	0
	206	150	-128.500000	-52.375000	9.735902e+04	1.841448e+01	1.021957e+05	9.927962e+04	5.459817e+04	5.224121e+04	2.828972e+02	6.593814e+00	2023	5	3	6
	219	141	-125.250000	-54.625000	9.717827e+04	1.848379e+01	1.013433e+05	9.865591e+04	5.411622e+04	5.187371e+04	2.824791e+02	7.939939e+00	2023	5	3	12
	235	134	-121.250000	-56.375000	9.705902e+04	1.939019e+01	1.010457e+05	9.782362e+04	5.394871e+04	5.140543e+04	2.819343e+02	9.091457e+00	2023	5	3	18
	256	128	-116.000000	-57.875000	9.686628e+04	2.029253e+01	1.004796e+05	9.679147e+04	5.351592e+04	5.059020e+04	2.813100e+02	7.944069e+00	2023	5	4	0
start	36	2023	4	27	12
	1299	379	144.750000	4.875000	1.005165e+05	1.264086e+01	1.083037e+05	1.081388e+05	5.774107e+04	5.740526e+04	3.039139e+02	2.942188e+01	2023	4	27	12
	1298	376	144.500000	4.125000	1.002025e+05	1.116263e+01	1.080635e+05	1.078693e+05	5.746702e+04	5.708584e+04	3.039262e+02	3.579396e+01	2023	4	27	18
	1297	378	144.250000	4.625000	1.004218e+05	1.245707e+01	1.082660e+05	1.080249e+05	5.768298e+04	5.727191e+04	3.037477e+02	3.408749e+01	2023	4	28	0
	1298	382	144.500000	5.625000	1.001155e+05	1.227598e+01	1.080850e+05	1.078557e+05	5.747207e+04	5.707781e+04	3.036523e+02	3.144952e+01	2023	4	28	6
	1295	384	143.750000	6.125000	1.003476e+05	1.313177e+01	1.083164e+05	1.080810e+05	5.769840e+04	5.731136e+04	3.036296e+02	3.321363e+01	2023	4	28	12
	1293	388	143.250000	7.125000	1.000437e+05	1.411359e+01	1.080784e+05	1.078281e+05	5.750062e+04	5.708818e+04	3.034830e+02	3.611745e+01	2023	4	28	18
	1288	389	142.000000	7.375000	1.001839e+05	1.492676e+01	1.082807e+05	1.080408e+05	5.765189e+04	5.723262e+04	3.033212e+02	3.547408e+01	2023	4	29	0
	1287	390	141.750000	7.625000	9.981618e+04	1.538561e+01	1.081184e+05	1.077736e+05	5.741152e+04	5.700234e+04	3.033371e+02	3.280611e+01	2023	4	29	6
	1284	393	141.000000	8.375000	1.000220e+05	1.624809e+01	1.083139e+05	1.079982e+05	5.764363e+04	5.723196e+04	3.032777e+02	2.872614e+01	2023	4	29	12
	1279	393	139.750000	8.375000	9.968088e+04	1.614549e+01	1.080199e+05	1.077318e+05	5.743405e+04	5.694445e+04	3.031536e+02	3.207448e+01	2023	4	29	18
	1277	396	139.250000	9.125000	9.990634e+04	1.636634e+01	1.082306e+05	1.079112e+05	5.768605e+04	5.723081e+04	3.030734e+02	3.538540e+01	2023	4	30	0
	1274	398	138.500000	9.625000	9.957112e+04	1.636169e+01	1.080878e+05	1.077375e+05	5.747277e+04	5.695699e+04	3.030383e+02	3.688604e+01	2023	4	30	6
	1271	399	137.750000	9.875000	9.977153e+04	1.638585e+01	1.082825e+05	1.079622e+05	5.768159e+04	5.710080e+04	3.030317e+02	3.567297e+01	2023	4	30	12
	1267	401	136.750000	10.375000	9.945544e+04	1.734502e+01	1.080133e+05	1.076561e+05	5.745733e+04	5.675475e+04	3.028913e+02	3.627938e+01	2023	4	30	18
	1263	402	135.750000	10.625000	9.952270e+04	1.835786e+01	1.082132e+05	1.077357e+05	5.766354e+04	5.676208e+04	3.027249e+02	3.993572e+01	2023	5	1	0
	1261	403	135.250000	10.875000	9.920497e+04	2.037896e+01	1.080599e+05	1.074448e+05	5.751401e+04	5.650194e+04	3.026909e+02	4.092557e+01	2023	5	1	6
	1256	406	134.000000	11.625000	9.931802e+04	2.073996e+01	1.082444e+05	1.075904e+05	5.769596e+04	5.659135e+04	3.025940e+02	4.057932e+01	2023	5	1	12
	1252	407	133.000000	11.875000	9.893307e+04	2.009707e+01	1.080207e+05	1.072708e+05	5.749648e+04	5.620020e+04	3.025836e+02	4.279707e+01	2023	5	1	18
	1249	408	132.250000	12.125000	9.890993e+04	2.043343e+01	1.081521e+05	1.074202e+05	5.765698e+04	5.619240e+04	3.026317e+02	4.560596e+01	2023	5	2	0
	1247	409	131.750000	12.375000	9.843545e+04	2.178240e+01	1.079620e+05	1.071059e+05	5.741205e+04	5.583240e+04	3.026090e+02	3.806994e+01	2023	5	2	6
	1245	411	131.250000	12.875000	9.830803e+04	2.281139e+01	1.081244e+05	1.072566e+05	5.758021e+04	5.581694e+04	3.025478e+02	3.584478e+01	2023	5	2	12
	1243	412	130.750000	13.125000	9.791016e+04	2.378030e+01	1.079038e+05	1.070507e+05	5.736339e+04	5.554717e+04	3.025158e+02	4.111442e+01	2023	5	2	18
	1243	415	130.750000	13.875000	9.805005e+04	2.655253e+01	1.081229e+05	1.071620e+05	5.748524e+04	5.576335e+04	3.023821e+02	4.147341e+01	2023	5	3	0
	1243	417	130.750000	14.375000	9.765966e+04	2.900687e+01	1.079100e+05	1.069769e+05	5.733652e+04	5.543560e+04	3.022104e+02	3.717754e+01	2023	5	3	6
	1243	421	130.750000	15.375000	9.762327e+04	2.971780e+01	1.081202e+05	1.071348e+05	5.755286e+04	5.557672e+04	3.021115e+02	4.011088e+01	2023	5	3	12
	1243	426	130.750000	16.625000	9.734738e+04	3.044530e+01	1.079877e+05	1.070189e+05	5.733920e+04	5.544029e+04	3.020812e+02	4.080028e+01	2023	5	3	18
	1246	430	131.500000	17.625000	9.742794e+04	3.023819e+01	1.080965e+05	1.070990e+05	5.755457e+04	5.548566e+04	3.017140e+02	4.233550e+01	2023	5	4	0
	1248	435	132.000000	18.875000	9.706066e+04	2.834174e+01	1.079293e+05	1.067445e+05	5.738328e+04	5.519667e+04	3.011361e+02	3.545044e+01	2023	5	4	6
	1251	439	132.750000	19.875000	9.718379e+04	2.829649e+01	1.081429e+05	1.068965e+05	5.759729e+04	5.532437e+04	3.007321e+02	3.501460e+01	2023	5	4	12
	1254	444	133.500000	21.125000	9.677031e+04	3.034980e+01	1.078805e+05	1.068240e+05	5.730925e+04	5.511938e+04	3.003718e+02	3.737555e+01	2023	5	4	18
	1258	446	134.500000	21.625000	9.716047e+04	2.972634e+01	1.080170e+05	1.068889e+05	5.752412e+04	5.538441e+04	3.004191e+02	3.510334e+01	2023	5	5	0
	1261	449	135.250000	22.375000	9.721395e+04	2.946771e+01	1.079173e+05	1.067177e+05	5.739647e+04	5.544998e+04	3.001960e+02	2.866279e+01	2023	5	5	6
	1263	450	135.750000	22.625000	9.814031e+04	2.699031e+01	1.081226e+05	1.066941e+05	5.755474e+04	5.628965e+04	2.997914e+02	3.120920e+01	2023	5	5	12
	1266	452	136.500000	23.125000	9.848180e+04	2.358238e+01	1.078894e+05	1.063759e+05	5.738526e+04	5.645652e+04	2.992608e+02	3.723257e+01	2023	5	5	18
	1269	454	137.250000	23.625000	9.892394e+04	2.362683e+01	1.080631e+05	1.062981e+05	5.754958e+04	5.651889e+04	2.988807e+02	3.729815e+01	2023	5	6	0
	1273	453	138.250000	23.375000	9.907379e+04	2.533327e+01	1.079290e+05	1.062750e+05	5.745417e+04	5.629076e+04	2.995641e+02	2.578776e+01	2023	5	6	6
start	18	2023	5	19	6
	54	230	-166.500000	-32.375000	9.758833e+04	2.424007e+01	1.051131e+05	1.018809e+05	5.602365e+04	5.379995e+04	2.945844e+02	3.121853e+01	2023	5	19	6
	60	222	-165.000000	-34.375000	9.736895e+04	2.291815e+01	1.042323e+05	1.018998e+05	5.558202e+04	5.357433e+04	2.930854e+02	2.688998e+01	2023	5	19	12
	59	220	-165.250000	-34.875000	9.731012e+04	2.933825e+01	1.035618e+05	1.018613e+05	5.523460e+04	5.319979e+04	2.927054e+02	1.302600e+01	2023	5	19	18
	61	223	-164.750000	-34.125000	9.720209e+04	2.685754e+01	1.034569e+05	1.014289e+05	5.497559e+04	5.315508e+04	2.931525e+02	7.769246e+00	2023	5	20	0
	69	226	-162.750000	-33.375000	9.777527e+04	2.293595e+01	1.039141e+05	1.011320e+05	5.530848e+04	5.347375e+04	2.937288e+02	5.276599e+00	2023	5	20	6
	80	222	-160.000000	-34.375000	9.794910e+04	2.129723e+01	1.038761e+05	1.007676e+05	5.535066e+04	5.313376e+04	2.927122e+02	8.181119e+00	2023	5	20	12
	87	214	-158.250000	-36.375000	9.798996e+04	1.812335e+01	1.034995e+05	1.004764e+05	5.517773e+04	5.296743e+04	2.918500e+02	1.521821e+01	2023	5	20	18
	87	207	-158.250000	-38.125000	9.799668e+04	2.190337e+01	1.027313e+05	1.004344e+05	5.468759e+04	5.264736e+04	2.906242e+02	1.871913e+01	2023	5	21	0
	80	220	-160.000000	-34.875000	9.802903e+04	2.238919e+01	1.029515e+05	1.003920e+05	5.474301e+04	5.249379e+04	2.920887e+02	9.266652e+00	2023	5	21	6
	87	215	-158.250000	-36.125000	9.781898e+04	2.000967e+01	1.023351e+05	1.001991e+05	5.440647e+04	5.237186e+04	2.920435e+02	8.531075e+00	2023	5	21	12
	90	212	-157.500000	-36.875000	9.781383e+04	1.836766e+01	1.020649e+05	1.001100e+05	5.414920e+04	5.235959e+04	2.911324e+02	7.801960e+00	2023	5	21	18
	95	211	-156.250000	-37.125000	9.779407e+04	1.863453e+01	1.020735e+05	9.998534e+04	5.424318e+04	5.235291e+04	2.910415e+02	6.922630e+00	2023	5	22	0
	98	206	-155.500000	-38.375000	9.796520e+04	1.749339e+01	1.016368e+05	1.000261e+05	5.413093e+04	5.249137e+04	2.904833e+02	7.026053e+00	2023	5	22	6
	101	204	-154.750000	-38.875000	9.805529e+04	1.648249e+01	1.013697e+05	9.991678e+04	5.402256e+04	5.253208e+04	2.900963e+02	6.975337e+00	2023	5	22	12
	104	204	-154.000000	-38.875000	9.823703e+04	1.719359e+01	1.014120e+05	9.992712e+04	5.404705e+04	5.266570e+04	2.901595e+02	6.295047e+00	2023	5	22	18
	108	203	-153.000000	-39.125000	9.826946e+04	1.488668e+01	1.014398e+05	9.989864e+04	5.405817e+04	5.267857e+04	2.900254e+02	5.723007e+00	2023	5	23	0
	110	203	-152.500000	-39.125000	9.855580e+04	1.347508e+01	1.017625e+05	1.000341e+05	5.435581e+04	5.288159e+04	2.900448e+02	6.111697e+00	2023	5	23	6
	114	203	-151.500000	-39.125000	9.870732e+04	1.399252e+01	1.018343e+05	1.000510e+05	5.438687e+04	5.297754e+04	2.901946e+02	5.150393e+00	2023	5	23	12
start	11	2023	6	20	18
	1226	441	126.500000	20.375000	9.975726e+04	1.717939e+01	1.083496e+05	1.081364e+05	5.738691e+04	5.699293e+04	3.040634e+02	3.698376e+01	2023	6	20	18
	1233	444	128.250000	21.125000	9.984466e+04	1.873853e+01	1.084949e+05	1.081964e+05	5.762125e+04	5.705140e+04	3.034546e+02	4.299739e+01	2023	6	21	0
	1237	449	129.250000	22.375000	9.945088e+04	1.886962e+01	1.084264e+05	1.080724e+05	5.751995e+04	5.678991e+04	3.034822e+02	3.430991e+01	2023	6	21	6
	1240	451	130.000000	22.875000	9.947671e+04	1.919467e+01	1.084976e+05	1.081168e+05	5.768640e+04	5.673009e+04	3.029032e+02	3.398801e+01	2023	6	21	12
	1247	455	131.750000	23.875000	9.920427e+04	1.946698e+01	1.082800e+05	1.078690e+05	5.748260e+04	5.659562e+04	3.023550e+02	3.109882e+01	2023	6	21	18
	1251	460	132.750000	25.125000	9.929051e+04	1.697176e+01	1.083514e+05	1.075837e+05	5.754274e+04	5.669136e+04	3.011389e+02	2.719245e+01	2023	6	22	0
	1256	463	134.000000	25.875000	9.912796e+04	1.718953e+01	1.082310e+05	1.074054e+05	5.740912e+04	5.656283e+04	3.007685e+02	2.515022e+01	2023	6	22	6
	1260	466	135.000000	26.625000	9.923718e+04	1.678035e+01	1.082870e+05	1.072301e+05	5.747280e+04	5.660536e+04	3.002562e+02	2.150277e+01	2023	6	22	12
	1267	470	136.750000	27.625000	9.909756e+04	1.704614e+01	1.080795e+05	1.067572e+05	5.732011e+04	5.631802e+04	3.001369e+02	2.535910e+01	2023	6	22	18
	1273	477	138.250000	29.375000	9.924117e+04	1.988915e+01	1.081497e+05	1.061930e+05	5.737119e+04	5.618374e+04	2.993988e+02	2.789004e+01	2023	6	23	0
	1278	481	139.500000	30.375000	9.923145e+04	2.324357e+01	1.082016e+05	1.059785e+05	5.733481e+04	5.604348e+04	2.980727e+02	2.143820e+01	2023	6	23	6
start	16	2023	6	21	12
	1190	436	117.500000	19.125000	9.997134e+04	1.249247e+01	1.085275e+05	1.082057e+05	5.754506e+04	5.712614e+04	3.036813e+02	1.789513e+01	2023	6	21	12
	1190	436	117.500000	19.125000	9.983313e+04	1.262751e+01	1.083300e+05	1.080987e+05	5.748960e+04	5.702168e+04	3.035466e+02	2.229514e+01	2023	6	21	18
	1195	439	118.750000	19.875000	9.989476e+04	1.407426e+01	1.082905e+05	1.080882e+05	5.757778e+04	5.712619e+04	3.036058e+02	2.237539e+01	2023	6	22	0
	1196	441	119.000000	20.375000	9.969665e+04	1.367117e+01	1.083018e+05	1.079497e+05	5.744829e+04	5.703539e+04	3.036461e+02	2.323852e+01	2023	6	22	6
	1197	441	119.250000	20.375000	9.971823e+04	1.523868e+01	1.083296e+05	1.079556e+05	5.755046e+04	5.707913e+04	3.035737e+02	1.905932e+01	2023	6	22	12
	1201	442	120.250000	20.625000	9.957695e+04	1.548677e+01	1.082236e+05	1.076429e+05	5.743049e+04	5.692850e+04	9.999000e+03	2.469716e+01	2023	6	22	18
	1204	444	121.000000	21.125000	9.965151e+04	1.526004e+01	1.082652e+05	1.076199e+05	5.746868e+04	5.694033e+04	9.999000e+03	2.846047e+01	2023	6	23	0
	1208	447	122.000000	21.875000	9.952699e+04	1.547328e+01	1.082052e+05	1.074959e+05	5.732991e+04	5.685989e+04	9.999000e+03	2.466457e+01	2023	6	23	6
	1210	447	122.500000	21.875000	9.960429e+04	1.665074e+01	1.083535e+05	1.075804e+05	5.749432e+04	5.698084e+04	9.999000e+03	2.301063e+01	2023	6	23	12
	1214	449	123.500000	22.375000	9.950684e+04	1.669978e+01	1.083119e+05	1.073739e+05	5.742109e+04	5.691740e+04	3.031392e+02	2.619689e+01	2023	6	23	18
	1219	451	124.750000	22.875000	9.958018e+04	1.681951e+01	1.083588e+05	1.073740e+05	5.758302e+04	5.690077e+04	3.029928e+02	2.701261e+01	2023	6	24	0
	1224	453	126.000000	23.375000	9.951509e+04	1.773699e+01	1.084178e+05	1.074390e+05	5.752786e+04	5.694593e+04	3.027310e+02	1.746243e+01	2023	6	24	6
	1227	455	126.750000	23.875000	9.973798e+04	1.636022e+01	1.085339e+05	1.074762e+05	5.770303e+04	5.706415e+04	3.025703e+02	1.494497e+01	2023	6	24	12
	1228	457	127.000000	24.375000	9.963507e+04	1.651353e+01	1.084468e+05	1.072337e+05	5.758560e+04	5.706983e+04	3.018272e+02	1.772449e+01	2023	6	24	18
	1231	457	127.750000	24.375000	9.999575e+04	1.676023e+01	1.085061e+05	1.074713e+05	5.779943e+04	5.722276e+04	3.016493e+02	1.680519e+01	2023	6	25	0
	1237	459	129.250000	24.875000	1.000421e+05	1.818196e+01	1.085216e+05	1.075561e+05	5.778148e+04	5.724268e+04	3.014287e+02	9.681805e+00	2023	6	25	6
start	21	2023	6	26	6
	277	411	-110.750000	12.875000	1.007131e+05	1.355066e+01	1.082134e+05	1.079384e+05	5.780334e+04	5.739006e+04	3.029268e+02	3.557864e+01	2023	6	26	6
	268	414	-113.000000	13.625000	1.004098e+05	1.436552e+01	1.079859e+05	1.076869e+05	5.758436e+04	5.712920e+04	3.027838e+02	3.638004e+01	2023	6	26	12
	275	416	-111.250000	14.125000	1.005930e+05	1.750388e+01	1.082233e+05	1.079107e+05	5.779902e+04	5.729151e+04	3.028598e+02	2.536544e+01	2023	6	26	18
	266	419	-113.500000	14.875000	1.003111e+05	1.146053e+01	1.081197e+05	1.077340e+05	5.765599e+04	5.700600e+04	3.025796e+02	1.819280e+01	2023	6	27	0
	263	417	-114.250000	14.375000	1.004701e+05	1.500595e+01	1.082384e+05	1.079301e+05	5.790091e+04	5.724875e+04	3.023220e+02	2.431156e+01	2023	6	27	6
	262	417	-114.500000	14.375000	1.001755e+05	1.381317e+01	1.080084e+05	1.077042e+05	5.765799e+04	5.700684e+04	3.023304e+02	2.411716e+01	2023	6	27	12
	260	419	-115.000000	14.875000	1.003976e+05	1.380479e+01	1.082409e+05	1.079322e+05	5.788777e+04	5.728030e+04	3.022800e+02	1.858879e+01	2023	6	27	18
	255	421	-116.250000	15.375000	1.001444e+05	1.426828e+01	1.081452e+05	1.078083e+05	5.776727e+04	5.713538e+04	3.023401e+02	1.841974e+01	2023	6	28	0
	250	422	-117.500000	15.625000	1.004658e+05	1.475979e+01	1.083286e+05	1.080436e+05	5.802746e+04	5.737275e+04	3.023841e+02	1.870108e+01	2023	6	28	6
	247	419	-118.250000	14.875000	1.000983e+05	1.506344e+01	1.079535e+05	1.076941e+05	5.767538e+04	5.696086e+04	3.024030e+02	2.212828e+01	2023	6	28	12
	243	421	-119.250000	15.375000	1.003086e+05	1.523911e+01	1.081559e+05	1.078679e+05	5.788525e+04	5.720493e+04	3.018692e+02	1.487481e+01	2023	6	28	18
	243	425	-119.250000	16.375000	1.001209e+05	1.552848e+01	1.080813e+05	1.077773e+05	5.783089e+04	5.709859e+04	3.009422e+02	1.474997e+01	2023	6	29	0
	238	425	-120.500000	16.375000	1.003799e+05	1.673389e+01	1.082363e+05	1.079969e+05	5.801809e+04	5.741406e+04	3.007192e+02	1.242139e+01	2023	6	29	6
	235	426	-121.250000	16.625000	1.001829e+05	1.459763e+01	1.079210e+05	1.077146e+05	5.779680e+04	5.719519e+04	3.009598e+02	1.012208e+01	2023	6	29	12
	233	430	-121.750000	17.625000	1.004839e+05	1.483800e+01	1.081485e+05	1.079491e+05	5.806532e+04	5.743325e+04	3.003453e+02	4.708443e+00	2023	6	29	18
	227	431	-123.250000	17.875000	1.003505e+05	1.411806e+01	1.080266e+05	1.077959e+05	5.793244e+04	5.733570e+04	3.003598e+02	4.266145e+00	2023	6	30	0
	227	432	-123.250000	18.125000	1.007036e+05	1.234133e+01	1.082012e+05	1.079474e+05	5.813030e+04	5.756918e+04	3.001832e+02	2.969074e+00	2023	6	30	6
	224	435	-124.000000	18.875000	1.005741e+05	1.249765e+01	1.079125e+05	1.076708e+05	5.796880e+04	5.737505e+04	2.992943e+02	2.401153e+00	2023	6	30	12
	219	434	-125.250000	18.625000	1.008409e+05	1.174790e+01	1.080687e+05	1.078032e+05	5.807990e+04	5.760434e+04	2.992100e+02	9.878923e-01	2023	6	30	18
	219	437	-125.250000	19.375000	1.006619e+05	1.166395e+01	1.080222e+05	1.077423e+05	5.798936e+04	5.748998e+04	2.991576e+02	7.427521e-01	2023	7	1	0
	215	437	-126.250000	19.375000	1.009687e+05	1.048253e+01	1.081946e+05	1.078755e+05	5.813005e+04	5.773554e+04	2.986331e+02	1.245709e+00	2023	7	1	6
start	45	2023	6	30	6
	1306	393	146.500000	8.375000	1.004657e+05	1.196498e+01	1.079373e+05	1.078000e+05	5.761429e+04	5.727709e+04	3.039546e+02	2.639822e+01	2023	6	30	6
	1302	393	145.500000	8.375000	1.006670e+05	1.120186e+01	1.081314e+05	1.079843e+05	5.775661e+04	5.747258e+04	3.039078e+02	3.030120e+01	2023	6	30	12
	1301	393	145.250000	8.375000	1.003999e+05	1.063059e+01	1.079144e+05	1.077805e+05	5.757860e+04	5.719486e+04	3.038494e+02	3.635592e+01	2023	6	30	18
	1301	393	145.250000	8.375000	1.004849e+05	1.172759e+01	1.081007e+05	1.079314e+05	5.770266e+04	5.726268e+04	3.037885e+02	3.854103e+01	2023	7	1	0
	1297	395	144.250000	8.875000	1.002377e+05	1.425800e+01	1.079479e+05	1.077872e+05	5.759383e+04	5.704263e+04	3.037491e+02	3.869702e+01	2023	7	1	6
	1295	397	143.750000	9.375000	1.003889e+05	1.436588e+01	1.081469e+05	1.079764e+05	5.775535e+04	5.718528e+04	3.036040e+02	3.662109e+01	2023	7	1	12
	1292	398	143.000000	9.625000	1.000789e+05	1.433438e+01	1.079890e+05	1.077741e+05	5.755723e+04	5.697698e+04	3.035038e+02	4.291982e+01	2023	7	1	18
	1289	398	142.250000	9.625000	1.001705e+05	1.495578e+01	1.081540e+05	1.079528e+05	5.767015e+04	5.711014e+04	3.036412e+02	4.590408e+01	2023	7	2	0
	1287	401	141.750000	10.375000	9.983321e+04	1.725857e+01	1.080457e+05	1.078332e+05	5.754296e+04	5.690402e+04	3.033708e+02	4.606880e+01	2023	7	2	6
	1284	403	141.000000	10.875000	9.994212e+04	1.882634e+01	1.082185e+05	1.079579e+05	5.768004e+04	5.704249e+04	3.033218e+02	4.643363e+01	2023	7	2	12
	1282	406	140.500000	11.625000	9.958310e+04	1.970579e+01	1.079720e+05	1.076249e+05	5.746912e+04	5.674963e+04	3.032214e+02	4.609363e+01	2023	7	2	18
	1279	408	139.750000	12.125000	9.968952e+04	2.214720e+01	1.081272e+05	1.078118e+05	5.761532e+04	5.686114e+04	3.030587e+02	4.560802e+01	2023	7	3	0
	1276	409	139.000000	12.375000	9.942875e+04	2.198673e+01	1.079723e+05	1.077117e+05	5.750074e+04	5.684052e+04	3.030370e+02	3.257875e+01	2023	7	3	6
	1273	410	138.250000	12.625000	9.959182e+04	2.263262e+01	1.082070e+05	1.079162e+05	5.765859e+04	5.706582e+04	3.029834e+02	2.630929e+01	2023	7	3	12
	1270	410	137.500000	12.625000	9.939104e+04	2.204862e+01	1.080275e+05	1.077611e+05	5.745316e+04	5.683078e+04	3.029449e+02	3.172212e+01	2023	7	3	18
	1269	412	137.250000	13.125000	9.956338e+04	1.853376e+01	1.082295e+05	1.079409e+05	5.761465e+04	5.709979e+04	3.028779e+02	2.882388e+01	2023	7	4	0
	1267	414	136.750000	13.625000	9.937315e+04	2.044985e+01	1.081982e+05	1.078165e+05	5.752550e+04	5.692510e+04	3.027805e+02	2.256022e+01	2023	7	4	6
	1265	415	136.250000	13.875000	9.956828e+04	1.959967e+01	1.083772e+05	1.080357e+05	5.771439e+04	5.716260e+04	3.025118e+02	2.513393e+01	2023	7	4	12
	1263	417	135.750000	14.375000	9.926834e+04	1.981769e+01	1.082441e+05	1.077763e+05	5.755355e+04	5.688808e+04	3.024264e+02	3.252706e+01	2023	7	4	18
	1260	419	135.000000	14.875000	9.923444e+04	1.972973e+01	1.082855e+05	1.078994e+05	5.769684e+04	5.681950e+04	3.023606e+02	2.611967e+01	2023	7	5	0
	1257	421	134.250000	15.375000	9.887609e+04	2.201822e+01	1.082175e+05	1.076446e+05	5.761800e+04	5.656582e+04	3.023362e+02	2.571983e+01	2023	7	5	6
	1255	423	133.750000	15.875000	9.890887e+04	2.207522e+01	1.084042e+05	1.078606e+05	5.778259e+04	5.682560e+04	3.022719e+02	1.736721e+01	2023	7	5	12
	1250	425	132.500000	16.375000	9.885341e+04	2.085857e+01	1.082461e+05	1.078004e+05	5.761724e+04	5.673667e+04	3.023917e+02	2.239481e+01	2023	7	5	18
	1246	427	131.500000	16.875000	9.865054e+04	2.201821e+01	1.083669e+05	1.077291e+05	5.771621e+04	5.648754e+04	3.025251e+02	2.054698e+01	2023	7	6	0
	1243	431	130.750000	17.875000	9.872228e+04	2.066840e+01	1.082892e+05	1.078164e+05	5.767137e+04	5.669126e+04	3.025623e+02	1.691452e+01	2023	7	6	6
	1239	433	129.750000	18.375000	9.860559e+04	2.350866e+01	1.084645e+05	1.078224e+05	5.780401e+04	5.650340e+04	3.025078e+02	1.398761e+01	2023	7	6	12
	1236	435	129.000000	18.875000	9.884083e+04	1.999166e+01	1.082532e+05	1.078816e+05	5.762820e+04	5.664438e+04	3.024860e+02	1.618341e+01	2023	7	6	18
	1233	438	128.250000	19.625000	9.876838e+04	2.091167e+01	1.083300e+05	1.076977e+05	5.768476e+04	5.651752e+04	3.024845e+02	1.754623e+01	2023	7	7	0
	1231	441	127.750000	20.375000	9.839916e+04	2.341883e+01	1.081724e+05	1.075148e+05	5.761749e+04	5.619965e+04	3.024022e+02	1.288959e+01	2023	7	7	6
	1229	444	127.250000	21.125000	9.865130e+04	1.991531e+01	1.082927e+05	1.076496e+05	5.767989e+04	5.640155e+04	3.022051e+02	1.305956e+01	2023	7	7	12
	1227	446	126.750000	21.625000	9.848262e+04	2.245992e+01	1.081134e+05	1.075839e+05	5.748636e+04	5.624430e+04	3.020735e+02	1.521806e+01	2023	7	7	18
	1227	448	126.750000	22.125000	9.838339e+04	2.381596e+01	1.081491e+05	1.074940e+05	5.757897e+04	5.605650e+04	3.019345e+02	1.680450e+01	2023	7	8	0
	1228	451	127.000000	22.875000	9.811734e+04	2.615655e+01	1.080618e+05	1.072429e+05	5.752152e+04	5.583671e+04	3.018106e+02	1.274957e+01	2023	7	8	6
	1229	454	127.250000	23.625000	9.823618e+04	2.563154e+01	1.082524e+05	1.075252e+05	5.769027e+04	5.601044e+04	3.014160e+02	1.510196e+01	2023	7	8	12
	1230	458	127.500000	24.625000	9.803781e+04	2.736572e+01	1.081603e+05	1.074551e+05	5.762743e+04	5.583030e+04	3.015978e+02	1.512764e+01	2023	7	8	18
	1230	463	127.500000	25.875000	9.822835e+04	2.688196e+01	1.082181e+05	1.074293e+05	5.779598e+04	5.597001e+04	9.999000e+03	1.145672e+01	2023	7	9	0
	1231	467	127.750000	26.875000	9.819895e+04	2.728559e+01	1.083199e+05	1.075430e+05	5.782283e+04	5.596969e+04	9.999000e+03	8.767206e+00	2023	7	9	6
	1232	472	128.000000	28.125000	9.852627e+04	2.824123e+01	1.085314e+05	1.079299e+05	5.798169e+04	5.639372e+04	9.999000e+03	1.339675e+01	2023	7	9	12
	1232	477	128.000000	29.375000	9.844545e+04	2.695659e+01	1.084615e+05	1.080145e+05	5.791932e+04	5.639932e+04	9.999000e+03	1.457229e+01	2023	7	9	18
	1234	481	128.500000	30.375000	9.863831e+04	2.684778e+01	1.086147e+05	1.080585e+05	5.808281e+04	5.669312e+04	9.999000e+03	1.469790e+01	2023	7	10	0
	1234	487	128.500000	31.875000	9.867412e+04	2.813903e+01	1.086406e+05	1.082322e+05	5.803709e+04	5.660298e+04	9.999000e+03	9.304533e+00	2023	7	10	6
	1237	492	129.250000	33.125000	9.943102e+04	2.095612e+01	1.087862e+05	1.081670e+05	5.811320e+04	5.725277e+04	9.999000e+03	1.047033e+01	2023	7	10	12
	1239	499	129.750000	34.875000	9.967820e+04	1.989688e+01	1.086086e+05	1.075964e+05	5.789158e+04	5.704736e+04	9.999000e+03	2.148689e+01	2023	7	10	18
	1244	505	131.000000	36.375000	9.974284e+04	1.870437e+01	1.085434e+05	1.072782e+05	5.782020e+04	5.689745e+04	9.999000e+03	2.173116e+01	2023	7	11	0
	1248	510	132.000000	37.625000	9.949504e+04	1.794962e+01	1.084043e+05	1.070091e+05	5.762268e+04	5.674571e+04	2.983907e+02	1.881067e+01	2023	7	11	6
start	16	2023	6	30	12
	299	408	-105.250000	12.125000	1.006316e+05	1.054356e+01	1.078798e+05	1.076708e+05	5.758844e+04	5.736235e+04	3.030751e+02	3.135415e+01	2023	6	30	12
	302	408	-104.500000	12.125000	1.007737e+05	1.106077e+01	1.080430e+05	1.078895e+05	5.773123e+04	5.751052e+04	3.031527e+02	2.664076e+01	2023	6	30	18
	303	408	-104.250000	12.125000	1.004840e+05	1.134595e+01	1.079430e+05	1.077047e+05	5.755401e+04	5.725080e+04	3.030470e+02	1.850923e+01	2023	7	1	0
	300	409	-105.000000	12.375000	1.007280e+05	1.127674e+01	1.081043e+05	1.078903e+05	5.777567e+04	5.745876e+04	3.030348e+02	3.004288e+01	2023	7	1	6
	300	413	-105.000000	13.375000	1.004219e+05	1.122100e+01	1.078890e+05	1.076652e+05	5.760413e+04	5.719483e+04	3.030981e+02	3.544109e+01	2023	7	1	12
	301	413	-104.750000	13.375000	1.005929e+05	1.337619e+01	1.081348e+05	1.079009e+05	5.777838e+04	5.732887e+04	3.030415e+02	3.196421e+01	2023	7	1	18
	298	417	-105.500000	14.375000	1.003064e+05	1.511553e+01	1.080913e+05	1.077514e+05	5.765895e+04	5.710208e+04	3.030128e+02	2.326536e+01	2023	7	2	0
	296	420	-106.000000	15.125000	1.005581e+05	1.623805e+01	1.082537e+05	1.079947e+05	5.789814e+04	5.734595e+04	3.029578e+02	3.347033e+01	2023	7	2	6
	294	425	-106.500000	16.375000	1.002421e+05	1.540436e+01	1.080711e+05	1.076882e+05	5.771608e+04	5.708137e+04	3.027596e+02	3.182022e+01	2023	7	2	12
	292	427	-107.000000	16.875000	1.003506e+05	1.813285e+01	1.082652e+05	1.078778e+05	5.791248e+04	5.720149e+04	3.021421e+02	2.839675e+01	2023	7	2	18
	291	432	-107.250000	18.125000	1.000622e+05	1.915710e+01	1.082360e+05	1.077365e+05	5.775324e+04	5.702989e+04	3.025297e+02	2.479836e+01	2023	7	3	0
	289	436	-107.750000	19.125000	1.002239e+05	1.884450e+01	1.083284e+05	1.078113e+05	5.791809e+04	5.714789e+04	3.028306e+02	3.365377e+01	2023	7	3	6
	289	440	-107.750000	20.125000	9.991543e+04	2.019284e+01	1.081077e+05	1.076016e+05	5.770163e+04	5.688104e+04	3.031396e+02	2.672706e+01	2023	7	3	12
	289	443	-107.750000	20.875000	1.000630e+05	2.183069e+01	1.083011e+05	1.077617e+05	5.790249e+04	5.712319e+04	3.032070e+02	1.860066e+01	2023	7	3	18
	290	447	-107.500000	21.875000	9.986959e+04	2.101976e+01	1.082573e+05	1.075519e+05	5.774152e+04	5.706968e+04	9.999000e+03	1.354945e+01	2023	7	4	0
	291	453	-107.250000	23.375000	9.999688e+04	2.059825e+01	1.083264e+05	1.075685e+05	5.793162e+04	5.729151e+04	9.999000e+03	1.859343e+01	2023	7	4	6
start	25	2023	8	2	18
	1358	432	159.500000	18.125000	1.004533e+05	1.348965e+01	1.081708e+05	1.079149e+05	5.772972e+04	5.728384e+04	3.035819e+02	2.938211e+01	2023	8	2	18
	1357	432	159.250000	18.125000	1.005031e+05	1.431859e+01	1.082657e+05	1.080029e+05	5.784330e+04	5.738225e+04	3.036283e+02	2.460268e+01	2023	8	3	0
	1353	431	158.250000	17.875000	1.002496e+05	1.394874e+01	1.081677e+05	1.079188e+05	5.770623e+04	5.719484e+04	3.037919e+02	2.963162e+01	2023	8	3	6
	1353	430	158.250000	17.625000	1.003350e+05	1.494323e+01	1.082859e+05	1.079578e+05	5.774876e+04	5.723042e+04	3.036816e+02	4.108842e+01	2023	8	3	12
	1352	430	158.000000	17.625000	9.999059e+04	1.489593e+01	1.079939e+05	1.077139e+05	5.752235e+04	5.696111e+04	3.036172e+02	3.985840e+01	2023	8	3	18
	1350	427	157.500000	16.875000	9.999023e+04	1.462679e+01	1.081453e+05	1.079162e+05	5.755532e+04	5.703230e+04	3.036115e+02	4.161023e+01	2023	8	4	0
	1349	429	157.250000	17.375000	9.964768e+04	1.408333e+01	1.080405e+05	1.077733e+05	5.743968e+04	5.682254e+04	3.036051e+02	4.431295e+01	2023	8	4	6
	1349	430	157.250000	17.625000	9.973898e+04	1.625244e+01	1.082328e+05	1.080062e+05	5.762880e+04	5.691662e+04	3.035271e+02	5.070125e+01	2023	8	4	12
	1350	435	157.500000	18.875000	9.946668e+04	1.803376e+01	1.081131e+05	1.077670e+05	5.752242e+04	5.672108e+04	3.034679e+02	4.646815e+01	2023	8	4	18
	1348	437	157.000000	19.375000	9.950887e+04	1.989988e+01	1.082683e+05	1.079034e+05	5.760898e+04	5.687590e+04	3.035027e+02	4.917008e+01	2023	8	5	0
	1346	441	156.500000	20.375000	9.923380e+04	2.051964e+01	1.082165e+05	1.076430e+05	5.755736e+04	5.667853e+04	3.035193e+02	4.607186e+01	2023	8	5	6
	1343	444	155.750000	21.125000	9.934658e+04	2.029767e+01	1.084198e+05	1.075747e+05	5.771866e+04	5.682309e+04	3.034586e+02	4.130994e+01	2023	8	5	12
	1342	445	155.500000	21.375000	9.912812e+04	2.009328e+01	1.083387e+05	1.073854e+05	5.760372e+04	5.673649e+04	3.033891e+02	3.930806e+01	2023	8	5	18
	1338	452	154.500000	23.125000	9.923752e+04	2.083854e+01	1.085128e+05	1.073637e+05	5.781517e+04	5.692300e+04	3.030556e+02	3.414795e+01	2023	8	6	0
	1332	457	153.000000	24.375000	9.897624e+04	2.202833e+01	1.084247e+05	1.073429e+05	5.768284e+04	5.670507e+04	3.030769e+02	2.736804e+01	2023	8	6	6
	1325	460	151.250000	25.125000	9.895059e+04	2.166907e+01	1.084880e+05	1.074727e+05	5.774580e+04	5.661856e+04	3.029176e+02	2.053524e+01	2023	8	6	12
	1319	461	149.750000	25.375000	9.866837e+04	1.927271e+01	1.082435e+05	1.074555e+05	5.744671e+04	5.630717e+04	3.028831e+02	1.792443e+01	2023	8	6	18
	1316	464	149.000000	26.125000	9.879409e+04	2.138606e+01	1.083882e+05	1.076503e+05	5.759335e+04	5.643562e+04	3.025515e+02	1.313195e+01	2023	8	7	0
	1314	466	148.500000	26.625000	9.859196e+04	2.101736e+01	1.083283e+05	1.076777e+05	5.746042e+04	5.626410e+04	3.021457e+02	1.165859e+01	2023	8	7	6
	1311	470	147.750000	27.625000	9.879036e+04	2.180952e+01	1.083733e+05	1.078743e+05	5.755692e+04	5.643805e+04	3.019925e+02	1.166285e+01	2023	8	7	12
	1309	473	147.250000	28.375000	9.862968e+04	2.022834e+01	1.081404e+05	1.076458e+05	5.732296e+04	5.630401e+04	3.020175e+02	8.845337e+00	2023	8	7	18
	1308	476	147.000000	29.125000	9.882119e+04	1.843064e+01	1.083399e+05	1.075413e+05	5.743201e+04	5.645443e+04	3.015278e+02	1.144891e+01	2023	8	8	0
	1308	480	147.000000	30.125000	9.875767e+04	1.900702e+01	1.083325e+05	1.074273e+05	5.737310e+04	5.647936e+04	3.012866e+02	1.253151e+01	2023	8	8	6
	1306	485	146.500000	31.375000	9.885093e+04	1.844968e+01	1.084597e+05	1.072020e+05	5.748725e+04	5.663196e+04	3.009976e+02	1.234858e+01	2023	8	8	12
	1308	489	147.000000	32.375000	9.888098e+04	1.735969e+01	1.083465e+05	1.067944e+05	5.736358e+04	5.662750e+04	3.010326e+02	1.176058e+01	2023	8	8	18
start	39	2023	8	3	0
	1281	416	140.250000	14.125000	1.003741e+05	1.039759e+01	1.084172e+05	1.081020e+05	5.780842e+04	5.738930e+04	3.034569e+02	2.901913e+01	2023	8	3	0
	1280	417	140.000000	14.375000	1.001319e+05	1.130768e+01	1.083298e+05	1.080006e+05	5.765912e+04	5.716811e+04	3.037213e+02	3.346964e+01	2023	8	3	6
	1278	421	139.500000	15.375000	1.002234e+05	1.147227e+01	1.084403e+05	1.081693e+05	5.779580e+04	5.723644e+04	3.033697e+02	3.771515e+01	2023	8	3	12
	1276	421	139.000000	15.375000	9.992638e+04	1.415845e+01	1.082262e+05	1.078862e+05	5.757848e+04	5.700666e+04	3.032964e+02	3.413036e+01	2023	8	3	18
	1272	426	138.000000	16.625000	9.995309e+04	1.251329e+01	1.083217e+05	1.080519e+05	5.766860e+04	5.709416e+04	3.032566e+02	3.440239e+01	2023	8	4	0
	1272	426	138.000000	16.625000	9.969091e+04	1.512346e+01	1.082340e+05	1.078351e+05	5.751571e+04	5.684172e+04	3.036574e+02	3.333032e+01	2023	8	4	6
	1267	428	136.750000	17.125000	9.978744e+04	1.365426e+01	1.083402e+05	1.080022e+05	5.763823e+04	5.694951e+04	3.032466e+02	3.496188e+01	2023	8	4	12
	1266	429	136.500000	17.375000	9.950998e+04	1.712280e+01	1.081938e+05	1.077717e+05	5.748212e+04	5.665880e+04	3.032050e+02	3.559534e+01	2023	8	4	18
	1268	428	137.000000	17.125000	9.957014e+04	1.671421e+01	1.083233e+05	1.078677e+05	5.754947e+04	5.673320e+04	3.031429e+02	3.642369e+01	2023	8	5	0
	1267	432	136.750000	18.125000	9.929036e+04	1.690598e+01	1.082532e+05	1.078331e+05	5.744692e+04	5.660781e+04	3.035259e+02	3.500811e+01	2023	8	5	6
	1263	434	135.750000	18.625000	9.940721e+04	1.664971e+01	1.083906e+05	1.080537e+05	5.758538e+04	5.673478e+04	3.030832e+02	3.234220e+01	2023	8	5	12
	1264	433	136.000000	18.375000	9.921545e+04	1.866288e+01	1.082338e+05	1.077877e+05	5.736909e+04	5.655077e+04	3.030034e+02	3.540353e+01	2023	8	5	18
	1265	438	136.250000	19.625000	9.935555e+04	1.900460e+01	1.084311e+05	1.079126e+05	5.755842e+04	5.673270e+04	3.030641e+02	3.212363e+01	2023	8	6	0
	1263	436	135.750000	19.125000	9.904748e+04	1.993948e+01	1.082908e+05	1.079317e+05	5.737149e+04	5.655216e+04	3.038588e+02	3.851619e+01	2023	8	6	6
	1264	437	136.000000	19.375000	9.916880e+04	2.021234e+01	1.084873e+05	1.080602e+05	5.747840e+04	5.668130e+04	3.032971e+02	3.485683e+01	2023	8	6	12
	1266	439	136.500000	19.875000	9.896844e+04	2.123255e+01	1.082339e+05	1.077532e+05	5.731485e+04	5.649716e+04	3.030113e+02	3.152244e+01	2023	8	6	18
	1267	439	136.750000	19.875000	9.906366e+04	2.000954e+01	1.083888e+05	1.080205e+05	5.751048e+04	5.667505e+04	3.030378e+02	3.554866e+01	2023	8	7	0
	1269	444	137.250000	21.125000	9.879380e+04	2.098961e+01	1.082817e+05	1.078875e+05	5.727360e+04	5.643467e+04	3.041313e+02	3.480709e+01	2023	8	7	6
	1268	442	137.000000	20.625000	9.893583e+04	2.223405e+01	1.084065e+05	1.079668e+05	5.743474e+04	5.657399e+04	3.034393e+02	3.747458e+01	2023	8	7	12
	1273	442	138.250000	20.625000	9.868151e+04	2.221722e+01	1.082489e+05	1.076851e+05	5.729621e+04	5.628092e+04	3.030597e+02	3.694837e+01	2023	8	7	18
	1273	445	138.250000	21.375000	9.875006e+04	2.328259e+01	1.083886e+05	1.078522e+05	5.737195e+04	5.639121e+04	3.029171e+02	3.574726e+01	2023	8	8	0
	1277	446	139.250000	21.625000	9.842866e+04	2.312665e+01	1.083441e+05	1.077665e+05	5.723207e+04	5.617365e+04	3.031348e+02	2.855405e+01	2023	8	8	6
	1284	447	141.000000	21.875000	9.853373e+04	2.544357e+01	1.084778e+05	1.078954e+05	5.748069e+04	5.630623e+04	3.030313e+02	2.554357e+01	2023	8	8	12
	1288	449	142.000000	22.375000	9.833613e+04	2.546088e+01	1.083016e+05	1.077098e+05	5.727584e+04	5.617634e+04	3.030396e+02	2.456521e+01	2023	8	8	18
	1293	453	143.250000	23.375000	9.848735e+04	2.250001e+01	1.085130e+05	1.078122e+05	5.745117e+04	5.641162e+04	3.030435e+02	1.966347e+01	2023	8	9	0
	1296	455	144.000000	23.875000	9.833898e+04	2.384061e+01	1.084650e+05	1.077437e+05	5.735920e+04	5.634060e+04	3.031944e+02	1.456155e+01	2023	8	9	6
	1298	459	144.500000	24.875000	9.856720e+04	2.210112e+01	1.086139e+05	1.079639e+05	5.756738e+04	5.655030e+04	3.030164e+02	1.802561e+01	2023	8	9	12
	1298	463	144.500000	25.875000	9.848225e+04	2.185694e+01	1.084216e+05	1.076803e+05	5.745408e+04	5.645767e+04	3.028756e+02	1.637286e+01	2023	8	9	18
	1296	469	144.000000	27.375000	9.856859e+04	2.163457e+01	1.086159e+05	1.078166e+05	5.761554e+04	5.645748e+04	3.023132e+02	1.250260e+01	2023	8	10	0
	1295	473	143.750000	28.375000	9.854588e+04	2.209492e+01	1.086285e+05	1.077941e+05	5.761415e+04	5.646591e+04	3.017941e+02	1.088804e+01	2023	8	10	6
	1295	479	143.750000	29.875000	9.876953e+04	2.111900e+01	1.088031e+05	1.080022e+05	5.788041e+04	5.663777e+04	3.008186e+02	1.254638e+01	2023	8	10	12
	1292	487	143.000000	31.875000	9.861502e+04	2.073836e+01	1.085470e+05	1.078655e+05	5.769950e+04	5.646109e+04	3.007783e+02	1.249153e+01	2023	8	10	18
	1291	494	142.750000	33.625000	9.871978e+04	1.975549e+01	1.086304e+05	1.075958e+05	5.781767e+04	5.647053e+04	3.016968e+02	1.673123e+01	2023	8	11	0
	1291	501	142.750000	35.375000	9.853660e+04	2.135929e+01	1.085621e+05	1.071048e+05	5.766912e+04	5.630946e+04	9.999000e+03	1.847594e+01	2023	8	11	6
	1294	510	143.500000	37.625000	9.835383e+04	2.134174e+01	1.085766e+05	1.063765e+05	5.772882e+04	5.633949e+04	9.999000e+03	2.467210e+01	2023	8	11	12
	1299	521	144.750000	40.375000	9.791585e+04	2.361325e+01	1.082779e+05	1.052192e+05	5.747442e+04	5.574029e+04	2.974306e+02	3.138474e+01	2023	8	11	18
	1310	529	147.500000	42.375000	9.771182e+04	2.334720e+01	1.082308e+05	1.051803e+05	5.755370e+04	5.552634e+04	9.999000e+03	2.559729e+01	2023	8	12	0
	1322	539	150.500000	44.875000	9.813764e+04	2.078939e+01	1.081118e+05	1.049119e+05	5.742646e+04	5.550788e+04	9.999000e+03	2.111096e+01	2023	8	12	6
	1330	546	152.500000	46.625000	9.867955e+04	2.035633e+01	1.080057e+05	1.045108e+05	5.736195e+04	5.546448e+04	2.856070e+02	1.177291e+01	2023	8	12	12
start	50	2023	8	16	12
	105	406	-153.750000	11.625000	1.007846e+05	9.317201e+00	1.080634e+05	1.078231e+05	5.777893e+04	5.757979e+04	3.020717e+02	2.454681e+01	2023	8	16	12
	99	403	-155.250000	10.875000	1.009304e+05	1.057225e+01	1.081546e+05	1.078849e+05	5.784070e+04	5.765171e+04	3.021973e+02	2.578478e+01	2023	8	16	18
	97	405	-155.750000	11.375000	1.007205e+05	1.026673e+01	1.080344e+05	1.077968e+05	5.777867e+04	5.748188e+04	3.023044e+02	2.273012e+01	2023	8	17	0
	97	405	-155.750000	11.375000	1.007518e+05	1.026956e+01	1.080793e+05	1.078819e+05	5.780125e+04	5.745840e+04	3.021726e+02	1.968792e+01	2023	8	17	6
	93	404	-156.750000	11.125000	1.006334e+05	1.084015e+01	1.079627e+05	1.077210e+05	5.767462e+04	5.728143e+04	3.026290e+02	2.865404e+01	2023	8	17	12
	93	409	-156.750000	12.375000	1.007453e+05	1.109054e+01	1.080048e+05	1.077928e+05	5.770029e+04	5.724758e+04	3.019974e+02	2.288363e+01	2023	8	17	18
	83	409	-159.250000	12.375000	1.005758e+05	1.088048e+01	1.079081e+05	1.076397e+05	5.768814e+04	5.713674e+04	3.024056e+02	1.889415e+01	2023	8	18	0
	81	409	-159.750000	12.375000	1.006167e+05	1.240518e+01	1.079453e+05	1.076807e+05	5.767041e+04	5.722905e+04	3.023861e+02	1.949461e+01	2023	8	18	6
	79	413	-160.250000	13.375000	1.005610e+05	1.138754e+01	1.078652e+05	1.075720e+05	5.760168e+04	5.719345e+04	3.020317e+02	1.927930e+01	2023	8	18	12
	75	412	-161.250000	13.125000	1.005753e+05	1.262470e+01	1.078794e+05	1.077247e+05	5.766450e+04	5.726084e+04	3.019519e+02	2.341300e+01	2023	8	18	18
	72	416	-162.000000	14.125000	1.004623e+05	1.332878e+01	1.078442e+05	1.076723e+05	5.764621e+04	5.714663e+04	3.016666e+02	2.372145e+01	2023	8	19	0
	67	416	-163.250000	14.125000	1.004713e+05	1.276858e+01	1.078902e+05	1.077452e+05	5.766920e+04	5.716882e+04	3.018788e+02	2.397118e+01	2023	8	19	6
	65	417	-163.750000	14.375000	1.003657e+05	1.380684e+01	1.078330e+05	1.075363e+05	5.759577e+04	5.706060e+04	3.018280e+02	2.325427e+01	2023	8	19	12
	63	418	-164.250000	14.625000	1.004133e+05	1.466984e+01	1.078306e+05	1.076237e+05	5.764423e+04	5.713616e+04	3.018453e+02	2.209278e+01	2023	8	19	18
	63	418	-164.250000	14.625000	1.002698e+05	1.470062e+01	1.078721e+05	1.076218e+05	5.763176e+04	5.711213e+04	3.019071e+02	2.300660e+01	2023	8	20	0
	62	418	-164.500000	14.625000	1.002682e+05	1.586722e+01	1.078911e+05	1.076629e+05	5.760768e+04	5.714466e+04	3.019022e+02	2.380687e+01	2023	8	20	6
	62	419	-164.500000	14.875000	1.001767e+05	1.686525e+01	1.078269e+05	1.075306e+05	5.757405e+04	5.708873e+04	3.018116e+02	2.300207e+01	2023	8	20	12
	62	420	-164.500000	15.125000	1.001623e+05	1.646542e+01	1.078126e+05	1.075114e+05	5.760125e+04	5.715891e+04	3.018057e+02	2.277826e+01	2023	8	20	18
	63	420	-164.250000	15.125000	1.000396e+05	1.634900e+01	1.077991e+05	1.074890e+05	5.759084e+04	5.704883e+04	3.018533e+02	2.645681e+01	2023	8	21	0
	63	421	-164.250000	15.375000	9.994625e+04	1.805116e+01	1.078078e+05	1.074632e+05	5.755259e+04	5.701915e+04	3.017553e+02	3.017466e+01	2023	8	21	6
	64	421	-164.000000	15.375000	9.976657e+04	1.822968e+01	1.076920e+05	1.073694e+05	5.750698e+04	5.685931e+04	3.015769e+02	3.267645e+01	2023	8	21	12
	65	421	-163.750000	15.375000	9.956666e+04	2.080330e+01	1.076613e+05	1.073100e+05	5.751526e+04	5.662905e+04	3.014608e+02	2.537555e+01	2023	8	21	18
	66	422	-163.500000	15.625000	9.929068e+04	2.387502e+01	1.076360e+05	1.072372e+05	5.746519e+04	5.635680e+04	3.014733e+02	2.309365e+01	2023	8	22	0
	65	423	-163.750000	15.875000	9.933066e+04	2.333560e+01	1.076634e+05	1.072294e+05	5.747746e+04	5.642077e+04	3.015222e+02	2.339045e+01	2023	8	22	6
	64	423	-164.000000	15.875000	9.929548e+04	2.091999e+01	1.075970e+05	1.071088e+05	5.739664e+04	5.654177e+04	3.014753e+02	2.414631e+01	2023	8	22	12
	63	425	-164.250000	16.375000	9.917412e+04	2.330640e+01	1.076167e+05	1.072110e+05	5.744169e+04	5.654068e+04	3.015601e+02	1.944055e+01	2023	8	22	18
	60	427	-165.000000	16.875000	9.913109e+04	2.181577e+01	1.075946e+05	1.072239e+05	5.740170e+04	5.665301e+04	3.016926e+02	1.786395e+01	2023	8	23	0
	60	429	-165.000000	17.375000	9.926529e+04	2.377271e+01	1.077304e+05	1.072006e+05	5.751157e+04	5.677507e+04	3.018051e+02	1.980947e+01	2023	8	23	6
	57	431	-165.750000	17.875000	9.937423e+04	2.407161e+01	1.076842e+05	1.070768e+05	5.749786e+04	5.689932e+04	3.018877e+02	2.339429e+01	2023	8	23	12
	54	435	-166.500000	18.875000	9.962510e+04	2.371867e+01	1.078142e+05	1.068982e+05	5.761858e+04	5.711575e+04	3.019271e+02	2.296218e+01	2023	8	23	18
	50	438	-167.500000	19.625000	9.968908e+04	2.335835e+01	1.078117e+05	1.068409e+05	5.758281e+04	5.707458e+04	3.020713e+02	2.393394e+01	2023	8	24	0
	47	443	-168.250000	20.875000	9.965254e+04	2.482855e+01	1.079464e+05	1.067124e+05	5.770759e+04	5.711145e+04	3.020923e+02	2.849176e+01	2023	8	24	6
	45	448	-168.750000	22.125000	9.960420e+04	2.527844e+01	1.078660e+05	1.066661e+05	5.778189e+04	5.714660e+04	3.019614e+02	2.261007e+01	2023	8	24	12
	39	453	-170.250000	23.375000	9.946843e+04	2.599032e+01	1.079912e+05	1.066307e+05	5.787175e+04	5.705853e+04	3.018563e+02	2.265935e+01	2023	8	24	18
	34	458	-171.500000	24.625000	9.908522e+04	2.705699e+01	1.080824e+05	1.066446e+05	5.793937e+04	5.677734e+04	3.018017e+02	1.653780e+01	2023	8	25	0
	28	464	-173.000000	26.125000	9.917589e+04	2.439015e+01	1.080177e+05	1.066591e+05	5.801484e+04	5.670481e+04	3.010225e+02	1.627064e+01	2023	8	25	6
	21	470	-174.750000	27.625000	9.921738e+04	2.334413e+01	1.080431e+05	1.066919e+05	5.794687e+04	5.669086e+04	3.004439e+02	1.858866e+01	2023	8	25	12
	15	475	-176.250000	28.875000	9.934481e+04	2.392161e+01	1.078637e+05	1.067553e+05	5.789459e+04	5.652234e+04	3.000043e+02	6.232679e+00	2023	8	25	18
	9	480	-177.750000	30.125000	9.951282e+04	2.171629e+01	1.078409e+05	1.070831e+05	5.792324e+04	5.655976e+04	2.998795e+02	3.122543e+00	2023	8	26	0
	7	487	-178.250000	31.875000	9.956177e+04	2.199188e+01	1.077731e+05	1.065033e+05	5.782026e+04	5.655038e+04	2.986431e+02	4.099625e+00	2023	8	26	6
	6	493	-178.500000	33.375000	9.974936e+04	2.188697e+01	1.077241e+05	1.058591e+05	5.779343e+04	5.659531e+04	2.979315e+02	9.123966e+00	2023	8	26	12
	9	503	-177.750000	35.875000	9.961791e+04	2.242967e+01	1.076562e+05	1.050281e+05	5.783896e+04	5.622477e+04	2.963781e+02	1.411147e+01	2023	8	26	18
	14	515	-176.500000	38.875000	9.943370e+04	2.432544e+01	1.076744e+05	1.046629e+05	5.787329e+04	5.604012e+04	2.935219e+02	1.826131e+01	2023	8	27	0
	21	527	-174.750000	41.875000	9.948211e+04	2.313654e+01	1.074981e+05	1.042131e+05	5.776115e+04	5.578646e+04	2.900844e+02	1.891525e+01	2023	8	27	6
	28	540	-173.000000	45.125000	9.944580e+04	2.023413e+01	1.069109e+05	1.035851e+05	5.749445e+04	5.534840e+04	2.868409e+02	1.999649e+01	2023	8	27	12
	35	549	-171.250000	47.375000	9.920538e+04	1.971663e+01	1.062765e+05	1.029177e+05	5.710166e+04	5.482672e+04	2.858768e+02	1.423615e+01	2023	8	27	18
	46	555	-168.500000	48.875000	9.927506e+04	1.872897e+01	1.061163e+05	1.027308e+05	5.699991e+04	5.466998e+04	2.852966e+02	8.630997e+00	2023	8	28	0
	59	560	-165.250000	50.125000	9.930091e+04	1.779225e+01	1.056446e+05	1.025654e+05	5.679262e+04	5.448655e+04	2.848925e+02	6.510668e+00	2023	8	28	6
	72	563	-162.000000	50.875000	9.943864e+04	1.747432e+01	1.055304e+05	1.021693e+05	5.671202e+04	5.434601e+04	2.850400e+02	4.994536e+00	2023	8	28	12
	90	566	-157.500000	51.625000	9.952122e+04	1.686148e+01	1.054027e+05	1.014521e+05	5.662447e+04	5.415511e+04	2.852205e+02	3.156852e+00	2023	8	28	18
start	36	2023	8	26	0
	1239	425	129.750000	16.375000	1.001703e+05	1.207911e+01	1.081689e+05	1.078811e+05	5.770057e+04	5.713197e+04	3.025233e+02	2.500230e+01	2023	8	26	0
	1234	426	128.500000	16.625000	9.986239e+04	1.122532e+01	1.080888e+05	1.077778e+05	5.757576e+04	5.694858e+04	3.031790e+02	3.076739e+01	2023	8	26	6
	1231	425	127.750000	16.375000	9.995775e+04	1.040252e+01	1.081885e+05	1.079012e+05	5.760402e+04	5.706253e+04	3.025229e+02	3.700482e+01	2023	8	26	12
	1229	426	127.250000	16.625000	9.971868e+04	1.124542e+01	1.080475e+05	1.077282e+05	5.743736e+04	5.688282e+04	3.025186e+02	3.262646e+01	2023	8	26	18
	1229	427	127.250000	16.875000	9.982569e+04	1.267439e+01	1.082151e+05	1.078125e+05	5.748663e+04	5.696954e+04	3.025157e+02	3.430852e+01	2023	8	27	0
	1227	431	126.750000	17.875000	9.961573e+04	1.554630e+01	1.081715e+05	1.077495e+05	5.740370e+04	5.685575e+04	3.034560e+02	4.081643e+01	2023	8	27	6
	1223	434	125.750000	18.625000	9.974531e+04	1.257355e+01	1.083098e+05	1.079317e+05	5.751991e+04	5.697345e+04	3.029278e+02	3.760120e+01	2023	8	27	12
	1220	435	125.000000	18.875000	9.957762e+04	1.604458e+01	1.081555e+05	1.077689e+05	5.739975e+04	5.679701e+04	3.028784e+02	3.321307e+01	2023	8	27	18
	1217	438	124.250000	19.625000	9.965178e+04	1.522037e+01	1.082082e+05	1.078157e+05	5.752296e+04	5.689590e+04	3.028434e+02	3.323851e+01	2023	8	28	0
	1217	440	124.250000	20.125000	9.944152e+04	1.531705e+01	1.081444e+05	1.077587e+05	5.736225e+04	5.673029e+04	3.033527e+02	3.778497e+01	2023	8	28	6
	1216	443	124.000000	20.875000	9.947682e+04	1.481676e+01	1.082226e+05	1.078928e+05	5.744410e+04	5.674233e+04	3.029302e+02	3.579060e+01	2023	8	28	12
	1218	447	124.500000	21.875000	9.918948e+04	1.562391e+01	1.081194e+05	1.077255e+05	5.731912e+04	5.656907e+04	3.028436e+02	3.257198e+01	2023	8	28	18
	1218	450	124.500000	22.625000	9.922296e+04	1.736545e+01	1.082364e+05	1.077335e+05	5.739172e+04	5.662602e+04	3.028090e+02	3.520597e+01	2023	8	29	0
	1221	454	125.250000	23.625000	9.897577e+04	1.839395e+01	1.081471e+05	1.075966e+05	5.730292e+04	5.642598e+04	3.029757e+02	3.016547e+01	2023	8	29	6
	1225	460	126.250000	25.125000	9.904284e+04	1.900635e+01	1.082518e+05	1.076885e+05	5.744719e+04	5.650265e+04	3.028475e+02	3.010146e+01	2023	8	29	12
	1226	464	126.500000	26.125000	9.889542e+04	1.713814e+01	1.081380e+05	1.074622e+05	5.733621e+04	5.640540e+04	9.999000e+03	3.068417e+01	2023	8	29	18
	1226	469	126.500000	27.375000	9.886518e+04	1.640801e+01	1.082935e+05	1.074191e+05	5.728624e+04	5.638679e+04	9.999000e+03	2.715043e+01	2023	8	30	0
	1229	473	127.250000	28.375000	9.862027e+04	1.505981e+01	1.082392e+05	1.073763e+05	5.721538e+04	5.627042e+04	9.999000e+03	2.618505e+01	2023	8	30	6
	1232	483	128.000000	30.875000	9.870709e+04	1.814961e+01	1.082944e+05	1.069449e+05	5.737595e+04	5.632184e+04	9.999000e+03	4.046080e+01	2023	8	30	12
	1233	489	128.250000	32.375000	9.839681e+04	1.860867e+01	1.081854e+05	1.062196e+05	5.704839e+04	5.604207e+04	9.999000e+03	4.403057e+01	2023	8	30	18
	1243	498	130.750000	34.625000	9.838799e+04	2.183838e+01	1.082725e+05	1.060604e+05	5.727971e+04	5.603697e+04	9.999000e+03	5.345785e+01	2023	8	31	0
	1250	507	132.500000	36.875000	9.809698e+04	2.335832e+01	1.081441e+05	1.056644e+05	5.708399e+04	5.573006e+04	9.999000e+03	5.291135e+01	2023	8	31	6
	1261	514	135.250000	38.625000	9.797270e+04	2.379052e+01	1.083203e+05	1.053344e+05	5.728002e+04	5.554642e+04	3.006703e+02	4.087535e+01	2023	8	31	12
	1275	524	138.750000	41.125000	9.750716e+04	2.402847e+01	1.080516e+05	1.044911e+05	5.693589e+04	5.493636e+04	9.999000e+03	3.287780e+01	2023	8	31	18
	1289	534	142.250000	43.625000	9.743229e+04	2.275380e+01	1.078058e+05	1.038966e+05	5.675509e+04	5.443677e+04	9.999000e+03	3.763950e+01	2023	9	1	0
	1300	541	145.000000	45.375000	9.659882e+04	2.763913e+01	1.075807e+05	1.036212e+05	5.650470e+04	5.398509e+04	9.999000e+03	2.718655e+01	2023	9	1	6
	1313	546	148.250000	46.625000	9.672804e+04	2.560857e+01	1.073918e+05	1.034512e+05	5.642379e+04	5.357725e+04	9.999000e+03	1.537584e+01	2023	9	1	12
	1334	549	153.500000	47.375000	9.700673e+04	2.100400e+01	1.070651e+05	1.032486e+05	5.635808e+04	5.324616e+04	2.854096e+02	1.795597e+01	2023	9	1	18
	1344	554	156.000000	48.625000	9.704662e+04	1.956411e+01	1.063019e+05	1.030631e+05	5.605450e+04	5.316384e+04	9.999000e+03	1.416397e+01	2023	9	2	0
	1352	556	158.000000	49.125000	9.722580e+04	1.948212e+01	1.061357e+05	1.029656e+05	5.604132e+04	5.312945e+04	9.999000e+03	9.359229e+00	2023	9	2	6
	1366	556	161.500000	49.125000	9.779051e+04	1.891925e+01	1.061291e+05	1.030193e+05	5.615271e+04	5.328510e+04	2.859734e+02	8.074927e+00	2023	9	2	12
	1377	557	164.250000	49.375000	9.809001e+04	1.793658e+01	1.057359e+05	1.027090e+05	5.597227e+04	5.334200e+04	2.856800e+02	7.196965e+00	2023	9	2	18
	1388	560	167.000000	50.125000	9.853373e+04	1.495168e+01	1.053338e+05	1.026584e+05	5.589701e+04	5.366385e+04	2.845205e+02	5.085161e+00	2023	9	3	0
	1395	562	168.750000	50.625000	9.886794e+04	1.374865e+01	1.054100e+05	1.027294e+05	5.606455e+04	5.383763e+04	2.844669e+02	4.070289e+00	2023	9	3	6
	1401	564	170.250000	51.125000	9.919880e+04	1.318883e+01	1.054463e+05	1.025060e+05	5.612793e+04	5.395288e+04	2.844168e+02	4.468319e+00	2023	9	3	12
	1408	568	172.000000	52.125000	9.941859e+04	1.308572e+01	1.048777e+05	1.017884e+05	5.588655e+04	5.398069e+04	9.999000e+03	4.785164e+00	2023	9	3	18
start	11	2023	9	5	0
	663	415	-14.250000	13.875000	1.003819e+05	1.304182e+01	1.078846e+05	1.077056e+05	5.805548e+04	5.719397e+04	9.999000e+03	1.692882e+01	2023	9	5	0
	660	417	-15.000000	14.375000	1.001758e+05	1.357947e+01	1.076508e+05	1.074819e+05	5.788082e+04	5.696927e+04	9.999000e+03	1.314280e+01	2023	9	5	6
	652	418	-17.000000	14.625000	1.004247e+05	1.536778e+01	1.079166e+05	1.076868e+05	5.806755e+04	5.731698e+04	9.999000e+03	9.506820e+00	2023	9	5	12
	646	420	-18.500000	15.125000	1.001154e+05	1.831095e+01	1.078160e+05	1.075507e+05	5.793274e+04	5.714663e+04	9.999000e+03	5.523671e+00	2023	9	5	18
	641	421	-19.750000	15.375000	1.004269e+05	1.612627e+01	1.078661e+05	1.076427e+05	5.807791e+04	5.743356e+04	3.011420e+02	4.747050e+00	2023	9	6	0
	635	422	-21.250000	15.625000	1.002629e+05	1.725588e+01	1.076104e+05	1.073071e+05	5.790942e+04	5.728938e+04	9.999000e+03	4.557723e+00	2023	9	6	6
	631	423	-22.250000	15.875000	1.005173e+05	1.788630e+01	1.078730e+05	1.075196e+05	5.805951e+04	5.753238e+04	9.999000e+03	3.736256e+00	2023	9	6	12
	626	424	-23.500000	16.125000	1.002924e+05	1.871565e+01	1.078205e+05	1.074511e+05	5.791597e+04	5.737579e+04	9.999000e+03	4.723818e+00	2023	9	6	18
	622	424	-24.500000	16.125000	1.004709e+05	1.943956e+01	1.080092e+05	1.075207e+05	5.804751e+04	5.750086e+04	9.999000e+03	5.602880e+00	2023	9	7	0
	617	424	-25.750000	16.125000	1.002541e+05	1.794380e+01	1.076193e+05	1.072092e+05	5.779512e+04	5.722862e+04	9.999000e+03	3.451152e+00	2023	9	7	6
	612	423	-27.000000	15.875000	1.006025e+05	1.840854e+01	1.078986e+05	1.073866e+05	5.796135e+04	5.765634e+04	9.999000e+03	1.401533e+00	2023	9	7	12
start	22	2023	9	6	0
	1081	436	90.250000	19.125000	9.992891e+04	1.207247e+01	1.080537e+05	1.078609e+05	5.747938e+04	5.701239e+04	3.030130e+02	3.427222e+01	2023	9	6	0
	1079	435	89.750000	18.875000	9.996666e+04	1.147360e+01	1.082889e+05	1.079094e+05	5.761389e+04	5.711444e+04	3.029087e+02	2.940576e+01	2023	9	6	6
	1077	438	89.250000	19.625000	9.972851e+04	1.214747e+01	1.082545e+05	1.078108e+05	5.746912e+04	5.694230e+04	3.041288e+02	2.018413e+01	2023	9	6	12
	1076	439	89.000000	19.875000	9.994784e+04	1.351630e+01	1.083351e+05	1.080224e+05	5.764666e+04	5.712232e+04	9.999000e+03	3.519121e+01	2023	9	6	18
	1072	440	88.000000	20.125000	9.974601e+04	1.269894e+01	1.082217e+05	1.078210e+05	5.747971e+04	5.698425e+04	9.999000e+03	3.335904e+01	2023	9	7	0
	1072	441	88.000000	20.375000	9.985612e+04	1.378033e+01	1.085109e+05	1.080232e+05	5.761591e+04	5.709211e+04	9.999000e+03	3.098815e+01	2023	9	7	6
	1070	444	87.500000	21.125000	9.961202e+04	1.293155e+01	1.083697e+05	1.079199e+05	5.750000e+04	5.690334e+04	9.999000e+03	1.784167e+01	2023	9	7	12
	1070	445	87.500000	21.375000	9.989536e+04	1.277155e+01	1.084135e+05	1.080636e+05	5.768049e+04	5.710236e+04	9.999000e+03	2.853367e+01	2023	9	7	18
	1064	443	86.000000	20.875000	9.976659e+04	1.313543e+01	1.082049e+05	1.077991e+05	5.744865e+04	5.689694e+04	9.999000e+03	2.217383e+01	2023	9	8	0
	1060	448	85.000000	22.125000	9.997089e+04	6.818674e+00	1.084711e+05	1.080011e+05	5.760374e+04	5.710300e+04	9.999000e+03	2.459959e+01	2023	9	8	6
	1058	448	84.500000	22.125000	9.970209e+04	6.533903e+00	1.082985e+05	1.079069e+05	5.745247e+04	5.693650e+04	9.999000e+03	1.368938e+01	2023	9	8	12
	1055	448	83.750000	22.125000	1.000233e+05	6.861012e+00	1.083340e+05	1.080186e+05	5.759449e+04	5.712399e+04	9.999000e+03	1.817604e+01	2023	9	8	18
	1051	449	82.750000	22.375000	9.985483e+04	6.074358e+00	1.081274e+05	1.077547e+05	5.737549e+04	5.695141e+04	9.999000e+03	1.744756e+01	2023	9	9	0
	1047	447	81.750000	21.875000	9.995951e+04	5.875991e+00	1.083752e+05	1.079331e+05	5.752155e+04	5.714287e+04	9.999000e+03	2.554111e+01	2023	9	9	6
	1046	447	81.500000	21.875000	9.967273e+04	5.196751e+00	1.081973e+05	1.078121e+05	5.734174e+04	5.692471e+04	9.999000e+03	1.209373e+01	2023	9	9	12
	1045	447	81.250000	21.875000	9.999366e+04	5.403211e+00	1.082859e+05	1.079611e+05	5.752441e+04	5.713019e+04	9.999000e+03	1.614030e+01	2023	9	9	18
	1042	445	80.500000	21.375000	9.968911e+04	6.874434e+00	1.080679e+05	1.077293e+05	5.730648e+04	5.684321e+04	9.999000e+03	1.796782e+01	2023	9	10	0
	1039	446	79.750000	21.625000	9.994234e+04	7.742450e+00	1.083511e+05	1.079204e+05	5.753679e+04	5.708209e+04	9.999000e+03	2.419151e+01	2023	9	10	6
	1037	445	79.250000	21.375000	9.972998e+04	6.936886e+00	1.082089e+05	1.078113e+05	5.738066e+04	5.695805e+04	9.999000e+03	1.422822e+01	2023	9	10	12
	1040	444	80.000000	21.125000	9.993476e+04	8.453146e+00	1.083158e+05	1.080365e+05	5.768375e+04	5.711602e+04	9.999000e+03	1.571636e+01	2023	9	10	18
	1040	446	80.000000	21.625000	9.982019e+04	7.842771e+00	1.081139e+05	1.078130e+05	5.753877e+04	5.688127e+04	9.999000e+03	1.259931e+01	2023	9	11	0
	1036	451	79.000000	22.875000	1.001985e+05	8.251604e+00	1.083393e+05	1.080594e+05	5.772043e+04	5.715152e+04	9.999000e+03	1.914303e+01	2023	9	11	6
start	53	2023	9	20	0
	1334	407	153.500000	11.875000	1.007164e+05	8.795912e+00	1.082409e+05	1.080698e+05	5.783719e+04	5.740416e+04	3.036533e+02	2.168578e+01	2023	9	20	0
	1332	405	153.000000	11.375000	1.003973e+05	1.084394e+01	1.081995e+05	1.078745e+05	5.760908e+04	5.717592e+04	3.040328e+02	2.447471e+01	2023	9	20	6
	1331	409	152.750000	12.375000	1.005924e+05	9.078754e+00	1.082862e+05	1.080664e+05	5.782434e+04	5.737746e+04	3.035183e+02	2.527913e+01	2023	9	20	12
	1328	408	152.000000	12.125000	1.003073e+05	1.014867e+01	1.080729e+05	1.078183e+05	5.758418e+04	5.710143e+04	3.034245e+02	3.068845e+01	2023	9	20	18
	1326	413	151.500000	13.375000	1.004797e+05	1.055934e+01	1.083260e+05	1.080100e+05	5.775907e+04	5.727910e+04	3.034215e+02	2.221245e+01	2023	9	21	0
	1326	415	151.500000	13.875000	1.001668e+05	1.091422e+01	1.081308e+05	1.078415e+05	5.761914e+04	5.709941e+04	3.036300e+02	2.267220e+01	2023	9	21	6
	1321	418	150.250000	14.625000	1.003401e+05	1.033999e+01	1.082853e+05	1.079894e+05	5.772259e+04	5.720037e+04	3.033440e+02	3.577139e+01	2023	9	21	12
	1320	420	150.000000	15.125000	1.000491e+05	1.171422e+01	1.081093e+05	1.077120e+05	5.751070e+04	5.702318e+04	3.032805e+02	3.114481e+01	2023	9	21	18
	1318	417	149.500000	14.375000	1.001352e+05	1.203768e+01	1.082191e+05	1.078370e+05	5.761668e+04	5.716420e+04	3.032873e+02	2.876237e+01	2023	9	22	0
	1319	420	149.750000	15.125000	9.985988e+04	1.329713e+01	1.080849e+05	1.077308e+05	5.751372e+04	5.699154e+04	3.040571e+02	3.240163e+01	2023	9	22	6
	1316	422	149.000000	15.625000	1.000519e+05	1.457387e+01	1.083213e+05	1.079416e+05	5.763313e+04	5.711145e+04	3.032622e+02	3.385137e+01	2023	9	22	12
	1319	419	149.750000	14.875000	9.985834e+04	1.467164e+01	1.079968e+05	1.076606e+05	5.739830e+04	5.692376e+04	3.032012e+02	2.792745e+01	2023	9	22	18
	1319	424	149.750000	16.125000	1.000256e+05	1.463549e+01	1.082644e+05	1.078581e+05	5.763277e+04	5.713934e+04	3.031977e+02	2.392576e+01	2023	9	23	0
	1321	427	150.250000	16.875000	9.969203e+04	1.379200e+01	1.081804e+05	1.077879e+05	5.750183e+04	5.697197e+04	3.036922e+02	2.662645e+01	2023	9	23	6
	1321	430	150.250000	17.625000	9.984730e+04	1.445232e+01	1.082974e+05	1.079696e+05	5.763029e+04	5.707391e+04	3.032360e+02	3.142762e+01	2023	9	23	12
	1314	430	148.500000	17.625000	9.955652e+04	1.381633e+01	1.081153e+05	1.076615e+05	5.741291e+04	5.684361e+04	3.030242e+02	2.659763e+01	2023	9	23	18
	1312	432	148.000000	18.125000	9.968303e+04	1.429572e+01	1.082785e+05	1.078342e+05	5.757407e+04	5.696227e+04	3.030106e+02	2.347664e+01	2023	9	24	0
	1308	432	147.000000	18.125000	9.937266e+04	1.474269e+01	1.081575e+05	1.076976e+05	5.740248e+04	5.671086e+04	3.031584e+02	2.942626e+01	2023	9	24	6
	1304	434	146.000000	18.625000	9.954196e+04	1.445085e+01	1.083022e+05	1.078915e+05	5.757475e+04	5.680208e+04	3.026505e+02	3.104600e+01	2023	9	24	12
	1303	434	145.750000	18.625000	9.929881e+04	1.643726e+01	1.081849e+05	1.076004e+05	5.738887e+04	5.657014e+04	3.026104e+02	2.219588e+01	2023	9	24	18
	1297	435	144.250000	18.875000	9.942738e+04	1.546540e+01	1.082820e+05	1.077561e+05	5.756639e+04	5.668251e+04	3.023854e+02	2.368185e+01	2023	9	25	0
	1292	436	143.000000	19.125000	9.903946e+04	1.552389e+01	1.081551e+05	1.076179e+05	5.738407e+04	5.643623e+04	3.024638e+02	2.790373e+01	2023	9	25	6
	1288	436	142.000000	19.125000	9.911462e+04	1.636044e+01	1.083338e+05	1.077572e+05	5.747458e+04	5.649446e+04	3.023648e+02	3.014565e+01	2023	9	25	12
	1284	437	141.000000	19.375000	9.880055e+04	1.560566e+01	1.081097e+05	1.075137e+05	5.731591e+04	5.616273e+04	3.023836e+02	2.751286e+01	2023	9	25	18
	1279	437	139.750000	19.375000	9.882537e+04	1.688639e+01	1.082286e+05	1.076024e+05	5.741885e+04	5.620326e+04	3.023489e+02	2.810924e+01	2023	9	26	0
	1278	439	139.500000	19.875000	9.846016e+04	1.798084e+01	1.081182e+05	1.074107e+05	5.724093e+04	5.596195e+04	3.023866e+02	2.858469e+01	2023	9	26	6
	1276	439	139.000000	19.875000	9.857731e+04	1.816168e+01	1.082853e+05	1.075576e+05	5.739988e+04	5.613069e+04	3.023974e+02	2.554571e+01	2023	9	26	12
	1275	441	138.750000	20.375000	9.834078e+04	1.956126e+01	1.081190e+05	1.074097e+05	5.723655e+04	5.595296e+04	3.024518e+02	2.642762e+01	2023	9	26	18
	1274	441	138.500000	20.375000	9.847166e+04	1.975597e+01	1.082777e+05	1.075767e+05	5.735083e+04	5.613179e+04	3.024285e+02	2.821788e+01	2023	9	27	0
	1273	442	138.250000	20.625000	9.811127e+04	2.207860e+01	1.081466e+05	1.072676e+05	5.717861e+04	5.589287e+04	3.026427e+02	2.665467e+01	2023	9	27	6
	1273	443	138.250000	20.875000	9.821480e+04	2.190443e+01	1.082520e+05	1.073859e+05	5.727195e+04	5.598825e+04	3.024406e+02	2.729770e+01	2023	9	27	12
	1273	445	138.250000	21.375000	9.797851e+04	2.321697e+01	1.080802e+05	1.071419e+05	5.709436e+04	5.580953e+04	3.025495e+02	2.506210e+01	2023	9	27	18
	1272	447	138.000000	21.875000	9.808247e+04	2.394193e+01	1.082537e+05	1.072297e+05	5.723039e+04	5.587283e+04	3.026592e+02	2.119307e+01	2023	9	28	0
	1271	451	137.750000	22.875000	9.774054e+04	2.346598e+01	1.080505e+05	1.070138e+05	5.711333e+04	5.557742e+04	3.028183e+02	1.937557e+01	2023	9	28	6
	1273	454	138.250000	23.625000	9.773023e+04	2.403566e+01	1.081974e+05	1.071670e+05	5.727158e+04	5.547820e+04	3.026519e+02	2.037607e+01	2023	9	28	12
	1268	460	137.000000	25.125000	9.743334e+04	2.322762e+01	1.080099e+05	1.070556e+05	5.705745e+04	5.532702e+04	3.027279e+02	2.503746e+01	2023	9	28	18
	1265	465	136.250000	26.375000	9.740039e+04	2.350857e+01	1.081552e+05	1.070635e+05	5.712872e+04	5.525264e+04	3.025114e+02	2.835266e+01	2023	9	29	0
	1261	469	135.250000	27.375000	9.700788e+04	2.616011e+01	1.079479e+05	1.067430e+05	5.686638e+04	5.485376e+04	3.024572e+02	2.856895e+01	2023	9	29	6
	1260	471	135.000000	27.875000	9.710253e+04	2.344145e+01	1.080697e+05	1.069636e+05	5.700719e+04	5.497061e+04	3.021845e+02	2.448329e+01	2023	9	29	12
	1260	474	135.000000	28.625000	9.704312e+04	2.347587e+01	1.079923e+05	1.069614e+05	5.680116e+04	5.514918e+04	3.017016e+02	2.446571e+01	2023	9	29	18
	1261	475	135.250000	28.875000	9.721798e+04	2.399236e+01	1.081688e+05	1.068429e+05	5.693067e+04	5.550015e+04	3.013191e+02	2.304373e+01	2023	9	30	0
	1262	478	135.500000	29.625000	9.711756e+04	2.573466e+01	1.080022e+05	1.066205e+05	5.669578e+04	5.543828e+04	3.011112e+02	2.268993e+01	2023	9	30	6
	1263	478	135.750000	29.625000	9.735835e+04	2.599180e+01	1.080797e+05	1.068669e+05	5.681016e+04	5.565124e+04	3.010140e+02	1.656857e+01	2023	9	30	12
	1265	479	136.250000	29.875000	9.745802e+04	2.499964e+01	1.078941e+05	1.066613e+05	5.661339e+04	5.564577e+04	3.009091e+02	1.096773e+01	2023	9	30	18
	1268	478	137.000000	29.625000	9.790667e+04	2.291460e+01	1.079940e+05	1.066606e+05	5.686467e+04	5.586886e+04	3.008996e+02	6.123911e+00	2023	10	1	0
	1273	480	138.250000	30.125000	9.809713e+04	2.094100e+01	1.079388e+05	1.066568e+05	5.687237e+04	5.568658e+04	3.010408e+02	9.564064e+00	2023	10	1	6
	1275	483	138.750000	30.875000	9.840009e+04	2.337921e+01	1.080150e+05	1.065269e+05	5.708650e+04	5.557586e+04	3.009243e+02	1.333187e+01	2023	10	1	12
	1279	488	139.750000	32.125000	9.827566e+04	2.400774e+01	1.078297e+05	1.061019e+05	5.706334e+04	5.534684e+04	3.008130e+02	1.971523e+01	2023	10	1	18
	1282	496	140.500000	34.125000	9.810002e+04	2.448601e+01	1.078862e+05	1.056430e+05	5.717334e+04	5.526876e+04	9.999000e+03	2.959903e+01	2023	10	2	0
	1285	504	141.250000	36.125000	9.765894e+04	2.627606e+01	1.077443e+05	1.050735e+05	5.707065e+04	5.500561e+04	9.999000e+03	2.751906e+01	2023	10	2	6
	1288	512	142.000000	38.125000	9.792668e+04	2.613605e+01	1.077017e+05	1.043291e+05	5.711749e+04	5.474830e+04	9.999000e+03	1.830767e+01	2023	10	2	12
	1288	521	142.000000	40.375000	9.825123e+04	2.754260e+01	1.073275e+05	1.033648e+05	5.687043e+04	5.432551e+04	9.999000e+03	1.832931e+01	2023	10	2	18
	1288	529	142.000000	42.375000	9.907680e+04	2.297218e+01	1.071129e+05	1.027347e+05	5.690385e+04	5.404392e+04	9.999000e+03	1.678931e+01	2023	10	3	0
start	26	2023	9	25	6
	1369	425	162.250000	16.375000	1.001907e+05	1.379054e+01	1.080999e+05	1.079320e+05	5.754294e+04	5.707027e+04	3.041936e+02	3.947123e+01	2023	9	25	6
	1372	424	163.000000	16.125000	1.002764e+05	1.342023e+01	1.082644e+05	1.080824e+05	5.768425e+04	5.717195e+04	3.037735e+02	4.511528e+01	2023	9	25	12
	1373	426	163.250000	16.625000	9.997829e+04	1.565431e+01	1.081545e+05	1.079157e+05	5.755806e+04	5.700380e+04	3.037406e+02	4.520179e+01	2023	9	25	18
	1371	427	162.750000	16.875000	1.000169e+05	1.417838e+01	1.082573e+05	1.080979e+05	5.767550e+04	5.713371e+04	3.038742e+02	4.854469e+01	2023	9	26	0
	1369	427	162.250000	16.875000	9.968659e+04	1.481195e+01	1.081942e+05	1.079182e+05	5.748311e+04	5.691496e+04	3.038336e+02	4.784098e+01	2023	9	26	6
	1368	428	162.000000	17.125000	9.977997e+04	1.574865e+01	1.082815e+05	1.080343e+05	5.763322e+04	5.702872e+04	3.036889e+02	4.725326e+01	2023	9	26	12
	1365	428	161.250000	17.125000	9.944333e+04	1.676031e+01	1.081170e+05	1.077826e+05	5.747474e+04	5.673688e+04	3.036377e+02	4.697856e+01	2023	9	26	18
	1363	433	160.750000	18.375000	9.948983e+04	1.686495e+01	1.082991e+05	1.079021e+05	5.764306e+04	5.682339e+04	3.035927e+02	4.022804e+01	2023	9	27	0
	1357	434	159.250000	18.625000	9.913920e+04	1.741762e+01	1.082497e+05	1.077582e+05	5.751234e+04	5.658314e+04	3.035397e+02	3.667913e+01	2023	9	27	6
	1352	435	158.000000	18.875000	9.920837e+04	1.512727e+01	1.083566e+05	1.078672e+05	5.756291e+04	5.671366e+04	3.033037e+02	3.798599e+01	2023	9	27	12
	1351	436	157.750000	19.125000	9.892860e+04	1.514591e+01	1.082418e+05	1.076705e+05	5.735785e+04	5.649138e+04	3.032444e+02	3.251245e+01	2023	9	27	18
	1347	441	156.750000	20.375000	9.910351e+04	1.796616e+01	1.085153e+05	1.078541e+05	5.757383e+04	5.664395e+04	3.033782e+02	3.054245e+01	2023	9	28	0
	1341	441	155.250000	20.375000	9.883796e+04	1.672453e+01	1.084308e+05	1.077315e+05	5.738709e+04	5.645933e+04	3.034838e+02	3.211410e+01	2023	9	28	6
	1339	442	154.750000	20.625000	9.893927e+04	1.787895e+01	1.084973e+05	1.078229e+05	5.747235e+04	5.657220e+04	3.031942e+02	4.105025e+01	2023	9	28	12
	1335	443	153.750000	20.875000	9.866172e+04	1.958875e+01	1.083129e+05	1.075774e+05	5.726394e+04	5.623016e+04	3.030774e+02	3.695767e+01	2023	9	28	18
	1334	446	153.500000	21.625000	9.877040e+04	2.038210e+01	1.085326e+05	1.077789e+05	5.744329e+04	5.640655e+04	3.029670e+02	2.974145e+01	2023	9	29	0
	1327	449	151.750000	22.375000	9.847423e+04	2.177957e+01	1.084372e+05	1.076490e+05	5.730745e+04	5.620323e+04	3.026995e+02	2.943008e+01	2023	9	29	6
	1326	451	151.500000	22.875000	9.865770e+04	2.295088e+01	1.085798e+05	1.078106e+05	5.745250e+04	5.638099e+04	3.024829e+02	2.930873e+01	2023	9	29	12
	1323	456	150.750000	24.125000	9.849646e+04	2.325336e+01	1.084093e+05	1.076628e+05	5.739866e+04	5.623306e+04	3.023915e+02	2.368804e+01	2023	9	29	18
	1321	465	150.250000	26.375000	9.870023e+04	2.204819e+01	1.087154e+05	1.078825e+05	5.770196e+04	5.646229e+04	3.022986e+02	1.634060e+01	2023	9	30	0
	1315	471	148.750000	27.875000	9.856375e+04	1.676857e+01	1.086422e+05	1.078280e+05	5.743860e+04	5.644234e+04	3.019751e+02	1.202529e+01	2023	9	30	6
	1312	478	148.000000	29.625000	9.885195e+04	1.643140e+01	1.087343e+05	1.079908e+05	5.757475e+04	5.665403e+04	3.016445e+02	1.087589e+01	2023	9	30	12
	1308	490	147.000000	32.625000	9.886330e+04	1.243724e+01	1.085395e+05	1.075759e+05	5.740558e+04	5.640578e+04	3.012813e+02	1.036994e+01	2023	9	30	18
	1308	500	147.000000	35.125000	9.906023e+04	1.845651e+01	1.086530e+05	1.071343e+05	5.750227e+04	5.635242e+04	3.005808e+02	1.480262e+01	2023	10	1	0
	1310	506	147.500000	36.625000	9.908706e+04	2.295315e+01	1.086103e+05	1.068098e+05	5.750928e+04	5.611971e+04	3.003071e+02	1.750900e+01	2023	10	1	6
	1319	511	149.750000	37.875000	9.965327e+04	2.121870e+01	1.087734e+05	1.068388e+05	5.776523e+04	5.626611e+04	2.989907e+02	1.540043e+01	2023	10	1	12
start	18	2023	9	29	0
	218	416	-125.500000	14.125000	1.004167e+05	1.100866e+01	1.080427e+05	1.077072e+05	5.770303e+04	5.730466e+04	3.039336e+02	2.180213e+01	2023	9	29	0
	215	417	-126.250000	14.375000	1.006914e+05	1.188337e+01	1.082752e+05	1.078933e+05	5.786938e+04	5.752044e+04	3.030166e+02	2.793085e+01	2023	9	29	6
	215	417	-126.250000	14.375000	1.003442e+05	1.188296e+01	1.079954e+05	1.077133e+05	5.761694e+04	5.717848e+04	3.027859e+02	2.480011e+01	2023	9	29	12
	214	419	-126.500000	14.875000	1.005491e+05	1.384840e+01	1.082453e+05	1.079138e+05	5.781298e+04	5.741697e+04	3.027151e+02	2.712246e+01	2023	9	29	18
	214	421	-126.500000	15.375000	1.001468e+05	1.301614e+01	1.080257e+05	1.076830e+05	5.753429e+04	5.710062e+04	3.027230e+02	2.850369e+01	2023	9	30	0
	215	424	-126.250000	16.125000	1.003270e+05	1.427424e+01	1.082137e+05	1.078963e+05	5.774870e+04	5.726334e+04	3.024876e+02	2.590359e+01	2023	9	30	6
	216	426	-126.000000	16.625000	1.000252e+05	1.574267e+01	1.079638e+05	1.076500e+05	5.749139e+04	5.693948e+04	3.023237e+02	1.853919e+01	2023	9	30	12
	218	429	-125.500000	17.375000	1.002284e+05	1.521738e+01	1.081839e+05	1.078571e+05	5.776470e+04	5.710227e+04	3.020208e+02	1.697917e+01	2023	9	30	18
	220	432	-125.000000	18.125000	9.986384e+04	1.599375e+01	1.079921e+05	1.076748e+05	5.748976e+04	5.680618e+04	3.020759e+02	1.566687e+01	2023	10	1	0
	224	434	-124.000000	18.625000	1.001161e+05	1.518642e+01	1.082086e+05	1.079040e+05	5.779076e+04	5.706478e+04	3.021519e+02	1.375226e+01	2023	10	1	6
	227	436	-123.250000	19.125000	9.987477e+04	1.500738e+01	1.079842e+05	1.076752e+05	5.760820e+04	5.691294e+04	3.020430e+02	1.136078e+01	2023	10	1	12
	230	440	-122.500000	20.125000	1.001399e+05	1.421957e+01	1.082480e+05	1.078348e+05	5.787118e+04	5.712790e+04	3.016897e+02	1.365685e+01	2023	10	1	18
	233	443	-121.750000	20.875000	9.986361e+04	1.465505e+01	1.080870e+05	1.076360e+05	5.764027e+04	5.683640e+04	3.014610e+02	1.408103e+01	2023	10	2	0
	235	445	-121.250000	21.375000	1.001178e+05	1.422898e+01	1.082867e+05	1.077363e+05	5.788482e+04	5.711791e+04	3.013453e+02	1.549633e+01	2023	10	2	6
	238	446	-120.500000	21.625000	9.986673e+04	1.607221e+01	1.081018e+05	1.075709e+05	5.769215e+04	5.700874e+04	3.012273e+02	1.822003e+01	2023	10	2	12
	241	448	-119.750000	22.125000	1.000625e+05	1.621238e+01	1.083533e+05	1.076837e+05	5.785832e+04	5.730691e+04	3.011676e+02	1.503117e+01	2023	10	2	18
	243	450	-119.250000	22.625000	9.986794e+04	1.484062e+01	1.081206e+05	1.074757e+05	5.760635e+04	5.714431e+04	3.011133e+02	1.456692e+01	2023	10	3	0
	243	451	-119.250000	22.875000	1.001736e+05	1.573127e+01	1.083212e+05	1.074730e+05	5.778605e+04	5.739269e+04	3.008768e+02	1.084371e+01	2023	10	3	6
start	13	2023	10	3	12
	558	471	-40.500000	27.875000	1.009771e+05	1.434897e+01	1.064799e+05	1.059493e+05	5.748289e+04	5.688823e+04	2.999436e+02	8.667426e+00	2023	10	3	12
	556	472	-41.000000	28.125000	1.008854e+05	1.162554e+01	1.065445e+05	1.059933e+05	5.751567e+04	5.683838e+04	3.004955e+02	8.874354e+00	2023	10	3	18
	549	472	-42.750000	28.125000	1.011041e+05	1.298109e+01	1.067793e+05	1.061931e+05	5.776815e+04	5.700402e+04	3.001052e+02	1.385503e+01	2023	10	4	0
	544	472	-44.000000	28.125000	1.009221e+05	1.426975e+01	1.066857e+05	1.060730e+05	5.766714e+04	5.683273e+04	3.002648e+02	1.166905e+01	2023	10	4	6
	540	472	-45.000000	28.125000	1.011049e+05	1.307022e+01	1.068460e+05	1.062576e+05	5.778896e+04	5.702489e+04	3.003705e+02	6.437812e+00	2023	10	4	12
	538	472	-45.500000	28.125000	1.009830e+05	1.028553e+01	1.067931e+05	1.062360e+05	5.770339e+04	5.698475e+04	3.005607e+02	7.600017e+00	2023	10	4	18
	534	474	-46.500000	28.625000	1.011740e+05	1.166774e+01	1.069460e+05	1.063959e+05	5.781713e+04	5.713380e+04	3.003308e+02	1.180423e+01	2023	10	5	0
	531	480	-47.250000	30.125000	1.010482e+05	1.247060e+01	1.068825e+05	1.062988e+05	5.778152e+04	5.701146e+04	3.000999e+02	8.832179e+00	2023	10	5	6
	527	481	-48.250000	30.375000	1.012352e+05	1.196868e+01	1.069655e+05	1.064991e+05	5.786701e+04	5.719115e+04	2.999301e+02	5.329176e+00	2023	10	5	12
	525	483	-48.750000	30.875000	1.011168e+05	1.182944e+01	1.069199e+05	1.065511e+05	5.782285e+04	5.716504e+04	3.001891e+02	7.405713e+00	2023	10	5	18
	522	485	-49.500000	31.375000	1.013037e+05	1.153326e+01	1.070752e+05	1.067544e+05	5.789449e+04	5.732857e+04	2.996166e+02	7.901103e+00	2023	10	6	0
	521	486	-49.750000	31.625000	1.012557e+05	1.141437e+01	1.069201e+05	1.066334e+05	5.774654e+04	5.726305e+04	2.993910e+02	7.962730e+00	2023	10	6	6
	520	490	-50.000000	32.625000	1.014487e+05	1.153247e+01	1.072435e+05	1.068481e+05	5.792957e+04	5.744466e+04	2.991671e+02	3.149173e+00	2023	10	6	12
start	12	2023	10	4	12
	1318	437	149.500000	19.375000	1.003999e+05	1.217965e+01	1.085016e+05	1.081583e+05	5.787281e+04	5.753629e+04	3.027300e+02	1.643244e+01	2023	10	4	12
	1318	441	149.500000	20.375000	1.002569e+05	1.323214e+01	1.083597e+05	1.079861e+05	5.777671e+04	5.740572e+04	3.026759e+02	1.208656e+01	2023	10	4	18
	1317	445	149.250000	21.375000	1.004717e+05	1.267867e+01	1.085540e+05	1.082610e+05	5.798619e+04	5.762445e+04	3.026032e+02	9.816526e+00	2023	10	5	0
	1317	448	149.250000	22.125000	1.002752e+05	1.297473e+01	1.084532e+05	1.081275e+05	5.787188e+04	5.745159e+04	3.026288e+02	1.430342e+01	2023	10	5	6
	1317	453	149.250000	23.375000	1.004833e+05	1.351147e+01	1.085813e+05	1.081811e+05	5.796572e+04	5.754038e+04	3.020884e+02	1.658337e+01	2023	10	5	12
	1317	455	149.250000	23.875000	1.002474e+05	1.400338e+01	1.082944e+05	1.078964e+05	5.774378e+04	5.722540e+04	3.020612e+02	1.511754e+01	2023	10	5	18
	1318	461	149.500000	25.375000	1.003201e+05	1.537501e+01	1.084368e+05	1.077843e+05	5.789718e+04	5.724870e+04	3.020859e+02	1.249226e+01	2023	10	6	0
	1321	464	150.250000	26.125000	1.000762e+05	1.459436e+01	1.082544e+05	1.075905e+05	5.772448e+04	5.701087e+04	3.020565e+02	1.314557e+01	2023	10	6	6
	1323	465	150.750000	26.375000	1.001749e+05	1.556679e+01	1.083733e+05	1.075791e+05	5.786951e+04	5.724491e+04	3.019134e+02	1.634758e+01	2023	10	6	12
	1325	466	151.250000	26.625000	9.998418e+04	1.554475e+01	1.081515e+05	1.073377e+05	5.765727e+04	5.710996e+04	3.017018e+02	1.376180e+01	2023	10	6	18
	1330	468	152.500000	27.125000	1.001464e+05	1.527047e+01	1.083027e+05	1.073336e+05	5.781893e+04	5.724214e+04	3.014802e+02	1.181035e+01	2023	10	7	0
	1333	469	153.250000	27.375000	1.000267e+05	1.522001e+01	1.081148e+05	1.071578e+05	5.768937e+04	5.704762e+04	3.015131e+02	1.189302e+01	2023	10	7	6
start	39	2023	10	10	18
	348	407	-93.000000	11.875000	1.007733e+05	1.275857e+01	1.081757e+05	1.080099e+05	5.774630e+04	5.746373e+04	3.037044e+02	1.634441e+01	2023	10	10	18
	344	408	-94.000000	12.125000	1.005772e+05	1.399551e+01	1.080598e+05	1.079116e+05	5.763358e+04	5.726752e+04	3.035483e+02	1.446399e+01	2023	10	11	0
	344	412	-94.000000	13.125000	1.005844e+05	1.474569e+01	1.081631e+05	1.079544e+05	5.772371e+04	5.733324e+04	3.039897e+02	1.921533e+01	2023	10	11	6
	341	412	-94.750000	13.125000	1.004403e+05	1.520973e+01	1.079517e+05	1.077569e+05	5.761207e+04	5.709491e+04	3.036739e+02	1.458414e+01	2023	10	11	12
	339	414	-95.250000	13.625000	1.005281e+05	1.542986e+01	1.080884e+05	1.077913e+05	5.774800e+04	5.710623e+04	3.040007e+02	1.330205e+01	2023	10	11	18
	338	415	-95.500000	13.875000	1.004108e+05	1.446377e+01	1.080847e+05	1.077007e+05	5.770769e+04	5.703370e+04	3.042238e+02	1.323652e+01	2023	10	12	0
	336	417	-96.000000	14.375000	1.005874e+05	1.519770e+01	1.081914e+05	1.078974e+05	5.780259e+04	5.718773e+04	9.999000e+03	2.020015e+01	2023	10	12	6
	336	417	-96.000000	14.375000	1.004923e+05	1.487834e+01	1.080867e+05	1.078208e+05	5.779682e+04	5.714282e+04	9.999000e+03	1.693026e+01	2023	10	12	12
	336	417	-96.000000	14.375000	1.007226e+05	1.527350e+01	1.083157e+05	1.079549e+05	5.797462e+04	5.739585e+04	9.999000e+03	1.695385e+01	2023	10	12	18
	335	418	-96.250000	14.625000	1.006315e+05	1.469150e+01	1.082193e+05	1.078713e+05	5.789476e+04	5.725169e+04	9.999000e+03	1.688783e+01	2023	10	13	0
	335	418	-96.250000	14.625000	1.008778e+05	1.434987e+01	1.083125e+05	1.080600e+05	5.799092e+04	5.740336e+04	9.999000e+03	2.448941e+01	2023	10	13	6
	334	417	-96.500000	14.375000	1.007103e+05	1.422835e+01	1.081426e+05	1.078575e+05	5.785088e+04	5.730654e+04	9.999000e+03	1.488517e+01	2023	10	13	12
	332	416	-97.000000	14.125000	1.008242e+05	1.573608e+01	1.083150e+05	1.079085e+05	5.801809e+04	5.739213e+04	9.999000e+03	1.571654e+01	2023	10	13	18
	330	415	-97.500000	13.875000	1.006538e+05	1.369130e+01	1.081054e+05	1.078433e+05	5.783005e+04	5.723722e+04	3.044835e+02	1.872646e+01	2023	10	14	0
	327	415	-98.250000	13.875000	1.008456e+05	1.613578e+01	1.082454e+05	1.079430e+05	5.792389e+04	5.738764e+04	3.039574e+02	2.279593e+01	2023	10	14	6
	326	413	-98.500000	13.375000	1.006549e+05	1.362581e+01	1.080128e+05	1.077818e+05	5.771954e+04	5.727581e+04	3.038344e+02	1.619352e+01	2023	10	14	12
	325	410	-98.750000	12.625000	1.007906e+05	1.343631e+01	1.081799e+05	1.079864e+05	5.789273e+04	5.745044e+04	3.038083e+02	1.585645e+01	2023	10	14	18
	323	409	-99.250000	12.375000	1.005108e+05	1.256577e+01	1.079578e+05	1.077211e+05	5.768810e+04	5.725027e+04	3.038008e+02	1.325625e+01	2023	10	15	0
	323	408	-99.250000	12.125000	1.005824e+05	1.258669e+01	1.080261e+05	1.078474e+05	5.778732e+04	5.728177e+04	3.037729e+02	2.019838e+01	2023	10	15	6
	323	406	-99.250000	11.625000	1.002950e+05	1.415637e+01	1.078415e+05	1.075509e+05	5.755662e+04	5.701543e+04	3.036912e+02	1.717551e+01	2023	10	15	12
	322	405	-99.500000	11.375000	1.004607e+05	1.494120e+01	1.080540e+05	1.077544e+05	5.779024e+04	5.709885e+04	3.036591e+02	1.422399e+01	2023	10	15	18
	320	404	-100.000000	11.125000	1.001779e+05	1.567965e+01	1.078466e+05	1.076240e+05	5.762336e+04	5.680196e+04	3.036252e+02	1.811407e+01	2023	10	16	0
	317	404	-100.750000	11.125000	1.002602e+05	1.555952e+01	1.080395e+05	1.077935e+05	5.775281e+04	5.695265e+04	3.035962e+02	2.150685e+01	2023	10	16	6
	314	404	-101.500000	11.125000	1.000065e+05	1.541573e+01	1.079030e+05	1.076438e+05	5.759319e+04	5.675890e+04	3.035977e+02	1.902075e+01	2023	10	16	12
	311	404	-102.250000	11.125000	1.002277e+05	1.661063e+01	1.081278e+05	1.078162e+05	5.783780e+04	5.703832e+04	3.035604e+02	1.931160e+01	2023	10	16	18
	308	406	-103.000000	11.625000	1.001062e+05	1.591481e+01	1.079587e+05	1.076484e+05	5.771119e+04	5.695309e+04	3.035990e+02	1.829160e+01	2023	10	17	0
	305	408	-103.750000	12.125000	1.003734e+05	1.569683e+01	1.081683e+05	1.078968e+05	5.787912e+04	5.729863e+04	3.035312e+02	2.317880e+01	2023	10	17	6
	301	409	-104.750000	12.375000	9.993004e+04	1.942328e+01	1.080815e+05	1.077587e+05	5.777105e+04	5.700954e+04	3.035702e+02	2.487971e+01	2023	10	17	12
	298	411	-105.500000	12.875000	1.001936e+05	1.855577e+01	1.083212e+05	1.080557e+05	5.802598e+04	5.725612e+04	3.037502e+02	2.926288e+01	2023	10	17	18
	295	413	-106.250000	13.375000	9.990026e+04	1.814237e+01	1.081119e+05	1.077680e+05	5.779872e+04	5.690080e+04	3.037765e+02	3.075305e+01	2023	10	18	0
	293	415	-106.750000	13.875000	1.001005e+05	1.973544e+01	1.082876e+05	1.079723e+05	5.793467e+04	5.710088e+04	3.037118e+02	3.850418e+01	2023	10	18	6
	291	417	-107.250000	14.375000	9.978124e+04	1.929907e+01	1.080861e+05	1.077209e+05	5.770393e+04	5.671280e+04	3.036180e+02	3.852391e+01	2023	10	18	12
	291	419	-107.250000	14.875000	9.993005e+04	2.007340e+01	1.083194e+05	1.078572e+05	5.787836e+04	5.688672e+04	3.035791e+02	3.667493e+01	2023	10	18	18
	291	422	-107.250000	15.625000	9.956323e+04	2.198910e+01	1.080116e+05	1.074449e+05	5.761310e+04	5.647239e+04	3.035560e+02	3.387733e+01	2023	10	19	0
	293	426	-106.750000	16.625000	9.957525e+04	2.288365e+01	1.081534e+05	1.075117e+05	5.774229e+04	5.651743e+04	3.035849e+02	3.443190e+01	2023	10	19	6
	294	428	-106.500000	17.125000	9.915445e+04	2.316833e+01	1.078760e+05	1.070452e+05	5.749690e+04	5.606148e+04	3.035186e+02	3.850018e+01	2023	10	19	12
	297	431	-105.750000	17.875000	9.949074e+04	2.261781e+01	1.080826e+05	1.073837e+05	5.766812e+04	5.673143e+04	9.999000e+03	3.755043e+01	2023	10	19	18
	299	432	-105.250000	18.125000	9.938280e+04	2.246639e+01	1.078271e+05	1.073441e+05	5.746438e+04	5.684563e+04	9.999000e+03	3.443756e+01	2023	10	20	0
	303	434	-104.250000	18.625000	9.987359e+04	2.082397e+01	1.079726e+05	1.073286e+05	5.760517e+04	5.707994e+04	9.999000e+03	3.441979e+01	2023	10	20	6
start	25	2023	10	18	0
	47	405	-168.250000	11.375000	1.006043e+05	1.298755e+01	1.079842e+05	1.074104e+05	5.763182e+04	5.737481e+04	3.036524e+02	1.643309e+01	2023	10	18	0
	43	405	-169.250000	11.375000	1.007498e+05	1.191613e+01	1.081047e+05	1.075564e+05	5.779748e+04	5.752978e+04	3.032980e+02	1.713575e+01	2023	10	18	6
	41	408	-169.750000	12.125000	1.007330e+05	1.239505e+01	1.081471e+05	1.076968e+05	5.779231e+04	5.755537e+04	3.029301e+02	2.394005e+01	2023	10	18	12
	36	409	-171.000000	12.375000	1.007538e+05	1.210544e+01	1.081967e+05	1.077286e+05	5.782368e+04	5.758001e+04	3.029042e+02	1.820755e+01	2023	10	18	18
	33	412	-171.750000	13.125000	1.006619e+05	1.295189e+01	1.081517e+05	1.078571e+05	5.783592e+04	5.753525e+04	3.034170e+02	1.342618e+01	2023	10	19	0
	28	413	-173.000000	13.375000	1.007040e+05	1.171925e+01	1.082069e+05	1.078910e+05	5.789388e+04	5.760707e+04	3.031794e+02	1.625897e+01	2023	10	19	6
	25	415	-173.750000	13.875000	1.006842e+05	1.117646e+01	1.082313e+05	1.078967e+05	5.789583e+04	5.765794e+04	3.028304e+02	1.978488e+01	2023	10	19	12
	19	417	-175.250000	14.375000	1.006819e+05	1.180098e+01	1.081936e+05	1.078598e+05	5.790488e+04	5.755003e+04	3.029163e+02	1.650000e+01	2023	10	19	18
	16	416	-176.000000	14.125000	1.005631e+05	1.175924e+01	1.081753e+05	1.078800e+05	5.784485e+04	5.750652e+04	3.030302e+02	1.408413e+01	2023	10	20	0
	13	416	-176.750000	14.125000	1.005461e+05	1.168585e+01	1.081909e+05	1.078842e+05	5.784834e+04	5.749647e+04	3.031079e+02	1.837794e+01	2023	10	20	6
	12	417	-177.000000	14.375000	1.005809e+05	1.188928e+01	1.081871e+05	1.079069e+05	5.782667e+04	5.743212e+04	3.029794e+02	2.339882e+01	2023	10	20	12
	7	419	-178.250000	14.875000	1.004611e+05	1.307666e+01	1.081089e+05	1.078203e+05	5.775522e+04	5.729404e+04	3.030854e+02	1.808762e+01	2023	10	20	18
	4	421	-179.000000	15.375000	1.003647e+05	1.274829e+01	1.080731e+05	1.078120e+05	5.774886e+04	5.722272e+04	3.031620e+02	1.529852e+01	2023	10	21	0
	1	423	-179.750000	15.875000	1.002911e+05	1.365083e+01	1.080682e+05	1.078088e+05	5.775623e+04	5.716467e+04	3.031265e+02	2.438520e+01	2023	10	21	6
	1438	425	179.500000	16.375000	1.002854e+05	1.501211e+01	1.081269e+05	1.078245e+05	5.768936e+04	5.711357e+04	3.031316e+02	3.393959e+01	2023	10	21	12
	1432	427	178.000000	16.875000	1.001038e+05	1.498417e+01	1.079853e+05	1.075676e+05	5.762284e+04	5.691745e+04	3.032074e+02	2.524423e+01	2023	10	21	18
	1429	429	177.250000	17.375000	1.000154e+05	1.585743e+01	1.080359e+05	1.076306e+05	5.763433e+04	5.680140e+04	3.031496e+02	2.535377e+01	2023	10	22	0
	1427	434	176.750000	18.625000	9.987358e+04	1.671730e+01	1.080425e+05	1.076310e+05	5.765795e+04	5.661868e+04	3.029312e+02	2.824878e+01	2023	10	22	6
	1423	437	175.750000	19.375000	9.981415e+04	1.673352e+01	1.080618e+05	1.075613e+05	5.762438e+04	5.653504e+04	3.028466e+02	3.166195e+01	2023	10	22	12
	1423	441	175.750000	20.375000	9.964113e+04	1.721981e+01	1.080805e+05	1.075528e+05	5.759184e+04	5.655276e+04	3.027520e+02	2.785169e+01	2023	10	22	18
	1423	445	175.750000	21.375000	9.969163e+04	1.775693e+01	1.080962e+05	1.076776e+05	5.763828e+04	5.668770e+04	3.026776e+02	2.564874e+01	2023	10	23	0
	1421	449	175.250000	22.375000	9.954466e+04	1.696002e+01	1.082100e+05	1.075164e+05	5.760940e+04	5.677005e+04	3.025100e+02	2.907227e+01	2023	10	23	6
	1421	452	175.250000	23.125000	9.967683e+04	1.661160e+01	1.082886e+05	1.074844e+05	5.766479e+04	5.706851e+04	3.021300e+02	3.107475e+01	2023	10	23	12
	1422	454	175.500000	23.625000	9.974832e+04	1.561496e+01	1.081960e+05	1.072467e+05	5.765166e+04	5.709473e+04	3.019922e+02	2.483263e+01	2023	10	23	18
	1424	458	176.000000	24.625000	9.993291e+04	1.640459e+01	1.082614e+05	1.072038e+05	5.775239e+04	5.719073e+04	3.018247e+02	2.781904e+01	2023	10	24	0
start	39	2023	10	18	6
	1236	414	129.000000	13.625000	1.006785e+05	9.153364e+00	1.079402e+05	1.077182e+05	5.772411e+04	5.725627e+04	3.029518e+02	1.431257e+01	2023	10	18	6
	1237	416	129.250000	14.125000	1.009055e+05	9.891962e+00	1.081164e+05	1.078583e+05	5.796997e+04	5.743226e+04	3.022488e+02	1.563538e+01	2023	10	18	12
	1233	417	128.250000	14.375000	1.007043e+05	9.873465e+00	1.079810e+05	1.077216e+05	5.773189e+04	5.719724e+04	3.021160e+02	1.959515e+01	2023	10	18	18
	1231	423	127.750000	15.875000	1.009102e+05	1.359587e+01	1.081522e+05	1.078294e+05	5.794792e+04	5.733010e+04	3.020086e+02	1.920580e+01	2023	10	19	0
	1230	419	127.500000	14.875000	1.006515e+05	1.190249e+01	1.079752e+05	1.077169e+05	5.776596e+04	5.713125e+04	3.025449e+02	1.585526e+01	2023	10	19	6
	1230	420	127.500000	15.125000	1.008953e+05	1.336182e+01	1.081650e+05	1.079391e+05	5.801916e+04	5.735975e+04	3.021719e+02	1.861431e+01	2023	10	19	12
	1227	422	126.750000	15.625000	1.006492e+05	1.350563e+01	1.080424e+05	1.077711e+05	5.779219e+04	5.719830e+04	3.021227e+02	1.940356e+01	2023	10	19	18
	1223	422	125.750000	15.625000	1.008408e+05	1.473892e+01	1.081830e+05	1.078739e+05	5.794834e+04	5.738970e+04	3.021148e+02	1.961460e+01	2023	10	20	0
	1221	421	125.250000	15.375000	1.005448e+05	1.421295e+01	1.080313e+05	1.077108e+05	5.775875e+04	5.723361e+04	9.999000e+03	1.716460e+01	2023	10	20	6
	1220	422	125.000000	15.625000	1.007540e+05	1.344089e+01	1.081362e+05	1.079222e+05	5.792148e+04	5.743182e+04	9.999000e+03	1.756218e+01	2023	10	20	12
	1217	422	124.250000	15.625000	1.005478e+05	1.534654e+01	1.079914e+05	1.077093e+05	5.776763e+04	5.725998e+04	9.999000e+03	2.235378e+01	2023	10	20	18
	1214	422	123.500000	15.625000	1.007106e+05	1.486670e+01	1.080790e+05	1.078819e+05	5.789190e+04	5.743875e+04	9.999000e+03	2.507925e+01	2023	10	21	0
	1214	422	123.500000	15.625000	1.004421e+05	1.531347e+01	1.079237e+05	1.076614e+05	5.771415e+04	5.716195e+04	9.999000e+03	2.345849e+01	2023	10	21	6
	1212	422	123.000000	15.625000	1.006011e+05	1.519363e+01	1.080178e+05	1.077812e+05	5.779734e+04	5.737021e+04	9.999000e+03	2.202109e+01	2023	10	21	12
	1212	422	123.000000	15.625000	1.002506e+05	1.625358e+01	1.078339e+05	1.075838e+05	5.766829e+04	5.704878e+04	9.999000e+03	2.322790e+01	2023	10	21	18
	1211	422	122.750000	15.625000	1.003507e+05	1.528931e+01	1.079358e+05	1.076836e+05	5.776374e+04	5.717482e+04	9.999000e+03	2.450311e+01	2023	10	22	0
	1209	422	122.250000	15.625000	1.000647e+05	1.712367e+01	1.078100e+05	1.074989e+05	5.757754e+04	5.684088e+04	9.999000e+03	2.169212e+01	2023	10	22	6
	1208	421	122.000000	15.375000	1.004271e+05	1.569827e+01	1.079620e+05	1.076215e+05	5.776752e+04	5.700401e+04	9.999000e+03	1.954881e+01	2023	10	22	12
	1208	421	122.000000	15.375000	1.003814e+05	1.529412e+01	1.077682e+05	1.075475e+05	5.763005e+04	5.701229e+04	9.999000e+03	2.329580e+01	2023	10	22	18
	1197	422	119.250000	15.625000	1.005812e+05	1.195361e+01	1.078944e+05	1.076850e+05	5.774119e+04	5.724494e+04	9.999000e+03	2.298235e+01	2023	10	23	0
	1200	425	120.000000	16.375000	1.002674e+05	1.246912e+01	1.077440e+05	1.075656e+05	5.761132e+04	5.695686e+04	9.999000e+03	1.686099e+01	2023	10	23	6
	1196	426	119.000000	16.625000	1.004370e+05	1.510005e+01	1.079201e+05	1.076575e+05	5.779191e+04	5.705527e+04	9.999000e+03	1.492234e+01	2023	10	23	12
	1195	424	118.750000	16.125000	1.002707e+05	1.398735e+01	1.077631e+05	1.075179e+05	5.769848e+04	5.683554e+04	9.999000e+03	2.064260e+01	2023	10	23	18
	1194	423	118.500000	15.875000	1.003323e+05	1.510084e+01	1.079212e+05	1.076344e+05	5.777182e+04	5.696486e+04	9.999000e+03	1.687447e+01	2023	10	24	0
	1195	424	118.750000	16.125000	1.000905e+05	1.558778e+01	1.078176e+05	1.075950e+05	5.765211e+04	5.687421e+04	9.999000e+03	1.579821e+01	2023	10	24	6
	1195	425	118.750000	16.375000	1.003008e+05	1.550539e+01	1.080213e+05	1.078015e+05	5.786573e+04	5.713661e+04	9.999000e+03	1.951418e+01	2023	10	24	12
	1194	425	118.500000	16.375000	1.001703e+05	1.648001e+01	1.078866e+05	1.076941e+05	5.776397e+04	5.703870e+04	9.999000e+03	2.363835e+01	2023	10	24	18
	1194	425	118.500000	16.375000	1.002518e+05	1.725626e+01	1.080325e+05	1.077940e+05	5.786141e+04	5.715421e+04	9.999000e+03	2.233506e+01	2023	10	25	0
	1194	424	118.500000	16.125000	1.000334e+05	1.690592e+01	1.079112e+05	1.076676e+05	5.770839e+04	5.705268e+04	9.999000e+03	2.048757e+01	2023	10	25	6
	1194	424	118.500000	16.125000	1.001858e+05	1.961082e+01	1.080555e+05	1.078079e+05	5.790905e+04	5.708989e+04	9.999000e+03	1.530828e+01	2023	10	25	12
	1190	425	117.500000	16.375000	1.000766e+05	1.930303e+01	1.079125e+05	1.076225e+05	5.775347e+04	5.715888e+04	3.024927e+02	1.611367e+01	2023	10	25	18
	1186	425	116.500000	16.375000	1.003610e+05	1.859236e+01	1.080131e+05	1.077768e+05	5.785628e+04	5.755811e+04	3.024974e+02	1.604640e+01	2023	10	26	0
	1183	425	115.750000	16.375000	1.002139e+05	1.951583e+01	1.079521e+05	1.077207e+05	5.774898e+04	5.734397e+04	3.028422e+02	1.418428e+01	2023	10	26	6
	1180	424	115.000000	16.125000	1.004547e+05	1.813244e+01	1.080924e+05	1.078264e+05	5.788947e+04	5.755378e+04	3.025658e+02	1.366122e+01	2023	10	26	12
	1176	423	114.000000	15.875000	1.004618e+05	1.748249e+01	1.079676e+05	1.077535e+05	5.783821e+04	5.753170e+04	3.024115e+02	1.598439e+01	2023	10	26	18
	1171	423	112.750000	15.875000	1.006553e+05	1.772413e+01	1.080060e+05	1.077487e+05	5.793442e+04	5.766208e+04	3.022289e+02	1.297115e+01	2023	10	27	0
	1166	421	111.500000	15.375000	1.006043e+05	1.629960e+01	1.079540e+05	1.077454e+05	5.785369e+04	5.759507e+04	3.021787e+02	1.343842e+01	2023	10	27	6
	1162	419	110.500000	14.875000	1.008002e+05	1.595341e+01	1.081053e+05	1.078884e+05	5.799380e+04	5.775793e+04	9.999000e+03	1.635474e+01	2023	10	27	12
	1159	418	109.750000	14.625000	1.008517e+05	1.490842e+01	1.080410e+05	1.078851e+05	5.798131e+04	5.771071e+04	9.999000e+03	1.988625e+01	2023	10	27	18
start	11	2023	11	10	6
	1306	422	146.500000	15.625000	1.003819e+05	1.259580e+01	1.079401e+05	1.077537e+05	5.757609e+04	5.721438e+04	3.033083e+02	1.503662e+01	2023	11	10	6
	1302	423	145.500000	15.875000	1.005936e+05	1.323527e+01	1.081278e+05	1.079641e+05	5.776346e+04	5.737644e+04	3.027745e+02	1.914188e+01	2023	11	10	12
	1298	425	144.500000	16.375000	1.003876e+05	1.395516e+01	1.079399e+05	1.077131e+05	5.761173e+04	5.715368e+04	3.026352e+02	1.577579e+01	2023	11	10	18
	1294	425	143.500000	16.375000	1.006125e+05	1.405691e+01	1.081791e+05	1.080041e+05	5.784406e+04	5.749516e+04	3.027220e+02	1.169278e+01	2023	11	11	0
	1290	426	142.500000	16.625000	1.003739e+05	1.384834e+01	1.080512e+05	1.077756e+05	5.771115e+04	5.731896e+04	3.029950e+02	1.344588e+01	2023	11	11	6
	1286	426	141.500000	16.625000	1.006527e+05	1.305672e+01	1.082408e+05	1.080366e+05	5.790767e+04	5.757689e+04	3.026130e+02	1.894498e+01	2023	11	11	12
	1282	427	140.500000	16.875000	1.005133e+05	1.425722e+01	1.081087e+05	1.078194e+05	5.778379e+04	5.740546e+04	3.025067e+02	1.643159e+01	2023	11	11	18
	1278	428	139.500000	17.125000	1.007490e+05	1.433101e+01	1.083457e+05	1.081272e+05	5.800367e+04	5.764152e+04	3.023506e+02	1.171504e+01	2023	11	12	0
	1273	428	138.250000	17.125000	1.005094e+05	1.405365e+01	1.081377e+05	1.078750e+05	5.780146e+04	5.751565e+04	3.031987e+02	1.249378e+01	2023	11	12	6
	1268	429	137.000000	17.375000	1.007486e+05	1.476160e+01	1.083021e+05	1.080745e+05	5.798024e+04	5.774262e+04	3.024125e+02	1.436371e+01	2023	11	12	12
	1264	428	136.000000	17.125000	1.005632e+05	1.550612e+01	1.081577e+05	1.078147e+05	5.777857e+04	5.748842e+04	3.023661e+02	1.220165e+01	2023	11	12	18
start	26	2023	11	15	12
	1100	386	95.000000	6.625000	1.006518e+05	1.364988e+01	1.079694e+05	1.077826e+05	5.766238e+04	5.728260e+04	9.999000e+03	2.773345e+01	2023	11	15	12
	1093	385	93.250000	6.375000	1.007739e+05	1.411671e+01	1.080137e+05	1.078290e+05	5.769112e+04	5.734327e+04	9.999000e+03	2.994263e+01	2023	11	15	18
	1089	383	92.250000	5.875000	1.005430e+05	1.353816e+01	1.079518e+05	1.076832e+05	5.756753e+04	5.726798e+04	9.999000e+03	3.183481e+01	2023	11	16	0
	1087	382	91.750000	5.625000	1.005988e+05	1.399028e+01	1.079908e+05	1.077853e+05	5.765895e+04	5.723457e+04	3.026125e+02	3.025388e+01	2023	11	16	6
	1086	383	91.500000	5.875000	1.005074e+05	1.274534e+01	1.079241e+05	1.076960e+05	5.763980e+04	5.717582e+04	3.025326e+02	2.149362e+01	2023	11	16	12
	1081	385	90.250000	6.375000	1.005883e+05	1.469952e+01	1.079984e+05	1.078140e+05	5.770229e+04	5.731976e+04	3.024816e+02	2.696736e+01	2023	11	16	18
	1076	387	89.000000	6.875000	1.004488e+05	1.477750e+01	1.079281e+05	1.077488e+05	5.765588e+04	5.720764e+04	3.024031e+02	2.847053e+01	2023	11	17	0
	1071	388	87.750000	7.125000	1.005052e+05	1.531758e+01	1.080883e+05	1.078662e+05	5.777191e+04	5.731130e+04	3.024886e+02	2.446976e+01	2023	11	17	6
	1068	388	87.000000	7.125000	1.004279e+05	1.535972e+01	1.079996e+05	1.077824e+05	5.769878e+04	5.725720e+04	3.025487e+02	2.153697e+01	2023	11	17	12
	1064	389	86.000000	7.375000	1.005047e+05	1.531987e+01	1.081526e+05	1.078560e+05	5.782818e+04	5.742356e+04	3.023138e+02	3.100768e+01	2023	11	17	18
	1061	390	85.250000	7.625000	1.003346e+05	1.638313e+01	1.079540e+05	1.077277e+05	5.764165e+04	5.727389e+04	3.022370e+02	3.231176e+01	2023	11	18	0
	1057	391	84.250000	7.875000	1.004522e+05	1.594701e+01	1.080252e+05	1.078242e+05	5.775107e+04	5.734420e+04	3.022031e+02	2.753657e+01	2023	11	18	6
	1054	391	83.500000	7.875000	1.001844e+05	1.636364e+01	1.079392e+05	1.077257e+05	5.761564e+04	5.715390e+04	9.999000e+03	2.472643e+01	2023	11	18	12
	1051	391	82.750000	7.875000	1.003064e+05	1.630641e+01	1.080499e+05	1.078263e+05	5.771323e+04	5.733356e+04	9.999000e+03	3.203597e+01	2023	11	18	18
	1050	391	82.500000	7.875000	1.001242e+05	1.704666e+01	1.078798e+05	1.076377e+05	5.753182e+04	5.719628e+04	9.999000e+03	3.621029e+01	2023	11	19	0
	1048	391	82.000000	7.875000	1.002630e+05	1.687508e+01	1.079282e+05	1.077704e+05	5.765504e+04	5.735632e+04	9.999000e+03	3.675447e+01	2023	11	19	6
	1045	391	81.250000	7.875000	1.000933e+05	1.569884e+01	1.077840e+05	1.075969e+05	5.747015e+04	5.706237e+04	9.999000e+03	3.503989e+01	2023	11	19	12
	1044	390	81.000000	7.625000	1.000361e+05	1.633363e+01	1.079015e+05	1.076414e+05	5.760819e+04	5.688586e+04	9.999000e+03	2.696221e+01	2023	11	19	18
	1045	390	81.250000	7.625000	1.003528e+05	1.566414e+01	1.077057e+05	1.074627e+05	5.746882e+04	5.697199e+04	9.999000e+03	1.969120e+01	2023	11	20	0
	1046	390	81.500000	7.625000	1.006082e+05	1.664806e+01	1.078314e+05	1.076444e+05	5.759103e+04	5.734780e+04	9.999000e+03	2.281599e+01	2023	11	20	6
	1040	393	80.000000	8.375000	1.003588e+05	1.609592e+01	1.077150e+05	1.075564e+05	5.749427e+04	5.715289e+04	9.999000e+03	2.484928e+01	2023	11	20	12
	1039	393	79.750000	8.375000	1.005268e+05	1.741241e+01	1.078567e+05	1.077320e+05	5.765393e+04	5.736886e+04	9.999000e+03	2.436770e+01	2023	11	20	18
	1039	394	79.750000	8.625000	1.004392e+05	1.496456e+01	1.077140e+05	1.075652e+05	5.755601e+04	5.721596e+04	9.999000e+03	2.347661e+01	2023	11	21	0
	1039	399	79.750000	9.875000	1.006939e+05	1.430097e+01	1.079364e+05	1.077569e+05	5.770911e+04	5.744526e+04	9.999000e+03	2.320442e+01	2023	11	21	6
	1038	400	79.500000	10.125000	1.005291e+05	1.451461e+01	1.078005e+05	1.075803e+05	5.761079e+04	5.734621e+04	9.999000e+03	2.055866e+01	2023	11	21	12
	1037	401	79.250000	10.375000	1.008117e+05	1.436891e+01	1.079542e+05	1.077465e+05	5.776012e+04	5.753469e+04	9.999000e+03	1.735838e+01	2023	11	21	18
start	30	2023	12	2	6
	1275	374	138.750000	3.625000	1.003456e+05	1.151100e+01	1.077639e+05	1.075929e+05	5.735132e+04	5.700754e+04	3.036966e+02	2.415514e+01	2023	12	2	6
	1275	374	138.750000	3.625000	1.005685e+05	1.426780e+01	1.079518e+05	1.077197e+05	5.759317e+04	5.718105e+04	3.036556e+02	1.873363e+01	2023	12	2	12
	1275	376	138.750000	4.125000	1.002713e+05	1.411159e+01	1.076707e+05	1.073944e+05	5.737719e+04	5.691946e+04	3.036126e+02	2.296467e+01	2023	12	2	18
	1275	379	138.750000	4.875000	1.005360e+05	1.306914e+01	1.079626e+05	1.076161e+05	5.765274e+04	5.725737e+04	3.035762e+02	2.109583e+01	2023	12	3	0
	1275	382	138.750000	5.625000	1.001787e+05	1.352753e+01	1.077594e+05	1.074327e+05	5.744058e+04	5.708170e+04	3.036241e+02	1.603098e+01	2023	12	3	6
	1274	383	138.500000	5.875000	1.004758e+05	1.370735e+01	1.079737e+05	1.076841e+05	5.767539e+04	5.736808e+04	3.035602e+02	2.090234e+01	2023	12	3	12
	1273	385	138.250000	6.375000	1.000892e+05	1.494382e+01	1.077035e+05	1.074527e+05	5.738421e+04	5.710152e+04	3.035055e+02	1.989461e+01	2023	12	3	18
	1273	386	138.250000	6.625000	1.003774e+05	1.378061e+01	1.080277e+05	1.077997e+05	5.764990e+04	5.737404e+04	3.035193e+02	1.574372e+01	2023	12	4	0
	1271	388	137.750000	7.125000	1.000415e+05	1.344761e+01	1.078021e+05	1.076485e+05	5.739429e+04	5.713952e+04	3.034768e+02	1.559757e+01	2023	12	4	6
	1270	389	137.500000	7.375000	1.003778e+05	1.376132e+01	1.080996e+05	1.078957e+05	5.768687e+04	5.743463e+04	3.033344e+02	1.950271e+01	2023	12	4	12
	1269	391	137.250000	7.875000	1.000843e+05	1.319792e+01	1.078415e+05	1.076673e+05	5.741605e+04	5.720840e+04	3.032263e+02	2.618809e+01	2023	12	4	18
	1267	393	136.750000	8.375000	1.003216e+05	1.540888e+01	1.081220e+05	1.079513e+05	5.765320e+04	5.739677e+04	3.031223e+02	3.001874e+01	2023	12	5	0
	1265	393	136.250000	8.375000	9.995634e+04	1.507434e+01	1.078980e+05	1.077267e+05	5.740922e+04	5.709566e+04	3.031670e+02	2.698369e+01	2023	12	5	6
	1263	395	135.750000	8.875000	1.001863e+05	1.710556e+01	1.081180e+05	1.079108e+05	5.760320e+04	5.730665e+04	3.031034e+02	2.878850e+01	2023	12	5	12
	1262	395	135.500000	8.875000	9.986850e+04	1.583998e+01	1.078598e+05	1.076531e+05	5.735995e+04	5.702172e+04	3.030596e+02	2.988197e+01	2023	12	5	18
	1260	395	135.000000	8.875000	1.001180e+05	1.634969e+01	1.081311e+05	1.078949e+05	5.761389e+04	5.722021e+04	3.030397e+02	3.525383e+01	2023	12	6	0
	1258	395	134.500000	8.875000	9.975368e+04	1.509407e+01	1.078769e+05	1.075422e+05	5.732170e+04	5.687025e+04	3.030186e+02	3.223066e+01	2023	12	6	6
	1257	398	134.250000	9.625000	9.999192e+04	1.507358e+01	1.081120e+05	1.077590e+05	5.761567e+04	5.696190e+04	3.027957e+02	3.175182e+01	2023	12	6	12
	1255	401	133.750000	10.375000	9.966035e+04	1.482837e+01	1.078736e+05	1.074577e+05	5.739806e+04	5.656454e+04	3.026566e+02	3.502020e+01	2023	12	6	18
	1252	404	133.000000	11.125000	9.978814e+04	1.691879e+01	1.081373e+05	1.076769e+05	5.763748e+04	5.669387e+04	3.025373e+02	4.365762e+01	2023	12	7	0
	1251	407	132.750000	11.875000	9.939391e+04	1.772467e+01	1.078698e+05	1.073570e+05	5.739384e+04	5.636690e+04	3.024671e+02	3.661935e+01	2023	12	7	6
	1249	410	132.250000	12.625000	9.956009e+04	1.815536e+01	1.081541e+05	1.075914e+05	5.764955e+04	5.660859e+04	3.023936e+02	3.307094e+01	2023	12	7	12
	1249	414	132.250000	13.625000	9.924052e+04	1.860708e+01	1.079284e+05	1.074749e+05	5.747995e+04	5.639626e+04	3.022846e+02	3.638774e+01	2023	12	7	18
	1249	417	132.250000	14.375000	9.950516e+04	2.082053e+01	1.082284e+05	1.076826e+05	5.777368e+04	5.668287e+04	3.021780e+02	3.863901e+01	2023	12	8	0
	1250	421	132.500000	15.375000	9.924436e+04	1.878041e+01	1.080069e+05	1.074850e+05	5.752065e+04	5.654461e+04	3.021101e+02	4.040968e+01	2023	12	8	6
	1253	424	133.250000	16.125000	9.952797e+04	2.081644e+01	1.082689e+05	1.075771e+05	5.775402e+04	5.684353e+04	3.020772e+02	3.784235e+01	2023	12	8	12
	1257	426	134.250000	16.625000	9.941281e+04	2.514426e+01	1.079963e+05	1.072230e+05	5.762538e+04	5.676121e+04	3.020052e+02	3.162944e+01	2023	12	8	18
	1261	426	135.250000	16.625000	9.981428e+04	2.625893e+01	1.082963e+05	1.073576e+05	5.789133e+04	5.729450e+04	3.019731e+02	2.009908e+01	2023	12	9	0
	1266	427	136.500000	16.875000	9.980837e+04	2.517792e+01	1.080734e+05	1.074089e+05	5.765765e+04	5.714804e+04	3.018210e+02	1.897808e+01	2023	12	9	6
	1268	427	137.000000	16.875000	1.002970e+05	2.331290e+01	1.082796e+05	1.076054e+05	5.782520e+04	5.734769e+04	3.018281e+02	1.468974e+01	2023	12	9	12
start	15	2023	12	18	12
	1217	394	124.250000	8.625000	1.007078e+05	1.396323e+01	1.080021e+05	1.078637e+05	5.780718e+04	5.741688e+04	9.999000e+03	1.346331e+01	2023	12	18	12
	1213	394	123.250000	8.625000	1.005041e+05	1.560768e+01	1.078798e+05	1.077077e+05	5.764319e+04	5.725580e+04	9.999000e+03	1.567145e+01	2023	12	18	18
	1209	393	122.250000	8.375000	1.007194e+05	1.387648e+01	1.079811e+05	1.078416e+05	5.781207e+04	5.733006e+04	9.999000e+03	1.770250e+01	2023	12	19	0
	1204	394	121.000000	8.625000	1.004914e+05	1.265503e+01	1.077685e+05	1.075435e+05	5.759762e+04	5.712437e+04	9.999000e+03	1.491437e+01	2023	12	19	6
	1199	395	119.750000	8.875000	1.006334e+05	1.409940e+01	1.079645e+05	1.077952e+05	5.776685e+04	5.731539e+04	9.999000e+03	1.282809e+01	2023	12	19	12
	1196	395	119.000000	8.875000	1.004965e+05	1.413029e+01	1.078015e+05	1.076208e+05	5.759788e+04	5.719054e+04	9.999000e+03	1.496347e+01	2023	12	19	18
	1190	398	117.500000	9.625000	1.007259e+05	1.313865e+01	1.079103e+05	1.077748e+05	5.780100e+04	5.732647e+04	9.999000e+03	1.263211e+01	2023	12	20	0
	1185	399	116.250000	9.875000	1.005278e+05	1.216166e+01	1.078269e+05	1.076519e+05	5.759959e+04	5.719931e+04	9.999000e+03	1.260150e+01	2023	12	20	6
	1182	399	115.500000	9.875000	1.006217e+05	1.277619e+01	1.079416e+05	1.077399e+05	5.774423e+04	5.727976e+04	3.024525e+02	1.428812e+01	2023	12	20	12
	1177	400	114.250000	10.125000	1.004614e+05	1.420505e+01	1.078606e+05	1.076469e+05	5.763022e+04	5.708537e+04	3.022456e+02	2.080316e+01	2023	12	20	18
	1173	401	113.250000	10.375000	1.005407e+05	1.568430e+01	1.079514e+05	1.076005e+05	5.772131e+04	5.709564e+04	3.018205e+02	1.420333e+01	2023	12	21	0
	1168	402	112.000000	10.625000	1.004992e+05	1.539029e+01	1.078207e+05	1.074488e+05	5.765488e+04	5.704248e+04	3.014958e+02	1.074741e+01	2023	12	21	6
	1163	401	110.750000	10.375000	1.006427e+05	1.620275e+01	1.080079e+05	1.076379e+05	5.779962e+04	5.716788e+04	3.016414e+02	1.034786e+01	2023	12	21	12
	1159	400	109.750000	10.125000	1.007018e+05	1.642134e+01	1.078955e+05	1.076290e+05	5.770459e+04	5.730874e+04	9.999000e+03	1.191349e+01	2023	12	21	18
	1155	400	108.750000	10.125000	1.007780e+05	1.742835e+01	1.078149e+05	1.076860e+05	5.771934e+04	5.734523e+04	9.999000e+03	5.070756e+00	2023	12	22	0
start	33	2023	12	22	12
	1337	324	154.250000	-8.875000	1.005513e+05	1.192047e+01	1.081702e+05	1.079309e+05	5.776039e+04	5.730875e+04	9.999000e+03	2.815142e+01	2023	12	22	12
	1336	326	154.000000	-8.375000	1.002308e+05	1.146782e+01	1.078683e+05	1.076938e+05	5.745167e+04	5.712472e+04	9.999000e+03	3.099460e+01	2023	12	22	18
	1339	325	154.750000	-8.625000	1.004439e+05	1.214424e+01	1.080785e+05	1.079657e+05	5.769079e+04	5.727057e+04	3.030149e+02	3.139342e+01	2023	12	23	0
	1338	324	154.500000	-8.875000	1.000830e+05	1.323385e+01	1.078868e+05	1.075879e+05	5.737364e+04	5.691504e+04	9.999000e+03	2.442872e+01	2023	12	23	6
	1336	327	154.000000	-8.125000	1.003443e+05	1.393305e+01	1.080674e+05	1.076887e+05	5.760077e+04	5.708565e+04	9.999000e+03	2.850323e+01	2023	12	23	12
	1341	328	155.250000	-7.875000	1.000420e+05	1.405055e+01	1.077820e+05	1.074920e+05	5.737282e+04	5.691355e+04	9.999000e+03	3.484740e+01	2023	12	23	18
	1343	327	155.750000	-8.125000	1.003289e+05	1.320334e+01	1.081053e+05	1.078361e+05	5.756344e+04	5.713665e+04	9.999000e+03	3.130583e+01	2023	12	24	0
	1348	326	157.000000	-8.375000	9.995677e+04	1.561260e+01	1.078775e+05	1.075838e+05	5.730616e+04	5.687136e+04	9.999000e+03	2.825965e+01	2023	12	24	6
	1350	329	157.500000	-7.625000	1.001932e+05	1.453351e+01	1.080746e+05	1.077854e+05	5.753256e+04	5.707149e+04	9.999000e+03	3.227530e+01	2023	12	24	12
	1354	327	158.500000	-8.125000	9.972289e+04	1.840639e+01	1.077698e+05	1.074709e+05	5.728011e+04	5.679678e+04	9.999000e+03	3.203324e+01	2023	12	24	18
	1358	328	159.500000	-7.875000	9.972330e+04	1.833429e+01	1.080009e+05	1.077310e+05	5.747262e+04	5.696117e+04	9.999000e+03	2.509463e+01	2023	12	25	0
	1362	328	160.500000	-7.875000	9.950152e+04	1.715308e+01	1.078733e+05	1.075963e+05	5.728688e+04	5.689471e+04	9.999000e+03	2.880233e+01	2023	12	25	6
	1366	327	161.500000	-8.125000	9.968859e+04	1.752480e+01	1.080667e+05	1.077766e+05	5.751323e+04	5.700630e+04	9.999000e+03	3.572826e+01	2023	12	25	12
	1369	326	162.250000	-8.375000	9.932188e+04	1.978309e+01	1.078837e+05	1.075650e+05	5.732947e+04	5.688213e+04	9.999000e+03	2.351769e+01	2023	12	25	18
	1373	325	163.250000	-8.625000	9.967890e+04	1.736908e+01	1.080195e+05	1.078180e+05	5.749177e+04	5.714721e+04	3.034891e+02	2.438704e+01	2023	12	26	0
	1375	324	163.750000	-8.875000	9.937637e+04	1.862809e+01	1.079263e+05	1.076119e+05	5.728240e+04	5.692495e+04	3.034509e+02	3.538225e+01	2023	12	26	6
	1379	324	164.750000	-8.875000	9.945324e+04	2.046041e+01	1.081063e+05	1.077783e+05	5.748118e+04	5.692502e+04	3.032166e+02	3.622166e+01	2023	12	26	12
	1382	325	165.500000	-8.625000	9.926025e+04	1.900791e+01	1.079048e+05	1.075946e+05	5.729723e+04	5.687703e+04	3.031135e+02	1.700882e+01	2023	12	26	18
	1385	326	166.250000	-8.375000	9.959083e+04	1.643227e+01	1.081038e+05	1.078419e+05	5.747743e+04	5.717389e+04	3.032696e+02	1.919399e+01	2023	12	27	0
	1387	327	166.750000	-8.125000	9.934248e+04	1.673236e+01	1.080390e+05	1.076609e+05	5.738136e+04	5.698636e+04	3.033171e+02	3.143585e+01	2023	12	27	6
	1389	327	167.250000	-8.125000	9.937529e+04	1.931079e+01	1.081528e+05	1.078096e+05	5.755077e+04	5.699298e+04	3.033638e+02	3.091481e+01	2023	12	27	12
	1392	325	168.000000	-8.625000	9.929533e+04	1.597587e+01	1.079794e+05	1.076093e+05	5.734576e+04	5.682851e+04	3.033666e+02	2.933842e+01	2023	12	27	18
	1392	324	168.000000	-8.875000	9.940120e+04	1.731179e+01	1.080999e+05	1.077394e+05	5.750669e+04	5.689347e+04	3.032604e+02	2.988469e+01	2023	12	28	0
	1393	320	168.250000	-9.875000	9.927369e+04	1.792140e+01	1.080638e+05	1.075883e+05	5.744596e+04	5.658698e+04	3.028317e+02	3.034873e+01	2023	12	28	6
	1392	316	168.000000	-10.875000	9.934622e+04	2.097499e+01	1.081967e+05	1.076023e+05	5.759388e+04	5.663106e+04	3.025889e+02	3.562928e+01	2023	12	28	12
	1390	309	167.500000	-12.625000	9.916089e+04	2.145964e+01	1.080511e+05	1.073116e+05	5.745629e+04	5.643468e+04	3.020843e+02	3.491659e+01	2023	12	28	18
	1388	304	167.000000	-13.875000	9.916514e+04	2.170104e+01	1.081532e+05	1.074184e+05	5.756563e+04	5.634382e+04	9.999000e+03	3.065314e+01	2023	12	29	0
	1384	299	166.000000	-15.125000	9.928643e+04	1.974441e+01	1.080525e+05	1.073752e+05	5.744252e+04	5.630469e+04	9.999000e+03	2.844221e+01	2023	12	29	6
	1382	295	165.500000	-16.125000	9.945396e+04	1.931054e+01	1.081662e+05	1.076091e+05	5.765196e+04	5.648897e+04	9.999000e+03	2.854002e+01	2023	12	29	12
	1381	291	165.250000	-17.125000	9.925318e+04	2.050484e+01	1.079621e+05	1.075005e+05	5.753552e+04	5.640325e+04	3.013120e+02	2.537020e+01	2023	12	29	18
	1380	287	165.000000	-18.125000	9.965269e+04	1.843087e+01	1.081534e+05	1.077287e+05	5.769082e+04	5.683441e+04	3.010417e+02	2.649223e+01	2023	12	30	0
	1379	284	164.750000	-18.875000	9.968255e+04	1.773727e+01	1.080288e+05	1.074974e+05	5.758093e+04	5.705630e+04	9.999000e+03	2.327094e+01	2023	12	30	6
	1379	282	164.750000	-19.375000	1.001447e+05	1.734145e+01	1.082256e+05	1.075627e+05	5.781531e+04	5.730862e+04	9.999000e+03	1.812023e+01	2023	12	30	12
start	16	2023	12	30	12
	1310	408	147.500000	12.125000	1.004598e+05	1.768961e+01	1.082085e+05	1.078806e+05	5.789614e+04	5.743330e+04	3.018638e+02	3.037712e+01	2023	12	30	12
	1300	404	145.000000	11.125000	1.001867e+05	1.739929e+01	1.079498e+05	1.076377e+05	5.759054e+04	5.724668e+04	3.021795e+02	2.581772e+01	2023	12	30	18
	1295	401	143.750000	10.375000	1.003916e+05	1.431053e+01	1.082594e+05	1.079105e+05	5.772366e+04	5.740275e+04	3.023891e+02	2.643378e+01	2023	12	31	0
	1285	401	141.250000	10.375000	1.000875e+05	1.540746e+01	1.079600e+05	1.076886e+05	5.746345e+04	5.701209e+04	3.024009e+02	2.512195e+01	2023	12	31	6
	1283	405	140.750000	11.375000	1.002505e+05	1.503161e+01	1.081820e+05	1.078885e+05	5.772066e+04	5.734066e+04	3.020262e+02	3.071891e+01	2023	12	31	12
	1277	408	139.250000	12.125000	1.000125e+05	1.615801e+01	1.079756e+05	1.076753e+05	5.748332e+04	5.700834e+04	3.019200e+02	3.368567e+01	2023	12	31	18
	1269	410	137.250000	12.625000	1.002095e+05	1.753394e+01	1.081527e+05	1.079198e+05	5.769470e+04	5.717632e+04	3.020219e+02	2.925364e+01	2024	1	1	0
	1263	410	135.750000	12.625000	9.988449e+04	1.833491e+01	1.078654e+05	1.075453e+05	5.743501e+04	5.684959e+04	3.020905e+02	2.958291e+01	2024	1	1	6
	1262	414	135.500000	13.625000	1.000687e+05	1.895920e+01	1.080408e+05	1.076819e+05	5.767695e+04	5.699315e+04	3.016550e+02	3.339024e+01	2024	1	1	12
	1256	420	134.000000	15.125000	9.972854e+04	1.928316e+01	1.077660e+05	1.074485e+05	5.743729e+04	5.670038e+04	3.013534e+02	3.460284e+01	2024	1	1	18
	1252	420	133.000000	15.125000	9.991623e+04	1.721036e+01	1.080318e+05	1.076397e+05	5.762359e+04	5.686739e+04	3.012935e+02	3.136988e+01	2024	1	2	0
	1251	423	132.750000	15.875000	9.963170e+04	1.719319e+01	1.078190e+05	1.073614e+05	5.736533e+04	5.669549e+04	3.012037e+02	2.774335e+01	2024	1	2	6
	1252	427	133.000000	16.875000	9.987603e+04	1.757644e+01	1.079579e+05	1.073932e+05	5.758239e+04	5.693256e+04	3.008983e+02	2.505378e+01	2024	1	2	12
	1252	430	133.000000	17.625000	9.976198e+04	1.779348e+01	1.077555e+05	1.070724e+05	5.737025e+04	5.689473e+04	3.005775e+02	2.416399e+01	2024	1	2	18
	1255	438	133.750000	19.625000	1.000059e+05	1.971930e+01	1.079755e+05	1.067847e+05	5.761131e+04	5.697744e+04	2.997879e+02	3.029805e+01	2024	1	3	0
	1259	442	134.750000	20.625000	9.959077e+04	1.896946e+01	1.077239e+05	1.063072e+05	5.737935e+04	5.659996e+04	2.996548e+02	3.302966e+01	2024	1	3	6
start	27	2024	1	13	6
	940	313	55.000000	-11.625000	1.006722e+05	1.045748e+01	1.080208e+05	1.078762e+05	5.768254e+04	5.738685e+04	3.028831e+02	3.426514e+01	2024	1	13	6
	937	313	54.250000	-11.625000	1.002886e+05	1.198650e+01	1.078430e+05	1.075996e+05	5.745028e+04	5.709382e+04	3.034052e+02	3.582875e+01	2024	1	13	12
	938	314	54.500000	-11.375000	1.005186e+05	1.043883e+01	1.080326e+05	1.078296e+05	5.761700e+04	5.723870e+04	3.028385e+02	3.876712e+01	2024	1	13	18
	938	314	54.500000	-11.375000	1.001741e+05	1.217979e+01	1.077735e+05	1.075774e+05	5.739038e+04	5.698090e+04	3.027701e+02	3.934869e+01	2024	1	14	0
	940	313	55.000000	-11.625000	1.003342e+05	1.448161e+01	1.079514e+05	1.077286e+05	5.760482e+04	5.716675e+04	3.027396e+02	3.783261e+01	2024	1	14	6
	939	311	54.750000	-12.125000	9.993546e+04	1.481324e+01	1.077444e+05	1.075342e+05	5.735801e+04	5.685662e+04	3.028259e+02	3.983845e+01	2024	1	14	12
	942	310	55.500000	-12.375000	1.001010e+05	1.663166e+01	1.079970e+05	1.076736e+05	5.760933e+04	5.704047e+04	3.025256e+02	4.149362e+01	2024	1	14	18
	943	307	55.750000	-13.125000	9.976124e+04	1.620606e+01	1.076863e+05	1.073973e+05	5.739185e+04	5.677501e+04	3.024633e+02	3.044464e+01	2024	1	15	0
	943	305	55.750000	-13.625000	9.990958e+04	1.609049e+01	1.078781e+05	1.076675e+05	5.764095e+04	5.692253e+04	3.024264e+02	2.934026e+01	2024	1	15	6
	944	303	56.000000	-14.125000	9.951694e+04	1.700785e+01	1.076816e+05	1.074177e+05	5.738155e+04	5.661070e+04	3.023739e+02	3.506303e+01	2024	1	15	12
	946	302	56.500000	-14.375000	9.967712e+04	1.994790e+01	1.079107e+05	1.075148e+05	5.762574e+04	5.667705e+04	3.022072e+02	3.829387e+01	2024	1	15	18
	947	302	56.750000	-14.375000	9.921021e+04	2.040042e+01	1.076384e+05	1.070528e+05	5.736141e+04	5.620178e+04	3.020340e+02	3.125678e+01	2024	1	16	0
	948	302	57.000000	-14.375000	9.930444e+04	1.943748e+01	1.078683e+05	1.071896e+05	5.757569e+04	5.630483e+04	3.019078e+02	2.934692e+01	2024	1	16	6
	951	301	57.750000	-14.625000	9.893289e+04	1.938583e+01	1.076256e+05	1.070353e+05	5.734834e+04	5.601986e+04	3.017643e+02	3.972025e+01	2024	1	16	12
	953	300	58.250000	-14.875000	9.909452e+04	1.997550e+01	1.078676e+05	1.072188e+05	5.761445e+04	5.621787e+04	3.016387e+02	4.469184e+01	2024	1	16	18
	956	299	59.000000	-15.125000	9.866317e+04	2.174167e+01	1.075910e+05	1.069140e+05	5.732043e+04	5.586760e+04	3.015688e+02	3.455145e+01	2024	1	17	0
	960	297	60.000000	-15.625000	9.872949e+04	2.276279e+01	1.078189e+05	1.070437e+05	5.757549e+04	5.592721e+04	3.015031e+02	3.435424e+01	2024	1	17	6
	965	293	61.250000	-16.625000	9.813743e+04	2.631952e+01	1.075536e+05	1.065748e+05	5.728247e+04	5.528135e+04	3.014851e+02	3.505005e+01	2024	1	17	12
	969	292	62.250000	-16.875000	9.843762e+04	2.622969e+01	1.078770e+05	1.069790e+05	5.752632e+04	5.590293e+04	3.015542e+02	2.886802e+01	2024	1	17	18
	972	290	63.000000	-17.375000	9.834705e+04	2.700611e+01	1.075999e+05	1.067423e+05	5.729469e+04	5.597243e+04	3.012863e+02	1.753772e+01	2024	1	18	0
	976	286	64.000000	-18.375000	9.886932e+04	2.225166e+01	1.078256e+05	1.070272e+05	5.753554e+04	5.639401e+04	3.012286e+02	1.852108e+01	2024	1	18	6
	978	282	64.500000	-19.375000	9.839065e+04	2.306713e+01	1.076881e+05	1.068707e+05	5.733401e+04	5.611953e+04	3.010396e+02	2.169015e+01	2024	1	18	12
	981	279	65.250000	-20.125000	9.865648e+04	2.232957e+01	1.078193e+05	1.071749e+05	5.744582e+04	5.621655e+04	3.008803e+02	1.299289e+01	2024	1	18	18
	982	275	65.500000	-21.125000	9.851546e+04	2.097644e+01	1.076245e+05	1.069075e+05	5.718303e+04	5.609540e+04	3.005207e+02	8.166539e+00	2024	1	19	0
	982	273	65.500000	-21.625000	9.894247e+04	1.957603e+01	1.079703e+05	1.071016e+05	5.740552e+04	5.656265e+04	3.004960e+02	8.464254e+00	2024	1	19	6
	982	269	65.500000	-22.625000	9.894348e+04	1.931982e+01	1.079109e+05	1.069118e+05	5.721034e+04	5.660298e+04	3.004325e+02	1.114595e+01	2024	1	19	12
	981	267	65.250000	-23.125000	9.933101e+04	1.958111e+01	1.080880e+05	1.069806e+05	5.743996e+04	5.689932e+04	3.000098e+02	7.336607e+00	2024	1	19	18
start	26	2024	1	27	18
	1345	308	156.250000	-12.875000	1.002605e+05	1.086476e+01	1.080950e+05	1.078639e+05	5.745551e+04	5.712538e+04	3.032614e+02	1.996125e+01	2024	1	27	18
	1346	310	156.500000	-12.375000	1.004824e+05	1.087437e+01	1.083345e+05	1.081536e+05	5.766157e+04	5.739968e+04	3.032388e+02	2.448213e+01	2024	1	28	0
	1344	306	156.000000	-13.375000	1.001015e+05	1.453305e+01	1.080928e+05	1.079180e+05	5.748127e+04	5.714195e+04	3.032030e+02	2.823012e+01	2024	1	28	6
	1339	308	154.750000	-12.875000	1.003245e+05	1.445638e+01	1.083649e+05	1.081723e+05	5.766821e+04	5.728953e+04	9.999000e+03	3.235000e+01	2024	1	28	12
	1343	311	155.750000	-12.125000	9.997071e+04	1.438333e+01	1.081227e+05	1.078014e+05	5.738193e+04	5.701861e+04	3.030415e+02	2.840016e+01	2024	1	28	18
	1346	310	156.500000	-12.375000	1.002407e+05	1.288773e+01	1.083300e+05	1.080811e+05	5.766252e+04	5.724493e+04	3.033008e+02	3.055104e+01	2024	1	29	0
	1346	308	156.500000	-12.875000	9.992844e+04	1.366608e+01	1.081495e+05	1.078835e+05	5.743068e+04	5.705841e+04	3.039576e+02	3.331848e+01	2024	1	29	6
	1341	307	155.250000	-13.125000	1.001363e+05	1.546040e+01	1.083748e+05	1.081173e+05	5.767975e+04	5.727445e+04	3.032117e+02	3.265166e+01	2024	1	29	12
	1340	312	155.000000	-11.875000	9.979023e+04	1.553040e+01	1.080560e+05	1.077957e+05	5.732329e+04	5.703145e+04	9.999000e+03	3.200013e+01	2024	1	29	18
	1343	310	155.750000	-12.375000	9.998238e+04	1.701778e+01	1.082993e+05	1.080160e+05	5.755754e+04	5.723245e+04	3.033596e+02	3.200762e+01	2024	1	30	0
	1343	308	155.750000	-12.875000	9.968648e+04	1.763415e+01	1.081580e+05	1.078684e+05	5.737529e+04	5.698651e+04	3.040918e+02	3.470309e+01	2024	1	30	6
	1348	308	157.000000	-12.875000	9.994481e+04	1.793537e+01	1.084322e+05	1.080538e+05	5.765268e+04	5.717952e+04	3.032000e+02	3.003086e+01	2024	1	30	12
	1351	303	157.750000	-14.125000	9.969652e+04	2.035981e+01	1.081919e+05	1.077970e+05	5.747138e+04	5.697100e+04	3.025888e+02	2.109812e+01	2024	1	30	18
	1350	299	157.500000	-15.125000	9.997599e+04	1.580454e+01	1.083977e+05	1.080846e+05	5.768009e+04	5.726797e+04	3.024454e+02	1.730964e+01	2024	1	31	0
	1349	293	157.250000	-16.625000	9.972401e+04	1.635918e+01	1.083010e+05	1.079884e+05	5.756084e+04	5.704041e+04	3.020692e+02	2.841459e+01	2024	1	31	6
	1342	292	155.500000	-16.875000	9.996062e+04	1.623457e+01	1.084519e+05	1.082064e+05	5.767041e+04	5.723836e+04	3.019652e+02	2.697592e+01	2024	1	31	12
	1339	290	154.750000	-17.375000	9.961653e+04	1.694341e+01	1.081634e+05	1.079327e+05	5.740021e+04	5.691512e+04	3.018280e+02	2.243486e+01	2024	1	31	18
	1333	287	153.250000	-18.125000	9.982172e+04	1.733219e+01	1.083299e+05	1.080690e+05	5.758974e+04	5.709185e+04	3.016626e+02	2.372574e+01	2024	2	1	0
	1330	287	152.500000	-18.125000	9.959639e+04	1.620273e+01	1.081473e+05	1.078814e+05	5.735982e+04	5.687298e+04	3.016522e+02	2.257610e+01	2024	2	1	6
	1333	288	153.250000	-17.875000	9.986984e+04	1.467726e+01	1.084124e+05	1.080486e+05	5.770125e+04	5.713778e+04	3.016922e+02	1.902335e+01	2024	2	1	12
	1336	285	154.000000	-18.625000	9.952349e+04	1.618618e+01	1.081402e+05	1.076981e+05	5.741441e+04	5.688690e+04	3.013817e+02	1.945344e+01	2024	2	1	18
	1338	282	154.500000	-19.375000	9.976779e+04	1.749039e+01	1.084281e+05	1.078323e+05	5.765853e+04	5.711971e+04	3.008484e+02	1.851624e+01	2024	2	2	0
	1341	279	155.250000	-20.125000	9.950353e+04	1.748953e+01	1.082579e+05	1.076452e+05	5.747230e+04	5.692342e+04	3.011862e+02	1.925535e+01	2024	2	2	6
	1342	278	155.500000	-20.375000	9.987309e+04	1.757622e+01	1.085029e+05	1.077964e+05	5.775203e+04	5.723681e+04	3.009263e+02	1.431486e+01	2024	2	2	12
	1346	276	156.500000	-20.875000	9.975240e+04	1.693022e+01	1.083052e+05	1.074948e+05	5.756707e+04	5.703783e+04	3.009396e+02	1.534619e+01	2024	2	2	18
	1349	275	157.250000	-21.125000	1.000105e+05	1.837316e+01	1.086031e+05	1.076902e+05	5.783726e+04	5.718188e+04	3.009909e+02	7.792532e+00	2024	2	3	0
start	62	2024	1	29	0
	1272	313	138.000000	-11.625000	1.004449e+05	1.208286e+01	1.081532e+05	1.078830e+05	5.761989e+04	5.720027e+04	9.999000e+03	2.395311e+01	2024	1	29	0
	1276	318	139.000000	-10.375000	1.000632e+05	1.509148e+01	1.079959e+05	1.076259e+05	5.736468e+04	5.693433e+04	3.042286e+02	2.717048e+01	2024	1	29	6
	1275	315	138.750000	-11.125000	1.002669e+05	1.495440e+01	1.082124e+05	1.079401e+05	5.760348e+04	5.719962e+04	3.044425e+02	3.040202e+01	2024	1	29	12
	1275	312	138.750000	-11.875000	9.993158e+04	1.681805e+01	1.079368e+05	1.076630e+05	5.736677e+04	5.690823e+04	3.046207e+02	3.043182e+01	2024	1	29	18
	1279	314	139.750000	-11.375000	1.001356e+05	1.691594e+01	1.081400e+05	1.078365e+05	5.757780e+04	5.718052e+04	3.040609e+02	2.470364e+01	2024	1	30	0
	1277	314	139.250000	-11.375000	9.975575e+04	1.705132e+01	1.080121e+05	1.077043e+05	5.740929e+04	5.703323e+04	3.044621e+02	2.350768e+01	2024	1	30	6
	1279	312	139.750000	-11.875000	9.992218e+04	1.794354e+01	1.083150e+05	1.079565e+05	5.763440e+04	5.709750e+04	3.040979e+02	2.958473e+01	2024	1	30	12
	1276	311	139.000000	-12.125000	9.968940e+04	1.804116e+01	1.080342e+05	1.077357e+05	5.742634e+04	5.688941e+04	3.040608e+02	2.690300e+01	2024	1	30	18
	1278	312	139.500000	-11.875000	9.993712e+04	1.879861e+01	1.082464e+05	1.079861e+05	5.765197e+04	5.705258e+04	3.040426e+02	2.481301e+01	2024	1	31	0
	1276	311	139.000000	-12.125000	9.950883e+04	1.965108e+01	1.081301e+05	1.078397e+05	5.745346e+04	5.693195e+04	3.042440e+02	2.261231e+01	2024	1	31	6
	1279	312	139.750000	-11.875000	9.983873e+04	1.721524e+01	1.083239e+05	1.080358e+05	5.766504e+04	5.727400e+04	3.040612e+02	2.522145e+01	2024	1	31	12
	1276	311	139.000000	-12.125000	9.952108e+04	1.842860e+01	1.080905e+05	1.078032e+05	5.743120e+04	5.696026e+04	3.040264e+02	2.796708e+01	2024	1	31	18
	1278	311	139.500000	-12.125000	9.969692e+04	2.056283e+01	1.082828e+05	1.080283e+05	5.764073e+04	5.720529e+04	3.040101e+02	2.356189e+01	2024	2	1	0
	1276	310	139.000000	-12.375000	9.938753e+04	2.032147e+01	1.081253e+05	1.079056e+05	5.745937e+04	5.695321e+04	3.041426e+02	2.130335e+01	2024	2	1	6
	1276	310	139.000000	-12.375000	9.955427e+04	1.924362e+01	1.083274e+05	1.081074e+05	5.770888e+04	5.712953e+04	3.040346e+02	2.748719e+01	2024	2	1	12
	1277	309	139.250000	-12.625000	9.898574e+04	2.186287e+01	1.080518e+05	1.078325e+05	5.743853e+04	5.672552e+04	3.039783e+02	3.182351e+01	2024	2	1	18
	1276	308	139.000000	-12.875000	9.879738e+04	2.242548e+01	1.083021e+05	1.078293e+05	5.768198e+04	5.652690e+04	3.038898e+02	3.314215e+01	2024	2	2	0
	1276	306	139.000000	-13.375000	9.822731e+04	2.329953e+01	1.080908e+05	1.075451e+05	5.742589e+04	5.625705e+04	3.039113e+02	2.426655e+01	2024	2	2	6
	1277	305	139.250000	-13.625000	9.861671e+04	2.367078e+01	1.083817e+05	1.078526e+05	5.775590e+04	5.654685e+04	3.038426e+02	3.467045e+01	2024	2	2	12
	1277	304	139.250000	-13.875000	9.818564e+04	2.576026e+01	1.081542e+05	1.076928e+05	5.746315e+04	5.619639e+04	3.037872e+02	3.104196e+01	2024	2	2	18
	1278	303	139.500000	-14.125000	9.814085e+04	2.706179e+01	1.084152e+05	1.075849e+05	5.770450e+04	5.596584e+04	9.999000e+03	3.810408e+01	2024	2	3	0
	1277	302	139.250000	-14.375000	9.781585e+04	2.668253e+01	1.082792e+05	1.075772e+05	5.750969e+04	5.586191e+04	3.037606e+02	2.876527e+01	2024	2	3	6
	1276	299	139.000000	-15.125000	9.797490e+04	2.905373e+01	1.084939e+05	1.077258e+05	5.780550e+04	5.607670e+04	9.999000e+03	2.850947e+01	2024	2	3	12
	1273	296	138.250000	-15.875000	9.728654e+04	3.122075e+01	1.082020e+05	1.072125e+05	5.757545e+04	5.540963e+04	9.999000e+03	2.577384e+01	2024	2	3	18
	1270	294	137.500000	-16.375000	9.766013e+04	3.061631e+01	1.084539e+05	1.074219e+05	5.783830e+04	5.587132e+04	9.999000e+03	2.735762e+01	2024	2	4	0
	1266	292	136.500000	-16.875000	9.811723e+04	1.848994e+01	1.083821e+05	1.074012e+05	5.766779e+04	5.579355e+04	9.999000e+03	2.479898e+01	2024	2	4	6
	1263	290	135.750000	-17.375000	9.864150e+04	1.770281e+01	1.084586e+05	1.078634e+05	5.787740e+04	5.639294e+04	9.999000e+03	2.560743e+01	2024	2	4	12
	1259	287	134.750000	-18.125000	9.833597e+04	2.030866e+01	1.082259e+05	1.077129e+05	5.767132e+04	5.617966e+04	9.999000e+03	1.996705e+01	2024	2	4	18
	1254	285	133.500000	-18.625000	9.856296e+04	2.092834e+01	1.084234e+05	1.079371e+05	5.787910e+04	5.643840e+04	9.999000e+03	1.778266e+01	2024	2	5	0
	1249	284	132.250000	-18.875000	9.846200e+04	2.125410e+01	1.083417e+05	1.078840e+05	5.779109e+04	5.630197e+04	9.999000e+03	2.557510e+01	2024	2	5	6
	1246	285	131.500000	-18.625000	9.895878e+04	2.037314e+01	1.084223e+05	1.079838e+05	5.791652e+04	5.662680e+04	9.999000e+03	2.549898e+01	2024	2	5	12
	1240	285	130.000000	-18.625000	9.877091e+04	1.761928e+01	1.081433e+05	1.077012e+05	5.770041e+04	5.638029e+04	9.999000e+03	1.968218e+01	2024	2	5	18
	1234	286	128.500000	-18.375000	9.906277e+04	1.609261e+01	1.083426e+05	1.080190e+05	5.782068e+04	5.664541e+04	9.999000e+03	3.093833e+01	2024	2	6	0
	1227	286	126.750000	-18.375000	9.885804e+04	1.837776e+01	1.083331e+05	1.080020e+05	5.778784e+04	5.662826e+04	9.999000e+03	3.702465e+01	2024	2	6	6
	1221	287	125.250000	-18.125000	9.880398e+04	1.887271e+01	1.084371e+05	1.080639e+05	5.794379e+04	5.659624e+04	9.999000e+03	3.615313e+01	2024	2	6	12
	1217	290	124.250000	-17.375000	9.794255e+04	1.993467e+01	1.082431e+05	1.075622e+05	5.761360e+04	5.598862e+04	9.999000e+03	4.312635e+01	2024	2	6	18
	1212	290	123.000000	-17.375000	9.802985e+04	2.302586e+01	1.083162e+05	1.075039e+05	5.772814e+04	5.587853e+04	9.999000e+03	4.273561e+01	2024	2	7	0
	1206	290	121.500000	-17.375000	9.723499e+04	2.974629e+01	1.082946e+05	1.071643e+05	5.762519e+04	5.528905e+04	9.999000e+03	3.952202e+01	2024	2	7	6
	1200	290	120.000000	-17.375000	9.690544e+04	3.241954e+01	1.084077e+05	1.068469e+05	5.784833e+04	5.517819e+04	3.054777e+02	3.938399e+01	2024	2	7	12
	1196	290	119.000000	-17.375000	9.609047e+04	3.636986e+01	1.082604e+05	1.065992e+05	5.760772e+04	5.467528e+04	3.039710e+02	4.313804e+01	2024	2	7	18
	1192	288	118.000000	-17.875000	9.597551e+04	3.830006e+01	1.084080e+05	1.065400e+05	5.774348e+04	5.443368e+04	3.044081e+02	3.791066e+01	2024	2	8	0
	1187	286	116.750000	-18.375000	9.592076e+04	3.450784e+01	1.083045e+05	1.063266e+05	5.761527e+04	5.428214e+04	3.034016e+02	3.388859e+01	2024	2	8	6
	1184	284	116.000000	-18.875000	9.626398e+04	3.431171e+01	1.083785e+05	1.065093e+05	5.769101e+04	5.453574e+04	3.048159e+02	3.258745e+01	2024	2	8	12
	1181	280	115.250000	-19.875000	9.628023e+04	3.171726e+01	1.081710e+05	1.066239e+05	5.753066e+04	5.471325e+04	9.999000e+03	3.135505e+01	2024	2	8	18
	1179	277	114.750000	-20.625000	9.662133e+04	3.031193e+01	1.082261e+05	1.070243e+05	5.760491e+04	5.513471e+04	9.999000e+03	2.516815e+01	2024	2	9	0
	1177	275	114.250000	-21.125000	9.705618e+04	2.849956e+01	1.081639e+05	1.071339e+05	5.747813e+04	5.539956e+04	9.999000e+03	2.636453e+01	2024	2	9	6
	1178	274	114.500000	-21.375000	9.748605e+04	2.557940e+01	1.082551e+05	1.075427e+05	5.755634e+04	5.571601e+04	9.999000e+03	2.598295e+01	2024	2	9	12
	1178	273	114.500000	-21.625000	9.769355e+04	2.807626e+01	1.079774e+05	1.073722e+05	5.746445e+04	5.569102e+04	9.999000e+03	2.311672e+01	2024	2	9	18
	1183	274	115.750000	-21.375000	9.799478e+04	2.748582e+01	1.081309e+05	1.074415e+05	5.756136e+04	5.581407e+04	9.999000e+03	1.797799e+01	2024	2	10	0
	1185	273	116.250000	-21.625000	9.820527e+04	2.469995e+01	1.080558e+05	1.074870e+05	5.742476e+04	5.586243e+04	9.999000e+03	1.909366e+01	2024	2	10	6
	1187	272	116.750000	-21.875000	9.856403e+04	1.912632e+01	1.081255e+05	1.076445e+05	5.745073e+04	5.610258e+04	9.999000e+03	1.668283e+01	2024	2	10	12
	1188	268	117.000000	-22.875000	9.859459e+04	1.488347e+01	1.078610e+05	1.075176e+05	5.724570e+04	5.610788e+04	9.999000e+03	1.530088e+01	2024	2	10	18
	1187	265	116.750000	-23.625000	9.903041e+04	1.578636e+01	1.079248e+05	1.076598e+05	5.734028e+04	5.634969e+04	9.999000e+03	1.016087e+01	2024	2	11	0
	1184	261	116.000000	-24.625000	9.907705e+04	1.737424e+01	1.078527e+05	1.075331e+05	5.721465e+04	5.643135e+04	9.999000e+03	9.297106e+00	2024	2	11	6
	1182	259	115.500000	-25.125000	9.933603e+04	1.505327e+01	1.079044e+05	1.075713e+05	5.732500e+04	5.661057e+04	9.999000e+03	6.164306e+00	2024	2	11	12
	1178	256	114.500000	-25.875000	9.947673e+04	1.612605e+01	1.077848e+05	1.072393e+05	5.727566e+04	5.657045e+04	9.999000e+03	4.834043e+00	2024	2	11	18
	1177	256	114.250000	-25.875000	9.973149e+04	1.428596e+01	1.078568e+05	1.072503e+05	5.731700e+04	5.671572e+04	9.999000e+03	3.685264e+00	2024	2	12	0
	1177	253	114.250000	-26.625000	9.978481e+04	1.250014e+01	1.078376e+05	1.070837e+05	5.730552e+04	5.675765e+04	9.999000e+03	5.714101e+00	2024	2	12	6
	1176	252	114.000000	-26.875000	1.000001e+05	1.372802e+01	1.079229e+05	1.070072e+05	5.738529e+04	5.686460e+04	9.999000e+03	5.207991e+00	2024	2	12	12
	1176	251	114.000000	-27.125000	1.001636e+05	1.420712e+01	1.078369e+05	1.068164e+05	5.740272e+04	5.688870e+04	9.999000e+03	6.747063e+00	2024	2	12	18
	1177	249	114.250000	-27.625000	1.004598e+05	1.331855e+01	1.079043e+05	1.065289e+05	5.749168e+04	5.702520e+04	9.999000e+03	4.004814e+00	2024	2	13	0
	1177	249	114.250000	-27.625000	1.005202e+05	1.420752e+01	1.079259e+05	1.064449e+05	5.757492e+04	5.710773e+04	9.999000e+03	2.197040e+00	2024	2	13	6
start	31	2024	2	11	18
	931	287	52.750000	-18.125000	1.008037e+05	1.084405e+01	1.083937e+05	1.080870e+05	5.802992e+04	5.762077e+04	3.026384e+02	2.922085e+01	2024	2	11	18
	928	289	52.000000	-17.625000	1.005459e+05	1.113728e+01	1.081666e+05	1.078092e+05	5.776995e+04	5.731512e+04	3.027250e+02	2.703918e+01	2024	2	12	0
	927	289	51.750000	-17.625000	1.007069e+05	1.171191e+01	1.083477e+05	1.079912e+05	5.792303e+04	5.751086e+04	3.027642e+02	2.728559e+01	2024	2	12	6
	927	290	51.750000	-17.375000	1.004038e+05	1.178990e+01	1.082344e+05	1.078973e+05	5.775346e+04	5.731131e+04	3.028333e+02	2.792874e+01	2024	2	12	12
	928	289	52.000000	-17.625000	1.005906e+05	1.256288e+01	1.083707e+05	1.080879e+05	5.792135e+04	5.744902e+04	3.026320e+02	3.434787e+01	2024	2	12	18
	927	287	51.750000	-18.125000	1.002728e+05	1.282939e+01	1.081509e+05	1.077790e+05	5.766358e+04	5.714101e+04	3.025703e+02	3.021828e+01	2024	2	13	0
	927	288	51.750000	-17.875000	1.004794e+05	1.357993e+01	1.082916e+05	1.079767e+05	5.778319e+04	5.730350e+04	3.025493e+02	3.213586e+01	2024	2	13	6
	928	286	52.000000	-18.375000	1.001172e+05	1.497354e+01	1.081572e+05	1.078234e+05	5.761027e+04	5.702887e+04	3.024970e+02	3.616683e+01	2024	2	13	12
	925	283	51.250000	-19.125000	1.003118e+05	1.636059e+01	1.082652e+05	1.079916e+05	5.777630e+04	5.719235e+04	9.999000e+03	3.619429e+01	2024	2	13	18
	925	282	51.250000	-19.375000	9.997200e+04	1.610186e+01	1.080581e+05	1.077257e+05	5.759954e+04	5.691503e+04	3.024234e+02	3.179108e+01	2024	2	14	0
	925	281	51.250000	-19.625000	1.000897e+05	1.861076e+01	1.082437e+05	1.079018e+05	5.773132e+04	5.705930e+04	3.024232e+02	3.219543e+01	2024	2	14	6
	925	279	51.250000	-20.125000	9.975303e+04	1.756813e+01	1.081342e+05	1.077417e+05	5.757633e+04	5.678939e+04	3.025133e+02	3.342576e+01	2024	2	14	12
	923	276	50.750000	-20.875000	9.992822e+04	1.900416e+01	1.082376e+05	1.079595e+05	5.775989e+04	5.698548e+04	3.024714e+02	3.220179e+01	2024	2	14	18
	922	275	50.500000	-21.125000	9.964933e+04	1.690800e+01	1.080695e+05	1.077836e+05	5.758088e+04	5.676004e+04	9.999000e+03	2.720877e+01	2024	2	15	0
	921	271	50.250000	-22.125000	9.980976e+04	2.016307e+01	1.083866e+05	1.079979e+05	5.779564e+04	5.699596e+04	3.022397e+02	2.841805e+01	2024	2	15	6
	920	266	50.000000	-23.375000	9.957655e+04	1.940901e+01	1.082636e+05	1.078469e+05	5.773950e+04	5.689284e+04	3.021885e+02	2.654997e+01	2024	2	15	12
	917	264	49.250000	-23.875000	9.979229e+04	1.905705e+01	1.084021e+05	1.080540e+05	5.787554e+04	5.710224e+04	9.999000e+03	2.328738e+01	2024	2	15	18
	915	263	48.750000	-24.125000	9.956682e+04	1.720501e+01	1.082301e+05	1.078587e+05	5.766402e+04	5.694829e+04	9.999000e+03	1.708778e+01	2024	2	16	0
	915	260	48.750000	-24.875000	9.975576e+04	1.769652e+01	1.084446e+05	1.080362e+05	5.785213e+04	5.708309e+04	9.999000e+03	1.877478e+01	2024	2	16	6
	913	258	48.250000	-25.375000	9.958432e+04	1.631702e+01	1.083280e+05	1.079576e+05	5.771434e+04	5.702446e+04	9.999000e+03	1.897965e+01	2024	2	16	12
	913	256	48.250000	-25.875000	9.979152e+04	1.733883e+01	1.085042e+05	1.080056e+05	5.780718e+04	5.712348e+04	9.999000e+03	1.534577e+01	2024	2	16	18
	914	254	48.500000	-26.375000	9.960916e+04	1.498215e+01	1.082596e+05	1.077676e+05	5.764238e+04	5.696046e+04	9.999000e+03	1.329271e+01	2024	2	17	0
	916	253	49.000000	-26.625000	9.970444e+04	1.608718e+01	1.084276e+05	1.077966e+05	5.777646e+04	5.706846e+04	3.014662e+02	1.335478e+01	2024	2	17	6
	918	252	49.500000	-26.875000	9.963188e+04	1.497872e+01	1.083282e+05	1.077322e+05	5.767605e+04	5.692946e+04	3.012715e+02	1.391797e+01	2024	2	17	12
	921	251	50.250000	-27.125000	9.980355e+04	1.615619e+01	1.084970e+05	1.077700e+05	5.782649e+04	5.698163e+04	3.009917e+02	1.594449e+01	2024	2	17	18
	924	251	51.000000	-27.125000	9.964508e+04	1.691396e+01	1.083123e+05	1.076179e+05	5.771876e+04	5.687873e+04	3.008240e+02	1.434809e+01	2024	2	18	0
	925	250	51.250000	-27.375000	9.992058e+04	1.935391e+01	1.084604e+05	1.076657e+05	5.794681e+04	5.721536e+04	3.005957e+02	1.545487e+01	2024	2	18	6
	924	251	51.000000	-27.125000	9.993137e+04	2.020129e+01	1.083402e+05	1.077284e+05	5.784862e+04	5.738523e+04	3.008991e+02	1.504709e+01	2024	2	18	12
	924	252	51.000000	-26.875000	1.002871e+05	1.831983e+01	1.085101e+05	1.079887e+05	5.807163e+04	5.775056e+04	3.007380e+02	1.371564e+01	2024	2	18	18
	922	251	50.500000	-27.125000	1.002587e+05	1.788958e+01	1.083377e+05	1.077856e+05	5.790768e+04	5.758583e+04	3.006991e+02	9.732665e+00	2024	2	19	0
	918	248	49.500000	-27.875000	1.005860e+05	1.551535e+01	1.084717e+05	1.076340e+05	5.811511e+04	5.782881e+04	3.005650e+02	6.749541e+00	2024	2	19	6
start	12	2024	2	15	12
	237	248	-120.750000	-27.875000	1.001441e+05	1.603016e+01	1.068084e+05	1.051936e+05	5.733035e+04	5.642949e+04	2.972782e+02	1.113737e+01	2024	2	15	12
	235	244	-121.250000	-28.875000	1.003191e+05	1.589561e+01	1.067700e+05	1.054274e+05	5.745745e+04	5.647790e+04	2.968861e+02	5.730429e+00	2024	2	15	18
	233	239	-121.750000	-30.125000	1.001876e+05	1.525484e+01	1.064704e+05	1.054777e+05	5.725521e+04	5.629902e+04	2.964207e+02	5.231121e+00	2024	2	16	0
	236	234	-121.000000	-31.375000	1.004033e+05	1.619771e+01	1.064502e+05	1.057787e+05	5.745959e+04	5.643223e+04	2.954715e+02	4.227432e+00	2024	2	16	6
	240	229	-120.000000	-32.625000	1.002415e+05	1.736943e+01	1.061827e+05	1.049810e+05	5.721171e+04	5.611036e+04	2.947345e+02	7.253564e+00	2024	2	16	12
	247	223	-118.250000	-34.125000	1.002431e+05	1.887312e+01	1.062714e+05	1.042073e+05	5.726834e+04	5.563086e+04	2.941801e+02	8.815350e+00	2024	2	16	18
	257	217	-115.750000	-35.625000	9.988603e+04	1.885957e+01	1.060660e+05	1.038001e+05	5.702973e+04	5.524566e+04	2.934488e+02	1.053166e+01	2024	2	17	0
	268	211	-113.000000	-37.125000	9.976976e+04	2.094996e+01	1.058738e+05	1.037013e+05	5.695254e+04	5.524665e+04	2.925594e+02	7.955795e+00	2024	2	17	6
	278	206	-110.500000	-38.375000	9.970277e+04	1.846510e+01	1.054582e+05	1.034903e+05	5.664491e+04	5.520828e+04	2.920841e+02	4.024178e+00	2024	2	17	12
	288	203	-108.000000	-39.125000	1.000311e+05	1.674950e+01	1.054874e+05	1.034549e+05	5.672672e+04	5.526866e+04	2.920579e+02	1.933729e+00	2024	2	17	18
	298	201	-105.500000	-39.625000	1.000814e+05	1.594368e+01	1.054475e+05	1.034307e+05	5.667712e+04	5.531118e+04	2.918049e+02	1.654291e+00	2024	2	18	0
	304	200	-104.000000	-39.875000	1.003481e+05	1.432028e+01	1.053959e+05	1.034453e+05	5.669417e+04	5.545320e+04	2.914638e+02	1.731591e+00	2024	2	18	6
start	37	2024	2	20	0
	1367	299	161.750000	-15.125000	1.003753e+05	1.192236e+01	1.084186e+05	1.081555e+05	5.782443e+04	5.751234e+04	3.026285e+02	1.161985e+01	2024	2	20	0
	1364	298	161.000000	-15.375000	1.000402e+05	1.337119e+01	1.082120e+05	1.079379e+05	5.756871e+04	5.726102e+04	3.026612e+02	1.277659e+01	2024	2	20	6
	1361	298	160.250000	-15.375000	1.003247e+05	1.634070e+01	1.083746e+05	1.081752e+05	5.777919e+04	5.752930e+04	3.025550e+02	1.223124e+01	2024	2	20	12
	1357	299	159.250000	-15.125000	1.000703e+05	1.347552e+01	1.081269e+05	1.079163e+05	5.756870e+04	5.727568e+04	3.025103e+02	1.167914e+01	2024	2	20	18
	1355	300	158.750000	-14.875000	1.002957e+05	1.184836e+01	1.083490e+05	1.081574e+05	5.776480e+04	5.748217e+04	3.025269e+02	1.372193e+01	2024	2	21	0
	1356	301	159.000000	-14.625000	1.000519e+05	1.136483e+01	1.081749e+05	1.079844e+05	5.756539e+04	5.724320e+04	3.030175e+02	1.797592e+01	2024	2	21	6
	1354	300	158.500000	-14.875000	1.003372e+05	1.290074e+01	1.083736e+05	1.081901e+05	5.776298e+04	5.745296e+04	3.025177e+02	1.784644e+01	2024	2	21	12
	1350	301	157.500000	-14.625000	1.000401e+05	1.471294e+01	1.081361e+05	1.079105e+05	5.753704e+04	5.715202e+04	3.024203e+02	1.126688e+01	2024	2	21	18
	1353	301	158.250000	-14.625000	1.002767e+05	1.298840e+01	1.083713e+05	1.081569e+05	5.781116e+04	5.736041e+04	3.025659e+02	1.327739e+01	2024	2	22	0
	1350	299	157.500000	-15.125000	1.000332e+05	1.468605e+01	1.081870e+05	1.079777e+05	5.760412e+04	5.717185e+04	3.032018e+02	2.416521e+01	2024	2	22	6
	1345	299	156.250000	-15.125000	1.002479e+05	1.583607e+01	1.083684e+05	1.081399e+05	5.776031e+04	5.736580e+04	3.023167e+02	2.325951e+01	2024	2	22	12
	1346	301	156.500000	-14.625000	1.000257e+05	1.557867e+01	1.081152e+05	1.078692e+05	5.754364e+04	5.712623e+04	3.022901e+02	1.975815e+01	2024	2	22	18
	1346	298	156.500000	-15.375000	1.002210e+05	1.682637e+01	1.082757e+05	1.079830e+05	5.775127e+04	5.731023e+04	3.023026e+02	1.688145e+01	2024	2	23	0
	1339	300	154.750000	-14.875000	9.987101e+04	1.878486e+01	1.080981e+05	1.078363e+05	5.755841e+04	5.706781e+04	3.023347e+02	1.595361e+01	2024	2	23	6
	1340	301	155.000000	-14.625000	1.001709e+05	1.846835e+01	1.082979e+05	1.081551e+05	5.778859e+04	5.744266e+04	3.020565e+02	1.971278e+01	2024	2	23	12
	1336	302	154.000000	-14.375000	9.994077e+04	1.736036e+01	1.080487e+05	1.078232e+05	5.752371e+04	5.721249e+04	3.018397e+02	1.846062e+01	2024	2	23	18
	1334	304	153.500000	-13.875000	1.001723e+05	1.743210e+01	1.082800e+05	1.080635e+05	5.775755e+04	5.741892e+04	3.017687e+02	1.401816e+01	2024	2	24	0
	1335	304	153.750000	-13.875000	9.990002e+04	1.413300e+01	1.080977e+05	1.078933e+05	5.754166e+04	5.722803e+04	3.023660e+02	1.781516e+01	2024	2	24	6
	1334	304	153.500000	-13.875000	1.002498e+05	1.488585e+01	1.082841e+05	1.080832e+05	5.779118e+04	5.751367e+04	3.018154e+02	2.522867e+01	2024	2	24	12
	1332	304	153.000000	-13.875000	9.995152e+04	1.622675e+01	1.080373e+05	1.077694e+05	5.753553e+04	5.721137e+04	3.017386e+02	2.052262e+01	2024	2	24	18
	1331	305	152.750000	-13.625000	1.002535e+05	1.516540e+01	1.082961e+05	1.080621e+05	5.780208e+04	5.747893e+04	3.018866e+02	1.442915e+01	2024	2	25	0
	1330	305	152.500000	-13.625000	9.997737e+04	1.582821e+01	1.080250e+05	1.078571e+05	5.760314e+04	5.723396e+04	3.021255e+02	1.664532e+01	2024	2	25	6
	1329	307	152.250000	-13.125000	1.002616e+05	1.590110e+01	1.083210e+05	1.080618e+05	5.781598e+04	5.749108e+04	9.999000e+03	2.558294e+01	2024	2	25	12
	1328	306	152.000000	-13.375000	9.988971e+04	1.564374e+01	1.079912e+05	1.077486e+05	5.753160e+04	5.713393e+04	3.020150e+02	2.681926e+01	2024	2	25	18
	1326	308	151.500000	-12.875000	1.001847e+05	1.606743e+01	1.082943e+05	1.080347e+05	5.777632e+04	5.727757e+04	3.020863e+02	2.376590e+01	2024	2	26	0
	1326	307	151.500000	-13.125000	9.986082e+04	1.516582e+01	1.080267e+05	1.078330e+05	5.754070e+04	5.698980e+04	3.020913e+02	2.360433e+01	2024	2	26	6
	1324	308	151.000000	-12.875000	1.001410e+05	1.587498e+01	1.083141e+05	1.079547e+05	5.779200e+04	5.723497e+04	3.020786e+02	2.591040e+01	2024	2	26	12
	1322	307	150.500000	-13.125000	9.983684e+04	1.621919e+01	1.080128e+05	1.077749e+05	5.756888e+04	5.700690e+04	3.020370e+02	2.100365e+01	2024	2	26	18
	1322	306	150.500000	-13.375000	1.001269e+05	1.605291e+01	1.083359e+05	1.080468e+05	5.782845e+04	5.725323e+04	3.019760e+02	2.010740e+01	2024	2	27	0
	1321	305	150.250000	-13.625000	9.990738e+04	1.524480e+01	1.082132e+05	1.079842e+05	5.767412e+04	5.713019e+04	3.019923e+02	1.984208e+01	2024	2	27	6
	1319	304	149.750000	-13.875000	1.002744e+05	1.585889e+01	1.084658e+05	1.082344e+05	5.795948e+04	5.749389e+04	3.019956e+02	1.933822e+01	2024	2	27	12
	1319	302	149.750000	-14.375000	1.000853e+05	1.493246e+01	1.081956e+05	1.079553e+05	5.773743e+04	5.729843e+04	3.019513e+02	1.460814e+01	2024	2	27	18
	1319	301	149.750000	-14.625000	1.004172e+05	1.458136e+01	1.084867e+05	1.082841e+05	5.796332e+04	5.758023e+04	3.018559e+02	9.834352e+00	2024	2	28	0
	1318	300	149.500000	-14.875000	1.001082e+05	1.454811e+01	1.083033e+05	1.081559e+05	5.774325e+04	5.735902e+04	3.019972e+02	8.144760e+00	2024	2	28	6
	1318	301	149.500000	-14.625000	1.004317e+05	1.442250e+01	1.085248e+05	1.083644e+05	5.802342e+04	5.766212e+04	3.019606e+02	8.217472e+00	2024	2	28	12
	1318	302	149.500000	-14.375000	1.002243e+05	1.492246e+01	1.082033e+05	1.080931e+05	5.771941e+04	5.746668e+04	3.019343e+02	7.163010e+00	2024	2	28	18
	1319	300	149.750000	-14.875000	1.004954e+05	1.468462e+01	1.084467e+05	1.082895e+05	5.794229e+04	5.772907e+04	3.015970e+02	5.584878e+00	2024	2	29	0
start	36	2024	2	27	6
	1406	303	171.500000	-14.125000	1.001011e+05	1.051842e+01	1.084429e+05	1.081326e+05	5.767510e+04	5.740689e+04	3.033456e+02	1.427124e+01	2024	2	27	6
	1404	302	171.000000	-14.375000	1.004161e+05	1.243380e+01	1.086039e+05	1.083364e+05	5.787786e+04	5.765696e+04	3.029625e+02	1.591861e+01	2024	2	27	12
	1402	300	170.500000	-14.875000	1.002051e+05	1.226205e+01	1.084575e+05	1.081582e+05	5.774551e+04	5.746343e+04	3.029124e+02	1.378244e+01	2024	2	27	18
	1398	300	169.500000	-14.875000	1.003241e+05	1.120612e+01	1.085620e+05	1.083674e+05	5.787166e+04	5.760264e+04	3.028273e+02	1.592270e+01	2024	2	28	0
	1396	301	169.000000	-14.625000	1.001343e+05	1.115398e+01	1.083998e+05	1.081627e+05	5.766572e+04	5.744019e+04	9.999000e+03	1.949063e+01	2024	2	28	6
	1394	300	168.500000	-14.875000	1.002968e+05	1.120503e+01	1.085441e+05	1.083410e+05	5.781640e+04	5.758826e+04	9.999000e+03	2.917614e+01	2024	2	28	12
	1392	301	168.000000	-14.625000	1.000557e+05	1.219231e+01	1.083598e+05	1.081108e+05	5.758888e+04	5.733249e+04	9.999000e+03	2.298691e+01	2024	2	28	18
	1391	301	167.750000	-14.625000	1.001889e+05	1.161256e+01	1.084495e+05	1.082067e+05	5.772955e+04	5.743815e+04	9.999000e+03	2.101994e+01	2024	2	29	0
	1390	301	167.500000	-14.625000	9.992927e+04	1.145527e+01	1.083253e+05	1.080111e+05	5.753073e+04	5.718607e+04	9.999000e+03	1.944738e+01	2024	2	29	6
	1390	301	167.500000	-14.625000	1.001709e+05	1.092416e+01	1.084261e+05	1.081934e+05	5.771446e+04	5.737270e+04	9.999000e+03	2.941987e+01	2024	2	29	12
	1390	301	167.500000	-14.625000	9.993673e+04	1.128222e+01	1.082079e+05	1.079323e+05	5.753310e+04	5.708863e+04	9.999000e+03	2.674294e+01	2024	2	29	18
	1390	300	167.500000	-14.875000	1.000445e+05	1.179954e+01	1.083483e+05	1.081072e+05	5.765834e+04	5.719123e+04	9.999000e+03	2.136245e+01	2024	3	1	0
	1389	300	167.250000	-14.875000	9.980509e+04	1.260113e+01	1.081878e+05	1.079591e+05	5.752663e+04	5.697934e+04	9.999000e+03	2.568402e+01	2024	3	1	6
	1385	296	166.250000	-15.875000	9.994104e+04	1.437070e+01	1.083820e+05	1.080991e+05	5.767465e+04	5.703489e+04	9.999000e+03	3.001010e+01	2024	3	1	12
	1385	297	166.250000	-15.625000	9.963782e+04	1.451777e+01	1.081680e+05	1.078244e+05	5.748525e+04	5.674420e+04	9.999000e+03	2.335776e+01	2024	3	1	18
	1385	296	166.250000	-15.875000	9.976373e+04	1.469267e+01	1.083485e+05	1.080327e+05	5.770480e+04	5.690436e+04	9.999000e+03	2.272643e+01	2024	3	2	0
	1386	294	166.500000	-16.375000	9.954902e+04	1.532520e+01	1.083186e+05	1.080031e+05	5.751743e+04	5.677916e+04	9.999000e+03	3.160930e+01	2024	3	2	6
	1385	292	166.250000	-16.875000	9.974234e+04	1.818163e+01	1.084664e+05	1.081679e+05	5.771396e+04	5.702057e+04	9.999000e+03	3.599372e+01	2024	3	2	12
	1386	291	166.500000	-17.125000	9.949105e+04	1.975513e+01	1.083075e+05	1.079196e+05	5.758170e+04	5.687033e+04	9.999000e+03	3.024526e+01	2024	3	2	18
	1385	291	166.250000	-17.125000	9.963398e+04	1.953176e+01	1.084150e+05	1.080558e+05	5.779417e+04	5.706795e+04	9.999000e+03	2.402918e+01	2024	3	3	0
	1387	289	166.750000	-17.625000	9.949201e+04	1.976881e+01	1.083574e+05	1.079905e+05	5.763348e+04	5.704687e+04	9.999000e+03	2.727986e+01	2024	3	3	6
	1385	288	166.250000	-17.875000	9.968845e+04	2.009567e+01	1.085222e+05	1.082111e+05	5.781845e+04	5.722378e+04	9.999000e+03	2.427833e+01	2024	3	3	12
	1386	290	166.500000	-17.375000	9.953682e+04	1.817010e+01	1.083337e+05	1.079666e+05	5.761595e+04	5.716532e+04	9.999000e+03	1.578070e+01	2024	3	3	18
	1385	290	166.250000	-17.375000	9.981349e+04	1.634459e+01	1.084696e+05	1.081982e+05	5.781734e+04	5.746489e+04	9.999000e+03	1.092941e+01	2024	3	4	0
	1384	291	166.000000	-17.125000	9.968554e+04	1.460478e+01	1.083086e+05	1.080364e+05	5.766016e+04	5.736826e+04	9.999000e+03	1.058491e+01	2024	3	4	6
	1384	291	166.000000	-17.125000	1.000055e+05	1.522029e+01	1.084361e+05	1.081832e+05	5.781409e+04	5.756100e+04	9.999000e+03	1.207064e+01	2024	3	4	12
	1382	292	165.500000	-16.875000	9.989214e+04	1.432933e+01	1.081969e+05	1.079969e+05	5.761835e+04	5.736756e+04	9.999000e+03	8.929502e+00	2024	3	4	18
	1381	292	165.250000	-16.875000	1.001501e+05	1.511915e+01	1.083718e+05	1.081562e+05	5.781908e+04	5.760024e+04	3.025162e+02	7.818532e+00	2024	3	5	0
	1378	293	164.500000	-16.625000	1.000123e+05	1.466790e+01	1.082205e+05	1.080415e+05	5.767548e+04	5.740138e+04	3.030781e+02	1.186451e+01	2024	3	5	6
	1375	293	163.750000	-16.625000	1.003090e+05	1.414657e+01	1.084066e+05	1.081805e+05	5.785717e+04	5.760544e+04	3.022448e+02	1.143524e+01	2024	3	5	12
	1373	294	163.250000	-16.375000	1.001008e+05	1.332256e+01	1.081583e+05	1.079315e+05	5.763822e+04	5.742018e+04	3.022818e+02	1.083436e+01	2024	3	5	18
	1373	296	163.250000	-15.875000	1.003589e+05	1.105233e+01	1.083746e+05	1.082031e+05	5.784866e+04	5.763272e+04	3.025541e+02	1.534874e+01	2024	3	6	0
	1372	295	163.000000	-16.125000	1.000843e+05	1.148303e+01	1.082279e+05	1.079947e+05	5.762491e+04	5.742554e+04	3.032659e+02	1.834072e+01	2024	3	6	6
	1371	294	162.750000	-16.375000	1.003980e+05	1.338976e+01	1.083898e+05	1.080754e+05	5.784119e+04	5.760217e+04	3.026061e+02	1.858591e+01	2024	3	6	12
	1369	293	162.250000	-16.625000	1.001675e+05	1.494097e+01	1.081072e+05	1.078011e+05	5.762416e+04	5.737414e+04	3.024229e+02	1.559220e+01	2024	3	6	18
	1368	293	162.000000	-16.625000	1.003808e+05	1.373763e+01	1.083497e+05	1.079638e+05	5.778378e+04	5.754609e+04	3.026300e+02	1.444748e+01	2024	3	7	0
start	16	2024	3	4	12
	1000	302	70.000000	-14.375000	1.004941e+05	9.444192e+00	1.083116e+05	1.080280e+05	5.768406e+04	5.731522e+04	3.032592e+02	2.341011e+01	2024	3	4	12
	1000	303	70.000000	-14.125000	1.007642e+05	9.797897e+00	1.084768e+05	1.082355e+05	5.796050e+04	5.757753e+04	3.031620e+02	2.627975e+01	2024	3	4	18
	1004	301	71.000000	-14.625000	1.004245e+05	1.302231e+01	1.082322e+05	1.079725e+05	5.779469e+04	5.731706e+04	3.031711e+02	2.362282e+01	2024	3	5	0
	1005	298	71.250000	-15.375000	1.005997e+05	1.314201e+01	1.084916e+05	1.082098e+05	5.798587e+04	5.751309e+04	3.030754e+02	1.675613e+01	2024	3	5	6
	1004	294	71.000000	-16.375000	1.002803e+05	1.034991e+01	1.083021e+05	1.079326e+05	5.779009e+04	5.730830e+04	3.030443e+02	2.536399e+01	2024	3	5	12
	1007	293	71.750000	-16.625000	1.005291e+05	1.217627e+01	1.085399e+05	1.082057e+05	5.799805e+04	5.748452e+04	3.028341e+02	3.615059e+01	2024	3	5	18
	1010	289	72.500000	-17.625000	1.001709e+05	1.338921e+01	1.083119e+05	1.079616e+05	5.775956e+04	5.721848e+04	3.024264e+02	3.492502e+01	2024	3	6	0
	1011	284	72.750000	-18.875000	1.003226e+05	1.659618e+01	1.085168e+05	1.080611e+05	5.795546e+04	5.737385e+04	3.021158e+02	3.802182e+01	2024	3	6	6
	1011	280	72.750000	-19.875000	1.000410e+05	1.687809e+01	1.083212e+05	1.078438e+05	5.773476e+04	5.712536e+04	3.018484e+02	4.029330e+01	2024	3	6	12
	1010	277	72.500000	-20.625000	1.002198e+05	2.006838e+01	1.085117e+05	1.079263e+05	5.795816e+04	5.728773e+04	3.012382e+02	3.878951e+01	2024	3	6	18
	1010	274	72.500000	-21.375000	9.989537e+04	1.974786e+01	1.082619e+05	1.076083e+05	5.767052e+04	5.702614e+04	3.007485e+02	3.067499e+01	2024	3	7	0
	1010	272	72.500000	-21.875000	9.995609e+04	1.742492e+01	1.084871e+05	1.077160e+05	5.788687e+04	5.721248e+04	3.005879e+02	3.071492e+01	2024	3	7	6
	1011	270	72.750000	-22.375000	9.986054e+04	1.999902e+01	1.083730e+05	1.076450e+05	5.775889e+04	5.715798e+04	3.004586e+02	2.885066e+01	2024	3	7	12
	1012	267	73.000000	-23.125000	1.001597e+05	1.910199e+01	1.085581e+05	1.076538e+05	5.793826e+04	5.741744e+04	3.002531e+02	2.099161e+01	2024	3	7	18
	1011	269	72.750000	-22.625000	1.001015e+05	1.620491e+01	1.083107e+05	1.075431e+05	5.772966e+04	5.736762e+04	3.003231e+02	1.344649e+01	2024	3	8	0
	1012	269	73.000000	-22.625000	1.003620e+05	1.680986e+01	1.084957e+05	1.077840e+05	5.797278e+04	5.749009e+04	3.004166e+02	1.010614e+01	2024	3	8	6
start	22	2024	3	12	0
	1034	318	78.500000	-10.375000	1.004786e+05	9.916506e+00	1.081553e+05	1.079594e+05	5.763455e+04	5.729484e+04	3.032119e+02	3.157061e+01	2024	3	12	0
	1029	318	77.250000	-10.375000	1.006686e+05	1.122435e+01	1.083881e+05	1.081489e+05	5.785985e+04	5.747584e+04	3.031840e+02	2.454176e+01	2024	3	12	6
	1030	315	77.500000	-11.125000	1.003722e+05	1.097546e+01	1.081653e+05	1.080146e+05	5.760923e+04	5.727760e+04	3.031838e+02	2.667888e+01	2024	3	12	12
	1031	314	77.750000	-11.375000	1.005573e+05	1.140460e+01	1.083461e+05	1.081560e+05	5.782991e+04	5.745310e+04	3.031136e+02	3.341714e+01	2024	3	12	18
	1028	313	77.000000	-11.625000	1.002314e+05	1.340769e+01	1.080952e+05	1.078807e+05	5.765065e+04	5.721166e+04	3.030061e+02	2.610237e+01	2024	3	13	0
	1030	310	77.500000	-12.375000	1.004196e+05	1.380451e+01	1.082852e+05	1.080995e+05	5.783884e+04	5.746272e+04	3.032245e+02	2.764416e+01	2024	3	13	6
	1029	310	77.250000	-12.375000	1.001430e+05	1.512148e+01	1.081845e+05	1.078989e+05	5.768531e+04	5.724920e+04	3.033219e+02	3.161163e+01	2024	3	13	12
	1028	310	77.000000	-12.375000	1.003670e+05	1.470737e+01	1.083612e+05	1.081144e+05	5.787899e+04	5.741684e+04	3.028810e+02	3.132000e+01	2024	3	13	18
	1032	306	78.000000	-13.375000	1.000321e+05	1.610392e+01	1.081313e+05	1.078863e+05	5.770743e+04	5.710286e+04	3.027955e+02	2.987523e+01	2024	3	14	0
	1031	302	77.750000	-14.375000	1.002160e+05	1.671523e+01	1.083149e+05	1.080157e+05	5.785136e+04	5.725424e+04	3.025759e+02	2.363710e+01	2024	3	14	6
	1032	301	78.000000	-14.625000	9.997974e+04	1.640886e+01	1.081908e+05	1.078416e+05	5.772003e+04	5.702884e+04	3.024669e+02	3.009175e+01	2024	3	14	12
	1033	299	78.250000	-15.125000	1.001063e+05	1.745147e+01	1.083346e+05	1.080425e+05	5.790980e+04	5.713262e+04	3.022562e+02	3.558929e+01	2024	3	14	18
	1033	297	78.250000	-15.625000	9.976634e+04	1.910424e+01	1.080939e+05	1.077529e+05	5.767102e+04	5.686472e+04	3.020240e+02	2.908465e+01	2024	3	15	0
	1036	295	79.000000	-16.125000	9.983087e+04	2.078433e+01	1.082445e+05	1.078727e+05	5.787015e+04	5.697525e+04	3.018857e+02	2.978321e+01	2024	3	15	6
	1032	293	78.000000	-16.625000	9.950260e+04	2.190847e+01	1.080751e+05	1.076612e+05	5.764320e+04	5.676252e+04	3.018230e+02	3.263955e+01	2024	3	15	12
	1033	293	78.250000	-16.625000	9.957976e+04	2.329398e+01	1.083138e+05	1.078410e+05	5.785435e+04	5.683984e+04	3.017322e+02	3.095053e+01	2024	3	15	18
	1037	289	79.250000	-17.625000	9.911169e+04	2.514866e+01	1.080982e+05	1.075545e+05	5.764880e+04	5.645837e+04	3.015302e+02	2.403592e+01	2024	3	16	0
	1036	290	79.000000	-17.375000	9.926223e+04	2.301016e+01	1.082161e+05	1.077605e+05	5.783023e+04	5.694177e+04	3.015300e+02	1.143561e+01	2024	3	16	6
	1035	289	78.750000	-17.625000	9.940431e+04	2.074054e+01	1.081709e+05	1.076962e+05	5.774538e+04	5.726644e+04	3.014494e+02	1.136901e+01	2024	3	16	12
	1035	288	78.750000	-17.875000	9.992502e+04	1.929164e+01	1.082984e+05	1.078880e+05	5.788370e+04	5.752613e+04	3.013199e+02	1.366251e+01	2024	3	16	18
	1034	285	78.500000	-18.625000	9.982882e+04	2.089974e+01	1.082092e+05	1.077143e+05	5.772702e+04	5.725544e+04	3.010628e+02	1.444659e+01	2024	3	17	0
	1030	285	77.500000	-18.625000	1.001024e+05	1.993560e+01	1.083284e+05	1.078130e+05	5.793744e+04	5.754882e+04	3.012234e+02	8.417595e+00	2024	3	17	6
start	27	2024	3	31	0
	117	301	-150.750000	-14.625000	1.001266e+05	1.461469e+01	1.081604e+05	1.078917e+05	5.754566e+04	5.720286e+04	3.034659e+02	2.057119e+01	2024	3	31	0
	116	303	-151.000000	-14.125000	1.002609e+05	1.491804e+01	1.083382e+05	1.080157e+05	5.765107e+04	5.734739e+04	3.034916e+02	2.194134e+01	2024	3	31	6
	117	303	-150.750000	-14.125000	1.000398e+05	1.438955e+01	1.081863e+05	1.078762e+05	5.749802e+04	5.722685e+04	3.034628e+02	2.436580e+01	2024	3	31	12
	117	303	-150.750000	-14.125000	1.002242e+05	1.473951e+01	1.083562e+05	1.080392e+05	5.769362e+04	5.738211e+04	3.034283e+02	2.397640e+01	2024	3	31	18
	118	303	-150.500000	-14.125000	9.995384e+04	1.097591e+01	1.082211e+05	1.078528e+05	5.747229e+04	5.716402e+04	3.035919e+02	2.632463e+01	2024	4	1	0
	119	302	-150.250000	-14.375000	1.001493e+05	1.240097e+01	1.084173e+05	1.080211e+05	5.767421e+04	5.731658e+04	3.033689e+02	2.505584e+01	2024	4	1	6
	120	301	-150.000000	-14.625000	1.000520e+05	1.256058e+01	1.083300e+05	1.079630e+05	5.758825e+04	5.719577e+04	3.032879e+02	2.025863e+01	2024	4	1	12
	121	301	-149.750000	-14.625000	1.002829e+05	1.325141e+01	1.085905e+05	1.082249e+05	5.784220e+04	5.744352e+04	3.032710e+02	1.935684e+01	2024	4	1	18
	122	301	-149.500000	-14.625000	1.000332e+05	1.399149e+01	1.083963e+05	1.081460e+05	5.765563e+04	5.726055e+04	3.034861e+02	1.946606e+01	2024	4	2	0
	124	301	-149.000000	-14.625000	1.002465e+05	1.532672e+01	1.086364e+05	1.083057e+05	5.791254e+04	5.752705e+04	3.032643e+02	1.982712e+01	2024	4	2	6
	128	301	-148.000000	-14.625000	1.000875e+05	1.613221e+01	1.084526e+05	1.081711e+05	5.782632e+04	5.727455e+04	3.032132e+02	2.048753e+01	2024	4	2	12
	132	302	-147.000000	-14.375000	1.002516e+05	1.751182e+01	1.087067e+05	1.083013e+05	5.800445e+04	5.739998e+04	3.033593e+02	1.885903e+01	2024	4	2	18
	135	304	-146.250000	-13.875000	9.992893e+04	1.957278e+01	1.084885e+05	1.080567e+05	5.779445e+04	5.723079e+04	3.035172e+02	2.434606e+01	2024	4	3	0
	139	306	-145.250000	-13.375000	9.994730e+04	2.012641e+01	1.087096e+05	1.081862e+05	5.798971e+04	5.741052e+04	3.035274e+02	3.194979e+01	2024	4	3	6
	144	308	-144.000000	-12.875000	9.968262e+04	2.091410e+01	1.084936e+05	1.078934e+05	5.779871e+04	5.712966e+04	3.035113e+02	3.230886e+01	2024	4	3	12
	150	309	-142.500000	-12.625000	9.985346e+04	2.194137e+01	1.086636e+05	1.080304e+05	5.796814e+04	5.722466e+04	3.035305e+02	3.407677e+01	2024	4	3	18
	157	310	-140.750000	-12.375000	9.948815e+04	1.963762e+01	1.084052e+05	1.077916e+05	5.765850e+04	5.694589e+04	3.035896e+02	4.187734e+01	2024	4	4	0
	163	309	-139.250000	-12.625000	9.963677e+04	2.070699e+01	1.085951e+05	1.078210e+05	5.784231e+04	5.707613e+04	3.035868e+02	4.289392e+01	2024	4	4	6
	170	309	-137.500000	-12.625000	9.936942e+04	2.199553e+01	1.083055e+05	1.075027e+05	5.758861e+04	5.698565e+04	3.034586e+02	3.893600e+01	2024	4	4	12
	175	310	-136.250000	-12.375000	9.976642e+04	2.001564e+01	1.085402e+05	1.077042e+05	5.780406e+04	5.737514e+04	3.033831e+02	3.573203e+01	2024	4	4	18
	180	310	-135.000000	-12.375000	9.927564e+04	2.227195e+01	1.082816e+05	1.074708e+05	5.745255e+04	5.699299e+04	3.034381e+02	3.075889e+01	2024	4	5	0
	184	310	-134.000000	-12.375000	9.977435e+04	1.974632e+01	1.084766e+05	1.076757e+05	5.774732e+04	5.736077e+04	3.034170e+02	2.457110e+01	2024	4	5	6
	187	309	-133.250000	-12.625000	9.975703e+04	1.664004e+01	1.082098e+05	1.074693e+05	5.749666e+04	5.720435e+04	3.032844e+02	2.073403e+01	2024	4	5	12
	190	309	-132.500000	-12.625000	1.002103e+05	1.456960e+01	1.084691e+05	1.078092e+05	5.782905e+04	5.747591e+04	3.033476e+02	2.578131e+01	2024	4	5	18
	194	307	-131.500000	-13.125000	9.996506e+04	1.366288e+01	1.082591e+05	1.076577e+05	5.755850e+04	5.725133e+04	3.032654e+02	3.259316e+01	2024	4	6	0
	195	303	-131.250000	-14.125000	1.003164e+05	1.534761e+01	1.085574e+05	1.077986e+05	5.784433e+04	5.744853e+04	3.029899e+02	3.175257e+01	2024	4	6	6
	193	302	-131.750000	-14.375000	1.001831e+05	1.722412e+01	1.083480e+05	1.075393e+05	5.760388e+04	5.720369e+04	3.029587e+02	2.859995e+01	2024	4	6	12
start	30	2024	4	12	18
	983	321	65.750000	-9.625000	1.005315e+05	1.152057e+01	1.084084e+05	1.080870e+05	5.786936e+04	5.737478e+04	3.039434e+02	3.665623e+01	2024	4	12	18
	983	318	65.750000	-10.375000	1.002771e+05	1.236183e+01	1.081790e+05	1.078992e+05	5.767411e+04	5.715933e+04	3.039072e+02	3.909717e+01	2024	4	13	0
	981	317	65.250000	-10.625000	1.005409e+05	1.407778e+01	1.084571e+05	1.081902e+05	5.792988e+04	5.737635e+04	3.038906e+02	3.649443e+01	2024	4	13	6
	978	317	64.500000	-10.625000	1.001943e+05	1.501154e+01	1.082121e+05	1.079194e+05	5.768998e+04	5.712364e+04	3.039085e+02	3.893513e+01	2024	4	13	12
	977	312	64.250000	-11.875000	1.004592e+05	1.738958e+01	1.085295e+05	1.081216e+05	5.795503e+04	5.738912e+04	3.038702e+02	3.794090e+01	2024	4	13	18
	972	314	63.000000	-11.375000	1.001625e+05	1.456980e+01	1.082253e+05	1.079246e+05	5.770164e+04	5.712920e+04	3.039854e+02	3.616830e+01	2024	4	14	0
	969	310	62.250000	-12.375000	1.004323e+05	1.542559e+01	1.084885e+05	1.082397e+05	5.797050e+04	5.740281e+04	3.037499e+02	3.604446e+01	2024	4	14	6
	965	310	61.250000	-12.375000	1.000753e+05	1.610581e+01	1.083015e+05	1.080962e+05	5.773364e+04	5.705863e+04	3.036104e+02	3.804169e+01	2024	4	14	12
	963	308	60.750000	-12.875000	1.002646e+05	1.733120e+01	1.085205e+05	1.079953e+05	5.793559e+04	5.713345e+04	3.033932e+02	4.438079e+01	2024	4	14	18
	959	308	59.750000	-12.875000	9.984171e+04	1.834362e+01	1.082515e+05	1.077715e+05	5.767303e+04	5.680691e+04	3.033011e+02	4.490926e+01	2024	4	15	0
	957	309	59.250000	-12.625000	1.000508e+05	1.903988e+01	1.085291e+05	1.080169e+05	5.788496e+04	5.698868e+04	3.033641e+02	4.184932e+01	2024	4	15	6
	954	306	58.500000	-13.375000	9.961995e+04	2.007400e+01	1.082809e+05	1.076576e+05	5.765134e+04	5.659659e+04	3.031380e+02	3.711290e+01	2024	4	15	12
	951	305	57.750000	-13.625000	9.972748e+04	1.996975e+01	1.084984e+05	1.078247e+05	5.784526e+04	5.676081e+04	3.030674e+02	4.492217e+01	2024	4	15	18
	948	302	57.000000	-14.375000	9.936289e+04	2.213998e+01	1.082148e+05	1.075399e+05	5.758370e+04	5.641698e+04	3.028694e+02	4.318621e+01	2024	4	16	0
	945	300	56.250000	-14.875000	9.953395e+04	2.363454e+01	1.084438e+05	1.077911e+05	5.779616e+04	5.654352e+04	3.028506e+02	4.393739e+01	2024	4	16	6
	941	299	55.250000	-15.125000	9.916960e+04	2.378026e+01	1.081894e+05	1.074990e+05	5.753808e+04	5.627891e+04	3.028936e+02	4.776733e+01	2024	4	16	12
	940	298	55.000000	-15.375000	9.938828e+04	2.297440e+01	1.083994e+05	1.077227e+05	5.774139e+04	5.657257e+04	3.027869e+02	5.497214e+01	2024	4	16	18
	938	299	54.500000	-15.125000	9.907559e+04	2.298449e+01	1.080855e+05	1.075485e+05	5.748484e+04	5.629252e+04	3.028291e+02	4.379499e+01	2024	4	17	0
	937	296	54.250000	-15.875000	9.928454e+04	2.344632e+01	1.083552e+05	1.078166e+05	5.775509e+04	5.651852e+04	3.024925e+02	3.778068e+01	2024	4	17	6
	938	294	54.500000	-16.375000	9.884309e+04	2.516582e+01	1.081404e+05	1.076500e+05	5.752641e+04	5.626482e+04	3.022411e+02	3.618311e+01	2024	4	17	12
	938	294	54.500000	-16.375000	9.928758e+04	2.121871e+01	1.084300e+05	1.078941e+05	5.780569e+04	5.679024e+04	3.020956e+02	3.859159e+01	2024	4	17	18
	937	295	54.250000	-16.125000	9.890049e+04	2.484874e+01	1.081817e+05	1.076465e+05	5.761524e+04	5.642076e+04	3.019283e+02	3.040280e+01	2024	4	18	0
	936	294	54.000000	-16.375000	9.916012e+04	2.551204e+01	1.084137e+05	1.079132e+05	5.788699e+04	5.669626e+04	3.017800e+02	2.727674e+01	2024	4	18	6
	936	295	54.000000	-16.125000	9.886973e+04	2.489618e+01	1.082340e+05	1.076154e+05	5.770142e+04	5.652019e+04	3.017348e+02	3.061750e+01	2024	4	18	12
	934	295	53.500000	-16.125000	9.895373e+04	2.758858e+01	1.084004e+05	1.078129e+05	5.787058e+04	5.655061e+04	3.016002e+02	2.881616e+01	2024	4	18	18
	932	297	53.000000	-15.625000	9.906956e+04	2.214834e+01	1.081369e+05	1.078336e+05	5.765575e+04	5.700125e+04	3.017467e+02	1.952039e+01	2024	4	19	0
	931	298	52.750000	-15.375000	9.964945e+04	1.939407e+01	1.084688e+05	1.081505e+05	5.799667e+04	5.739841e+04	3.017496e+02	1.990919e+01	2024	4	19	6
	929	298	52.250000	-15.375000	9.955327e+04	1.923108e+01	1.083465e+05	1.080228e+05	5.778302e+04	5.724895e+04	9.999000e+03	2.902937e+01	2024	4	19	12
	930	298	52.500000	-15.375000	9.982602e+04	2.202693e+01	1.085313e+05	1.080474e+05	5.792739e+04	5.722517e+04	3.016426e+02	3.342749e+01	2024	4	19	18
	929	297	52.250000	-15.625000	9.961973e+04	2.155757e+01	1.080910e+05	1.077977e+05	5.765662e+04	5.708080e+04	9.999000e+03	2.381526e+01	2024	4	20	0
start	28	2024	4	24	6
	1094	321	93.500000	-9.625000	1.005676e+05	1.100021e+01	1.084644e+05	1.082888e+05	5.783825e+04	5.748077e+04	3.043797e+02	3.465553e+01	2024	4	24	6
	1096	318	94.000000	-10.375000	1.004967e+05	1.070350e+01	1.084928e+05	1.082721e+05	5.788323e+04	5.740565e+04	3.042348e+02	3.497095e+01	2024	4	24	12
	1096	317	94.000000	-10.625000	1.005725e+05	1.142354e+01	1.085920e+05	1.083893e+05	5.796872e+04	5.758755e+04	3.041304e+02	3.697363e+01	2024	4	24	18
	1089	315	92.250000	-11.125000	1.004121e+05	1.640561e+01	1.084499e+05	1.082401e+05	5.776386e+04	5.747006e+04	3.034649e+02	2.479792e+01	2024	4	25	0
	1094	317	93.500000	-10.625000	1.004284e+05	1.294535e+01	1.085113e+05	1.083558e+05	5.787484e+04	5.752531e+04	3.039691e+02	3.364407e+01	2024	4	25	6
	1093	316	93.250000	-10.875000	1.003135e+05	1.256453e+01	1.084696e+05	1.082714e+05	5.783756e+04	5.745810e+04	3.038120e+02	3.560157e+01	2024	4	25	12
	1091	314	92.750000	-11.375000	1.003605e+05	1.760028e+01	1.085410e+05	1.083456e+05	5.785669e+04	5.748528e+04	3.033440e+02	3.846611e+01	2024	4	25	18
	1090	316	92.500000	-10.875000	1.001616e+05	1.829734e+01	1.084155e+05	1.082271e+05	5.774533e+04	5.734901e+04	3.032691e+02	3.544652e+01	2024	4	26	0
	1091	316	92.750000	-10.875000	1.001244e+05	1.901903e+01	1.084755e+05	1.082282e+05	5.774619e+04	5.733143e+04	3.033156e+02	3.376450e+01	2024	4	26	6
	1090	313	92.500000	-11.625000	1.000344e+05	2.037682e+01	1.084243e+05	1.081693e+05	5.768235e+04	5.724466e+04	3.032553e+02	2.952195e+01	2024	4	26	12
	1083	317	90.750000	-10.625000	1.001536e+05	1.618816e+01	1.084509e+05	1.082336e+05	5.778300e+04	5.723838e+04	3.029868e+02	1.735648e+01	2024	4	26	18
	1088	318	92.000000	-10.375000	9.999372e+04	1.411344e+01	1.083458e+05	1.080897e+05	5.764544e+04	5.712720e+04	3.028745e+02	1.844610e+01	2024	4	27	0
	1090	314	92.500000	-11.375000	1.000527e+05	1.394263e+01	1.083907e+05	1.081549e+05	5.768596e+04	5.720298e+04	3.032816e+02	2.652839e+01	2024	4	27	6
	1087	312	91.750000	-11.875000	9.991235e+04	1.550568e+01	1.083517e+05	1.080741e+05	5.765341e+04	5.718539e+04	3.030517e+02	2.286740e+01	2024	4	27	12
	1087	312	91.750000	-11.875000	1.000265e+05	1.754698e+01	1.084470e+05	1.081928e+05	5.770673e+04	5.728071e+04	3.027396e+02	2.395524e+01	2024	4	27	18
	1087	310	91.750000	-12.375000	9.987591e+04	1.824415e+01	1.082412e+05	1.080122e+05	5.754215e+04	5.714076e+04	3.024785e+02	1.597538e+01	2024	4	28	0
	1085	309	91.250000	-12.625000	9.997962e+04	1.641973e+01	1.083330e+05	1.081316e+05	5.764569e+04	5.723559e+04	3.023474e+02	1.820639e+01	2024	4	28	6
	1082	310	90.500000	-12.375000	9.995858e+04	1.480708e+01	1.083275e+05	1.080346e+05	5.765020e+04	5.720179e+04	3.017918e+02	1.665265e+01	2024	4	28	12
	1082	307	90.500000	-13.125000	1.001319e+05	1.648453e+01	1.083420e+05	1.081035e+05	5.773817e+04	5.732643e+04	3.013764e+02	1.992409e+01	2024	4	28	18
	1076	305	89.000000	-13.625000	1.000122e+05	1.715005e+01	1.082692e+05	1.079516e+05	5.758845e+04	5.721593e+04	3.011077e+02	1.805327e+01	2024	4	29	0
	1076	303	89.000000	-14.125000	1.001874e+05	1.815334e+01	1.084000e+05	1.081074e+05	5.768596e+04	5.738882e+04	3.014449e+02	1.859388e+01	2024	4	29	6
	1072	302	88.000000	-14.375000	1.000945e+05	2.096318e+01	1.083445e+05	1.080469e+05	5.763811e+04	5.729973e+04	3.014706e+02	2.237441e+01	2024	4	29	12
	1067	301	86.750000	-14.625000	1.001116e+05	1.742560e+01	1.083523e+05	1.080248e+05	5.769354e+04	5.730338e+04	3.011189e+02	1.839912e+01	2024	4	29	18
	1064	302	86.000000	-14.375000	9.999652e+04	1.721555e+01	1.082249e+05	1.078003e+05	5.759915e+04	5.731982e+04	3.012831e+02	1.330168e+01	2024	4	30	0
	1063	301	85.750000	-14.625000	1.001615e+05	1.500327e+01	1.083381e+05	1.079269e+05	5.773809e+04	5.747079e+04	3.013867e+02	1.451091e+01	2024	4	30	6
	1062	298	85.500000	-15.375000	1.001292e+05	1.689727e+01	1.083132e+05	1.077708e+05	5.768778e+04	5.744106e+04	3.011887e+02	1.719320e+01	2024	4	30	12
	1060	293	85.000000	-16.625000	1.001932e+05	1.913084e+01	1.083761e+05	1.076162e+05	5.773864e+04	5.743343e+04	3.008946e+02	2.409866e+01	2024	4	30	18
	1058	288	84.500000	-17.875000	9.998056e+04	2.217085e+01	1.082688e+05	1.074101e+05	5.762826e+04	5.721976e+04	3.006952e+02	2.752436e+01	2024	5	1	0
start	49	2024	4	26	18
	1183	308	115.750000	-12.875000	1.004077e+05	1.220691e+01	1.085151e+05	1.083517e+05	5.782692e+04	5.762312e+04	3.038913e+02	1.995213e+01	2024	4	26	18
	1179	308	114.750000	-12.875000	1.005708e+05	1.241553e+01	1.085886e+05	1.083988e+05	5.794554e+04	5.764694e+04	3.037715e+02	2.193223e+01	2024	4	27	0
	1175	309	113.750000	-12.625000	1.003423e+05	1.297537e+01	1.083902e+05	1.082228e+05	5.780701e+04	5.738749e+04	3.037865e+02	1.297438e+01	2024	4	27	6
	1172	306	113.000000	-13.375000	1.004790e+05	1.298988e+01	1.085358e+05	1.083248e+05	5.791585e+04	5.754274e+04	3.037766e+02	1.945208e+01	2024	4	27	12
	1171	306	112.750000	-13.375000	1.004276e+05	1.332722e+01	1.085145e+05	1.083028e+05	5.780200e+04	5.741177e+04	3.036433e+02	2.818779e+01	2024	4	27	18
	1166	305	111.500000	-13.625000	1.004384e+05	1.372259e+01	1.085200e+05	1.082626e+05	5.790976e+04	5.736886e+04	3.036074e+02	1.758346e+01	2024	4	28	0
	1166	306	111.500000	-13.375000	1.002901e+05	1.340911e+01	1.083966e+05	1.081857e+05	5.782073e+04	5.724800e+04	3.035392e+02	1.713140e+01	2024	4	28	6
	1164	306	111.000000	-13.375000	1.003836e+05	1.384198e+01	1.085755e+05	1.083516e+05	5.792047e+04	5.733522e+04	3.035336e+02	2.584318e+01	2024	4	28	12
	1162	304	110.500000	-13.875000	1.002440e+05	1.611710e+01	1.085699e+05	1.083330e+05	5.786523e+04	5.728252e+04	3.034937e+02	2.662665e+01	2024	4	28	18
	1161	305	110.250000	-13.625000	1.001902e+05	1.675894e+01	1.085757e+05	1.082800e+05	5.789475e+04	5.719243e+04	3.034171e+02	2.212617e+01	2024	4	29	0
	1160	304	110.000000	-13.875000	9.988482e+04	1.715881e+01	1.084621e+05	1.081426e+05	5.779620e+04	5.710302e+04	3.034355e+02	2.446141e+01	2024	4	29	6
	1159	303	109.750000	-14.125000	9.994362e+04	1.802761e+01	1.085327e+05	1.082492e+05	5.788525e+04	5.719890e+04	3.033846e+02	2.466207e+01	2024	4	29	12
	1158	303	109.500000	-14.125000	9.978424e+04	1.874743e+01	1.084499e+05	1.082002e+05	5.785997e+04	5.717043e+04	3.032995e+02	2.721725e+01	2024	4	29	18
	1158	303	109.500000	-14.125000	9.984645e+04	1.939104e+01	1.085230e+05	1.082261e+05	5.786714e+04	5.720775e+04	3.032695e+02	2.822680e+01	2024	4	30	0
	1156	302	109.000000	-14.375000	9.963608e+04	2.015810e+01	1.084358e+05	1.082211e+05	5.778296e+04	5.707704e+04	3.032722e+02	3.002506e+01	2024	4	30	6
	1155	302	108.750000	-14.375000	9.968290e+04	2.257125e+01	1.085552e+05	1.083026e+05	5.786871e+04	5.715147e+04	3.032338e+02	2.639300e+01	2024	4	30	12
	1153	303	108.250000	-14.125000	9.960893e+04	2.237192e+01	1.084386e+05	1.082045e+05	5.781145e+04	5.717896e+04	3.032894e+02	2.364965e+01	2024	4	30	18
	1150	304	107.500000	-13.875000	9.967303e+04	2.271981e+01	1.085163e+05	1.082445e+05	5.783923e+04	5.725695e+04	3.033756e+02	2.364961e+01	2024	5	1	0
	1147	305	106.750000	-13.625000	9.951368e+04	2.357762e+01	1.084404e+05	1.082379e+05	5.779847e+04	5.724624e+04	3.036926e+02	1.705902e+01	2024	5	1	6
	1144	306	106.000000	-13.375000	9.978391e+04	2.068266e+01	1.085794e+05	1.083817e+05	5.787160e+04	5.759724e+04	3.037737e+02	1.770191e+01	2024	5	1	12
	1141	308	105.250000	-12.875000	9.983555e+04	1.820061e+01	1.085227e+05	1.083120e+05	5.786683e+04	5.755176e+04	3.037528e+02	2.925218e+01	2024	5	1	18
	1140	309	105.000000	-12.625000	9.982194e+04	1.868636e+01	1.085385e+05	1.083159e+05	5.783723e+04	5.742388e+04	3.037041e+02	2.738884e+01	2024	5	2	0
	1138	310	104.500000	-12.375000	9.972075e+04	1.931021e+01	1.084570e+05	1.081744e+05	5.783109e+04	5.718616e+04	3.036918e+02	2.052716e+01	2024	5	2	6
	1136	310	104.000000	-12.375000	9.986130e+04	2.025069e+01	1.085729e+05	1.082884e+05	5.787558e+04	5.730347e+04	3.036477e+02	2.506322e+01	2024	5	2	12
	1134	310	103.500000	-12.375000	9.983076e+04	1.882537e+01	1.085435e+05	1.082229e+05	5.787468e+04	5.715779e+04	3.035451e+02	3.458424e+01	2024	5	2	18
	1133	311	103.250000	-12.125000	9.976725e+04	1.815265e+01	1.084671e+05	1.079707e+05	5.778499e+04	5.710200e+04	3.034681e+02	2.994670e+01	2024	5	3	0
	1132	310	103.000000	-12.375000	9.953375e+04	1.961311e+01	1.084122e+05	1.079589e+05	5.775170e+04	5.685468e+04	3.033573e+02	3.136615e+01	2024	5	3	6
	1130	309	102.500000	-12.625000	9.945767e+04	2.078992e+01	1.084834e+05	1.080001e+05	5.781079e+04	5.680700e+04	3.030368e+02	2.992503e+01	2024	5	3	12
	1126	307	101.500000	-13.125000	9.955236e+04	1.992146e+01	1.084107e+05	1.079735e+05	5.782909e+04	5.682966e+04	3.026383e+02	3.124436e+01	2024	5	3	18
	1123	308	100.750000	-12.875000	9.941499e+04	1.986211e+01	1.083651e+05	1.080297e+05	5.776315e+04	5.670829e+04	3.027126e+02	2.925003e+01	2024	5	4	0
	1122	308	100.500000	-12.875000	9.925555e+04	2.075410e+01	1.083414e+05	1.078247e+05	5.775348e+04	5.658863e+04	3.026652e+02	3.239479e+01	2024	5	4	6
	1119	308	99.750000	-12.875000	9.919766e+04	2.196809e+01	1.083242e+05	1.077745e+05	5.781596e+04	5.651601e+04	3.026203e+02	3.078363e+01	2024	5	4	12
	1117	308	99.250000	-12.875000	9.916090e+04	2.223332e+01	1.083349e+05	1.078181e+05	5.780053e+04	5.656055e+04	3.024468e+02	3.312112e+01	2024	5	4	18
	1116	307	99.000000	-13.125000	9.916248e+04	2.335639e+01	1.082423e+05	1.078325e+05	5.775418e+04	5.658650e+04	3.022356e+02	3.124209e+01	2024	5	5	0
	1114	308	98.500000	-12.875000	9.906352e+04	2.296309e+01	1.082368e+05	1.077882e+05	5.775350e+04	5.660203e+04	3.023015e+02	3.261557e+01	2024	5	5	6
	1114	308	98.500000	-12.875000	9.896636e+04	2.417286e+01	1.081754e+05	1.077391e+05	5.772903e+04	5.664460e+04	3.022162e+02	3.187406e+01	2024	5	5	12
	1114	307	98.500000	-13.125000	9.856685e+04	2.680743e+01	1.082071e+05	1.076124e+05	5.774253e+04	5.630392e+04	3.019689e+02	3.200610e+01	2024	5	5	18
	1113	306	98.250000	-13.375000	9.835338e+04	2.699026e+01	1.081166e+05	1.074589e+05	5.766841e+04	5.620600e+04	3.016913e+02	2.711459e+01	2024	5	6	0
	1114	304	98.500000	-13.875000	9.803225e+04	2.899749e+01	1.081393e+05	1.073277e+05	5.771100e+04	5.579004e+04	3.013344e+02	2.654957e+01	2024	5	6	6
	1113	302	98.250000	-14.375000	9.842415e+04	2.582911e+01	1.081151e+05	1.074820e+05	5.767866e+04	5.615975e+04	3.013013e+02	2.627851e+01	2024	5	6	12
	1112	301	98.000000	-14.625000	9.849137e+04	2.670716e+01	1.082085e+05	1.076225e+05	5.769469e+04	5.622691e+04	3.012151e+02	2.879328e+01	2024	5	6	18
	1113	300	98.250000	-14.875000	9.855846e+04	2.650559e+01	1.080836e+05	1.076251e+05	5.764304e+04	5.638268e+04	3.012081e+02	2.932298e+01	2024	5	7	0
	1114	298	98.500000	-15.375000	9.818709e+04	3.006735e+01	1.080751e+05	1.074766e+05	5.769128e+04	5.608851e+04	3.012358e+02	2.062952e+01	2024	5	7	6
	1115	298	98.750000	-15.375000	9.891251e+04	2.159344e+01	1.081631e+05	1.075600e+05	5.773548e+04	5.671679e+04	3.012278e+02	1.999540e+01	2024	5	7	12
	1117	297	99.250000	-15.625000	9.882720e+04	2.442486e+01	1.082600e+05	1.076496e+05	5.780470e+04	5.662932e+04	3.013717e+02	2.386230e+01	2024	5	7	18
	1118	297	99.500000	-15.625000	9.905557e+04	2.062863e+01	1.081766e+05	1.075482e+05	5.772136e+04	5.701082e+04	3.014475e+02	1.816344e+01	2024	5	8	0
	1119	295	99.750000	-16.125000	9.944432e+04	1.949711e+01	1.081159e+05	1.074357e+05	5.776493e+04	5.728466e+04	3.013929e+02	1.566664e+01	2024	5	8	6
	1120	294	100.000000	-16.375000	9.961366e+04	2.070011e+01	1.082423e+05	1.073031e+05	5.776261e+04	5.721712e+04	3.014702e+02	1.493729e+01	2024	5	8	12
	1120	293	100.000000	-16.625000	9.971052e+04	1.849818e+01	1.082458e+05	1.073028e+05	5.781400e+04	5.744118e+04	3.013854e+02	1.203127e+01	2024	5	8	18
start	10	2024	5	6	0
	1420	322	175.000000	-9.375000	1.001580e+05	1.753439e+01	1.085433e+05	1.082766e+05	5.770280e+04	5.724121e+04	3.035415e+02	3.062363e+01	2024	5	6	0
	1426	316	176.500000	-10.875000	9.998168e+04	1.665631e+01	1.084490e+05	1.081053e+05	5.763475e+04	5.706136e+04	3.033356e+02	2.565190e+01	2024	5	6	6
	1430	311	177.500000	-12.125000	9.985148e+04	1.488363e+01	1.085061e+05	1.081894e+05	5.772565e+04	5.711478e+04	3.027858e+02	3.096498e+01	2024	5	6	12
	1435	310	178.750000	-12.375000	9.976823e+04	1.646683e+01	1.084059e+05	1.079664e+05	5.766982e+04	5.708967e+04	3.026434e+02	2.762262e+01	2024	5	6	18
	0	308	-180.000000	-12.875000	9.979598e+04	1.814878e+01	1.084690e+05	1.080932e+05	5.769819e+04	5.718382e+04	3.025708e+02	2.726524e+01	2024	5	7	0
	5	307	-178.750000	-13.125000	9.974008e+04	1.818066e+01	1.084524e+05	1.081077e+05	5.769277e+04	5.709177e+04	3.023597e+02	2.176103e+01	2024	5	7	6
	11	305	-177.250000	-13.625000	9.980830e+04	1.785550e+01	1.084400e+05	1.080960e+05	5.775761e+04	5.714027e+04	3.021545e+02	1.885354e+01	2024	5	7	12
	19	304	-175.250000	-13.875000	9.978952e+04	1.670096e+01	1.083724e+05	1.078876e+05	5.770833e+04	5.701153e+04	3.021069e+02	2.112524e+01	2024	5	7	18
	28	293	-173.000000	-16.625000	9.965888e+04	1.936883e+01	1.084814e+05	1.076564e+05	5.765016e+04	5.684195e+04	3.016186e+02	2.861542e+01	2024	5	8	0
	32	292	-172.000000	-16.875000	9.939162e+04	2.175116e+01	1.084330e+05	1.075133e+05	5.765805e+04	5.684982e+04	3.015488e+02	2.481208e+01	2024	5	8	6
start	35	2024	7	19	18
	1239	401	129.750000	10.375000	1.003922e+05	1.154757e+01	1.082134e+05	1.080442e+05	5.767745e+04	5.733462e+04	3.035413e+02	2.179628e+01	2024	7	19	18
	1236	404	129.000000	11.125000	1.004736e+05	1.000331e+01	1.083844e+05	1.082087e+05	5.783324e+04	5.746926e+04	3.034714e+02	2.698114e+01	2024	7	20	0
	1234	405	128.500000	11.375000	1.002703e+05	1.082133e+01	1.083925e+05	1.081327e+05	5.778055e+04	5.732471e+04	3.036031e+02	3.232855e+01	2024	7	20	6
	1229	406	127.250000	11.625000	1.004355e+05	1.211107e+01	1.084766e+05	1.082800e+05	5.789759e+04	5.738918e+04	9.999000e+03	2.979905e+01	2024	7	20	12
	1227	408	126.750000	12.125000	1.002546e+05	1.429378e+01	1.083393e+05	1.080315e+05	5.776253e+04	5.722486e+04	9.999000e+03	2.466142e+01	2024	7	20	18
	1221	413	125.250000	13.375000	1.003355e+05	1.360264e+01	1.084161e+05	1.082321e+05	5.788023e+04	5.736095e+04	9.999000e+03	3.248962e+01	2024	7	21	0
	1218	414	124.500000	13.625000	1.001207e+05	1.618931e+01	1.084317e+05	1.081734e+05	5.780997e+04	5.721395e+04	9.999000e+03	3.763311e+01	2024	7	21	6
	1213	418	123.250000	14.625000	1.002239e+05	1.550274e+01	1.086015e+05	1.082616e+05	5.795910e+04	5.729441e+04	9.999000e+03	2.589431e+01	2024	7	21	12
	1208	417	122.000000	14.375000	1.000808e+05	1.473086e+01	1.084798e+05	1.081943e+05	5.785742e+04	5.722691e+04	9.999000e+03	3.625570e+01	2024	7	21	18
	1204	418	121.000000	14.625000	1.002866e+05	1.294126e+01	1.085625e+05	1.082293e+05	5.792138e+04	5.731503e+04	9.999000e+03	4.456791e+01	2024	7	22	0
	1198	425	119.500000	16.375000	1.001067e+05	1.269097e+01	1.085019e+05	1.081335e+05	5.794847e+04	5.723067e+04	9.999000e+03	3.393136e+01	2024	7	22	6
	1198	425	119.500000	16.375000	1.000523e+05	1.593157e+01	1.086084e+05	1.082487e+05	5.796850e+04	5.720173e+04	9.999000e+03	2.924960e+01	2024	7	22	12
	1192	429	118.000000	17.375000	9.991992e+04	1.712653e+01	1.085032e+05	1.080978e+05	5.784998e+04	5.710625e+04	9.999000e+03	2.949193e+01	2024	7	22	18
	1188	430	117.000000	17.625000	9.993713e+04	1.551031e+01	1.085207e+05	1.080899e+05	5.791605e+04	5.715230e+04	3.034199e+02	2.823348e+01	2024	7	23	0
	1185	429	116.250000	17.375000	9.962136e+04	1.701376e+01	1.084748e+05	1.080264e+05	5.780943e+04	5.679981e+04	3.034589e+02	2.199515e+01	2024	7	23	6
	1181	428	115.250000	17.125000	9.962733e+04	1.609187e+01	1.085386e+05	1.080356e+05	5.779639e+04	5.682500e+04	3.035722e+02	1.973127e+01	2024	7	23	12
	1180	429	115.000000	17.375000	9.945491e+04	1.502031e+01	1.083791e+05	1.080873e+05	5.768465e+04	5.678327e+04	3.034467e+02	3.736116e+01	2024	7	23	18
	1178	430	114.500000	17.625000	9.938753e+04	1.509822e+01	1.084130e+05	1.080565e+05	5.764238e+04	5.674557e+04	3.034261e+02	3.109925e+01	2024	7	24	0
	1176	430	114.000000	17.625000	9.913588e+04	1.533165e+01	1.083785e+05	1.079959e+05	5.758313e+04	5.656846e+04	3.034823e+02	2.063880e+01	2024	7	24	6
	1175	430	113.750000	17.625000	9.898611e+04	1.702428e+01	1.083988e+05	1.080200e+05	5.758371e+04	5.655776e+04	3.034440e+02	2.868306e+01	2024	7	24	12
	1173	431	113.250000	17.875000	9.884622e+04	1.791077e+01	1.082843e+05	1.079011e+05	5.749665e+04	5.642601e+04	3.034535e+02	3.733631e+01	2024	7	24	18
	1172	431	113.000000	17.875000	9.865394e+04	1.970727e+01	1.083434e+05	1.078058e+05	5.742188e+04	5.630214e+04	3.034204e+02	3.241130e+01	2024	7	25	0
	1169	432	112.250000	18.125000	9.848138e+04	2.031269e+01	1.083415e+05	1.076319e+05	5.738501e+04	5.613705e+04	9.999000e+03	2.858930e+01	2024	7	25	6
	1168	432	112.000000	18.125000	9.839502e+04	2.132182e+01	1.083988e+05	1.076129e+05	5.743653e+04	5.608463e+04	9.999000e+03	3.145755e+01	2024	7	25	12
	1165	433	111.250000	18.375000	9.813877e+04	2.407168e+01	1.083444e+05	1.076161e+05	5.742646e+04	5.601988e+04	9.999000e+03	4.009065e+01	2024	7	25	18
	1162	434	110.500000	18.625000	9.828160e+04	2.596499e+01	1.084533e+05	1.075217e+05	5.749907e+04	5.590439e+04	9.999000e+03	3.753661e+01	2024	7	26	0
	1157	434	109.250000	18.625000	9.850998e+04	2.358017e+01	1.084387e+05	1.074919e+05	5.749574e+04	5.592088e+04	9.999000e+03	3.245671e+01	2024	7	26	6
	1154	436	108.500000	19.125000	9.846116e+04	2.126914e+01	1.085229e+05	1.075802e+05	5.756032e+04	5.607131e+04	9.999000e+03	3.872321e+01	2024	7	26	12
	1151	437	107.750000	19.375000	9.853784e+04	2.260611e+01	1.084736e+05	1.076346e+05	5.760538e+04	5.614159e+04	9.999000e+03	4.348758e+01	2024	7	26	18
	1148	438	107.000000	19.625000	9.836463e+04	2.596221e+01	1.084937e+05	1.077475e+05	5.760024e+04	5.608529e+04	9.999000e+03	3.769800e+01	2024	7	27	0
	1146	440	106.500000	20.125000	9.838433e+04	2.510484e+01	1.085146e+05	1.077735e+05	5.766626e+04	5.622002e+04	9.999000e+03	2.920300e+01	2024	7	27	6
	1144	442	106.000000	20.625000	9.875641e+04	1.848377e+01	1.086751e+05	1.079560e+05	5.767343e+04	5.648086e+04	9.999000e+03	2.837062e+01	2024	7	27	12
	1142	445	105.500000	21.375000	9.933440e+04	1.460025e+01	1.085518e+05	1.081014e+05	5.767549e+04	5.678857e+04	9.999000e+03	2.510661e+01	2024	7	27	18
	1140	446	105.000000	21.625000	9.984931e+04	9.696088e+00	1.085466e+05	1.082115e+05	5.766753e+04	5.696812e+04	9.999000e+03	1.901317e+01	2024	7	28	0
	1140	447	105.000000	21.875000	1.000457e+05	5.491834e+00	1.086725e+05	1.084350e+05	5.772399e+04	5.722673e+04	9.999000e+03	1.540251e+01	2024	7	28	6
start	43	2024	7	26	18
	1317	410	149.250000	12.625000	1.003848e+05	1.347312e+01	1.085058e+05	1.082732e+05	5.780714e+04	5.737543e+04	3.034738e+02	2.475810e+01	2024	7	26	18
	1312	411	148.000000	12.875000	1.004957e+05	1.263623e+01	1.085970e+05	1.084580e+05	5.796761e+04	5.745013e+04	3.033994e+02	2.061126e+01	2024	7	27	0
	1310	414	147.500000	13.625000	1.002229e+05	1.269987e+01	1.085075e+05	1.083080e+05	5.784330e+04	5.724010e+04	3.033256e+02	2.761794e+01	2024	7	27	6
	1306	416	146.500000	14.125000	1.003477e+05	1.516913e+01	1.086583e+05	1.084327e+05	5.794593e+04	5.741201e+04	9.999000e+03	3.178567e+01	2024	7	27	12
	1303	417	145.750000	14.375000	9.996752e+04	1.700287e+01	1.084868e+05	1.081644e+05	5.773262e+04	5.705221e+04	9.999000e+03	2.535040e+01	2024	7	27	18
	1300	418	145.000000	14.625000	1.000269e+05	1.794531e+01	1.085689e+05	1.083446e+05	5.783887e+04	5.709742e+04	9.999000e+03	3.445821e+01	2024	7	28	0
	1297	420	144.250000	15.125000	9.974848e+04	1.670187e+01	1.084460e+05	1.078578e+05	5.767276e+04	5.666359e+04	9.999000e+03	2.759229e+01	2024	7	28	6
	1295	422	143.750000	15.625000	9.988966e+04	1.830843e+01	1.086092e+05	1.081339e+05	5.783258e+04	5.693663e+04	3.034434e+02	2.218365e+01	2024	7	28	12
	1292	424	143.000000	16.125000	9.958500e+04	1.620894e+01	1.083755e+05	1.079554e+05	5.762791e+04	5.677308e+04	3.035369e+02	2.284347e+01	2024	7	28	18
	1290	426	142.500000	16.625000	9.964175e+04	1.852378e+01	1.085134e+05	1.080836e+05	5.772515e+04	5.687439e+04	3.035289e+02	3.348686e+01	2024	7	29	0
	1289	428	142.250000	17.125000	9.929543e+04	1.898755e+01	1.083753e+05	1.078298e+05	5.758809e+04	5.641840e+04	3.035505e+02	3.384041e+01	2024	7	29	6
	1288	430	142.000000	17.625000	9.935649e+04	1.936811e+01	1.085177e+05	1.077092e+05	5.773958e+04	5.641299e+04	3.035145e+02	2.977588e+01	2024	7	29	12
	1285	433	141.250000	18.375000	9.903905e+04	1.970362e+01	1.082895e+05	1.077023e+05	5.755332e+04	5.632402e+04	3.034884e+02	3.287310e+01	2024	7	29	18
	1284	435	141.000000	18.875000	9.913502e+04	2.008149e+01	1.084830e+05	1.078028e+05	5.763240e+04	5.647747e+04	3.034437e+02	4.164695e+01	2024	7	30	0
	1283	437	140.750000	19.375000	9.888256e+04	1.915896e+01	1.083067e+05	1.075479e+05	5.747385e+04	5.615570e+04	3.034137e+02	3.754855e+01	2024	7	30	6
	1282	440	140.500000	20.125000	9.892372e+04	1.992402e+01	1.084611e+05	1.076385e+05	5.760582e+04	5.630118e+04	3.033108e+02	3.109429e+01	2024	7	30	12
	1279	442	139.750000	20.625000	9.866216e+04	2.082826e+01	1.082245e+05	1.076202e+05	5.737864e+04	5.624777e+04	3.033748e+02	3.180748e+01	2024	7	30	18
	1277	444	139.250000	21.125000	9.880560e+04	2.041697e+01	1.083808e+05	1.076620e+05	5.749809e+04	5.631488e+04	3.033293e+02	2.998833e+01	2024	7	31	0
	1273	445	138.250000	21.375000	9.856433e+04	1.998832e+01	1.082583e+05	1.076421e+05	5.737139e+04	5.620971e+04	3.035039e+02	2.523954e+01	2024	7	31	6
	1271	445	137.750000	21.375000	9.867609e+04	2.071473e+01	1.084337e+05	1.077698e+05	5.750156e+04	5.639046e+04	3.034723e+02	1.955361e+01	2024	7	31	12
	1267	446	136.750000	21.625000	9.841610e+04	1.940302e+01	1.083107e+05	1.077344e+05	5.735541e+04	5.618160e+04	3.034514e+02	2.113532e+01	2024	7	31	18
	1265	448	136.250000	22.125000	9.851973e+04	1.853885e+01	1.084458e+05	1.078948e+05	5.746570e+04	5.630569e+04	3.033976e+02	2.334963e+01	2024	8	1	0
	1262	450	135.500000	22.625000	9.836410e+04	1.899112e+01	1.083796e+05	1.076148e+05	5.740074e+04	5.614415e+04	3.033939e+02	1.941754e+01	2024	8	1	6
	1258	451	134.500000	22.875000	9.841613e+04	2.048013e+01	1.085063e+05	1.076899e+05	5.752662e+04	5.625577e+04	3.031664e+02	1.534854e+01	2024	8	1	12
	1254	452	133.500000	23.125000	9.822634e+04	1.916320e+01	1.084048e+05	1.077454e+05	5.741059e+04	5.610533e+04	3.030862e+02	2.320789e+01	2024	8	1	18
	1249	453	132.250000	23.375000	9.825111e+04	1.936692e+01	1.084820e+05	1.074902e+05	5.747179e+04	5.596165e+04	3.030811e+02	2.512556e+01	2024	8	2	0
	1246	455	131.500000	23.875000	9.793893e+04	1.988177e+01	1.083980e+05	1.073036e+05	5.741688e+04	5.562393e+04	3.029751e+02	1.759035e+01	2024	8	2	6
	1241	456	130.250000	24.125000	9.781330e+04	2.035025e+01	1.084499e+05	1.072585e+05	5.751911e+04	5.547591e+04	3.028435e+02	1.827559e+01	2024	8	2	12
	1238	458	129.500000	24.625000	9.771174e+04	2.231552e+01	1.083419e+05	1.073315e+05	5.740577e+04	5.549752e+04	3.026739e+02	2.704286e+01	2024	8	2	18
	1236	460	129.000000	25.125000	9.783888e+04	2.153313e+01	1.084023e+05	1.074772e+05	5.745657e+04	5.566141e+04	9.999000e+03	2.105179e+01	2024	8	3	0
	1233	462	128.250000	25.625000	9.761956e+04	2.220574e+01	1.082970e+05	1.074349e+05	5.741772e+04	5.553761e+04	9.999000e+03	1.945851e+01	2024	8	3	6
	1231	464	127.750000	26.125000	9.760451e+04	2.424300e+01	1.084336e+05	1.076309e+05	5.754062e+04	5.555546e+04	9.999000e+03	2.589176e+01	2024	8	3	12
	1229	467	127.250000	26.875000	9.754431e+04	2.430273e+01	1.083370e+05	1.075142e+05	5.739458e+04	5.550159e+04	9.999000e+03	2.422330e+01	2024	8	3	18
	1226	471	126.500000	27.875000	9.738994e+04	2.567166e+01	1.083357e+05	1.074817e+05	5.743117e+04	5.545446e+04	9.999000e+03	1.981697e+01	2024	8	4	0
	1225	472	126.250000	28.125000	9.734392e+04	2.503611e+01	1.083234e+05	1.073606e+05	5.735736e+04	5.539414e+04	3.025763e+02	1.827502e+01	2024	8	4	6
	1224	476	126.000000	29.125000	9.738908e+04	2.571251e+01	1.084707e+05	1.076022e+05	5.750634e+04	5.545071e+04	3.024007e+02	2.200694e+01	2024	8	4	12
	1224	480	126.000000	30.125000	9.717694e+04	2.772281e+01	1.083584e+05	1.075686e+05	5.742405e+04	5.532136e+04	3.022803e+02	2.752946e+01	2024	8	4	18
	1226	487	126.500000	31.875000	9.717112e+04	3.077284e+01	1.084497e+05	1.075949e+05	5.756850e+04	5.543047e+04	9.999000e+03	3.575869e+01	2024	8	5	0
	1228	494	127.000000	33.625000	9.723345e+04	3.076079e+01	1.084729e+05	1.074378e+05	5.759062e+04	5.554356e+04	9.999000e+03	2.945037e+01	2024	8	5	6
	1231	500	127.750000	35.125000	9.816230e+04	2.577624e+01	1.086686e+05	1.071890e+05	5.776525e+04	5.618491e+04	9.999000e+03	2.958039e+01	2024	8	5	12
	1236	512	129.000000	38.125000	9.833024e+04	2.331516e+01	1.084971e+05	1.065616e+05	5.755412e+04	5.631188e+04	9.999000e+03	3.911661e+01	2024	8	5	18
	1238	519	129.500000	39.875000	9.831171e+04	2.095192e+01	1.085316e+05	1.061304e+05	5.750002e+04	5.624568e+04	9.999000e+03	3.397322e+01	2024	8	6	0
	1244	528	131.000000	42.125000	9.851505e+04	1.873853e+01	1.085454e+05	1.059540e+05	5.742582e+04	5.596604e+04	9.999000e+03	3.587339e+01	2024	8	6	6
start	14	2024	8	2	12
	1373	396	163.250000	9.125000	1.003554e+05	1.120725e+01	1.083572e+05	1.080285e+05	5.759400e+04	5.727962e+04	3.030898e+02	2.962881e+01	2024	8	2	12
	1372	394	163.000000	8.625000	1.000428e+05	1.256359e+01	1.081144e+05	1.078022e+05	5.737174e+04	5.700908e+04	3.030979e+02	2.018485e+01	2024	8	2	18
	1376	395	164.000000	8.875000	1.002269e+05	1.307150e+01	1.083317e+05	1.080171e+05	5.756606e+04	5.717386e+04	3.031586e+02	2.938030e+01	2024	8	3	0
	1378	399	164.500000	9.875000	9.996741e+04	1.322733e+01	1.082004e+05	1.078642e+05	5.742933e+04	5.707191e+04	3.031852e+02	3.006801e+01	2024	8	3	6
	1378	407	164.500000	11.875000	1.000902e+05	1.423373e+01	1.083444e+05	1.079640e+05	5.759992e+04	5.717023e+04	3.026880e+02	3.354755e+01	2024	8	3	12
	1378	408	164.500000	12.125000	9.983247e+04	1.358156e+01	1.082130e+05	1.077823e+05	5.740791e+04	5.704808e+04	3.026790e+02	2.316209e+01	2024	8	3	18
	1380	412	165.000000	13.125000	9.999052e+04	1.619731e+01	1.083341e+05	1.078733e+05	5.764621e+04	5.713610e+04	3.026882e+02	2.237880e+01	2024	8	4	0
	1379	416	164.750000	14.125000	9.989181e+04	1.294975e+01	1.082772e+05	1.077588e+05	5.750539e+04	5.712990e+04	3.028119e+02	2.065919e+01	2024	8	4	6
	1379	418	164.750000	14.625000	1.001497e+05	1.456429e+01	1.084971e+05	1.080186e+05	5.769454e+04	5.727169e+04	3.026497e+02	2.360579e+01	2024	8	4	12
	1377	421	164.250000	15.375000	9.998688e+04	1.409814e+01	1.083111e+05	1.079221e+05	5.759734e+04	5.711762e+04	3.026978e+02	1.568662e+01	2024	8	4	18
	1379	423	164.750000	15.875000	1.002577e+05	1.354860e+01	1.085550e+05	1.081974e+05	5.785259e+04	5.745011e+04	3.028276e+02	1.576040e+01	2024	8	5	0
	1377	427	164.250000	16.875000	1.001210e+05	1.452859e+01	1.085165e+05	1.081880e+05	5.771753e+04	5.745015e+04	3.034403e+02	1.503500e+01	2024	8	5	6
	1376	432	164.000000	18.125000	1.003367e+05	1.529085e+01	1.086962e+05	1.083114e+05	5.787561e+04	5.752214e+04	3.033756e+02	1.902253e+01	2024	8	5	12
	1374	436	163.500000	19.125000	1.001407e+05	1.460454e+01	1.085303e+05	1.080609e+05	5.774727e+04	5.741898e+04	3.035245e+02	1.267633e+01	2024	8	5	18
start	33	2024	8	3	18
	1306	413	146.500000	13.375000	9.961238e+04	1.462105e+01	1.080102e+05	1.078385e+05	5.723667e+04	5.686261e+04	9.999000e+03	4.173082e+01	2024	8	3	18
	1312	410	148.000000	12.625000	9.970365e+04	1.662958e+01	1.081761e+05	1.079407e+05	5.743033e+04	5.693206e+04	3.029197e+02	4.685922e+01	2024	8	4	0
	1315	410	148.750000	12.625000	9.938486e+04	1.833542e+01	1.080237e+05	1.077770e+05	5.722108e+04	5.670979e+04	3.029957e+02	3.942041e+01	2024	8	4	6
	1319	414	149.750000	13.625000	9.955382e+04	1.709153e+01	1.082469e+05	1.078730e+05	5.748822e+04	5.690199e+04	3.029092e+02	4.653287e+01	2024	8	4	12
	1320	416	150.000000	14.125000	9.923262e+04	1.529160e+01	1.080865e+05	1.077059e+05	5.728899e+04	5.667966e+04	3.028075e+02	4.417044e+01	2024	8	4	18
	1322	418	150.500000	14.625000	9.939460e+04	1.532907e+01	1.083232e+05	1.078507e+05	5.752906e+04	5.676967e+04	3.028436e+02	4.344798e+01	2024	8	5	0
	1325	420	151.250000	15.125000	9.911055e+04	1.812982e+01	1.082920e+05	1.077694e+05	5.738812e+04	5.656103e+04	3.030530e+02	3.646455e+01	2024	8	5	6
	1329	426	152.250000	16.625000	9.926476e+04	1.851744e+01	1.084930e+05	1.079246e+05	5.764423e+04	5.669319e+04	3.032552e+02	3.814709e+01	2024	8	5	12
	1331	429	152.750000	17.375000	9.885011e+04	2.042935e+01	1.082536e+05	1.076367e+05	5.753696e+04	5.631246e+04	3.032657e+02	3.672274e+01	2024	8	5	18
	1332	432	153.000000	18.125000	9.890716e+04	1.935266e+01	1.085261e+05	1.078040e+05	5.765002e+04	5.657043e+04	3.032971e+02	3.065794e+01	2024	8	6	0
	1336	435	154.000000	18.875000	9.874467e+04	2.004579e+01	1.083956e+05	1.077044e+05	5.752833e+04	5.650018e+04	3.033709e+02	2.592036e+01	2024	8	6	6
	1339	441	154.750000	20.375000	9.892571e+04	1.820948e+01	1.085726e+05	1.079084e+05	5.772500e+04	5.666993e+04	3.034628e+02	2.940035e+01	2024	8	6	12
	1343	445	155.750000	21.375000	9.866822e+04	1.953395e+01	1.083174e+05	1.075600e+05	5.746704e+04	5.642444e+04	3.033751e+02	2.614492e+01	2024	8	6	18
	1348	453	157.000000	23.375000	9.865939e+04	1.942012e+01	1.084800e+05	1.076456e+05	5.753345e+04	5.651991e+04	3.033494e+02	2.545802e+01	2024	8	7	0
	1352	457	158.000000	24.375000	9.836267e+04	1.994118e+01	1.083431e+05	1.075752e+05	5.738287e+04	5.619428e+04	3.033642e+02	2.330679e+01	2024	8	7	6
	1360	462	160.000000	25.625000	9.836421e+04	2.328838e+01	1.084369e+05	1.072278e+05	5.762362e+04	5.632570e+04	3.031046e+02	2.208874e+01	2024	8	7	12
	1369	469	162.250000	27.375000	9.793911e+04	2.261135e+01	1.082686e+05	1.059516e+05	5.729271e+04	5.605804e+04	3.024946e+02	2.730946e+01	2024	8	7	18
	1378	476	164.500000	29.125000	9.757400e+04	2.339872e+01	1.083064e+05	1.052498e+05	5.730023e+04	5.573004e+04	3.004871e+02	3.723886e+01	2024	8	8	0
	1388	484	167.000000	31.125000	9.705977e+04	2.486973e+01	1.080392e+05	1.048688e+05	5.707687e+04	5.528714e+04	2.982856e+02	5.262076e+01	2024	8	8	6
	1394	492	168.500000	33.125000	9.650976e+04	2.788740e+01	1.077302e+05	1.048510e+05	5.679842e+04	5.431651e+04	2.968102e+02	4.050883e+01	2024	8	8	12
	1399	496	169.750000	34.125000	9.594455e+04	2.709721e+01	1.073977e+05	1.042527e+05	5.649891e+04	5.354875e+04	2.952376e+02	1.794628e+01	2024	8	8	18
	1402	499	170.500000	34.875000	9.603348e+04	2.540263e+01	1.071476e+05	1.039078e+05	5.628057e+04	5.336033e+04	2.938444e+02	8.998174e+00	2024	8	9	0
	1410	504	172.500000	36.125000	9.622202e+04	2.288842e+01	1.068244e+05	1.037679e+05	5.618427e+04	5.339332e+04	2.935163e+02	1.068198e+01	2024	8	9	6
	1414	509	173.500000	37.375000	9.658727e+04	2.135706e+01	1.063069e+05	1.037926e+05	5.595300e+04	5.357342e+04	2.927933e+02	9.868405e+00	2024	8	9	12
	1418	514	174.500000	38.625000	9.677739e+04	2.061028e+01	1.057752e+05	1.035519e+05	5.571507e+04	5.352163e+04	2.924654e+02	9.508050e+00	2024	8	9	18
	1421	518	175.250000	39.625000	9.699859e+04	1.940373e+01	1.055034e+05	1.035134e+05	5.583799e+04	5.365068e+04	2.913334e+02	8.169583e+00	2024	8	10	0
	1421	523	175.250000	40.875000	9.709700e+04	1.739458e+01	1.049196e+05	1.035368e+05	5.553457e+04	5.364674e+04	2.899070e+02	7.730551e+00	2024	8	10	6
	1422	525	175.500000	41.375000	9.738846e+04	1.650901e+01	1.045377e+05	1.034744e+05	5.548086e+04	5.375224e+04	2.894132e+02	6.727646e+00	2024	8	10	12
	1423	528	175.750000	42.125000	9.765684e+04	1.583358e+01	1.042941e+05	1.033938e+05	5.534129e+04	5.381980e+04	2.890779e+02	4.108614e+00	2024	8	10	18
	1423	529	175.750000	42.375000	9.797911e+04	1.491881e+01	1.048071e+05	1.035538e+05	5.554256e+04	5.398941e+04	2.889401e+02	2.294599e+00	2024	8	11	0
	1428	530	177.000000	42.625000	9.829241e+04	1.501283e+01	1.054278e+05	1.036519e+05	5.584506e+04	5.413554e+04	2.886953e+02	2.901557e+00	2024	8	11	6
	1433	533	178.250000	43.375000	9.863320e+04	1.486621e+01	1.057178e+05	1.035672e+05	5.600460e+04	5.432068e+04	2.868354e+02	4.015023e+00	2024	8	11	12
	1438	536	179.500000	44.125000	9.886452e+04	1.401249e+01	1.058206e+05	1.034475e+05	5.609219e+04	5.439082e+04	2.864756e+02	2.855855e+00	2024	8	11	18
start	15	2024	8	10	6
	198	416	-130.500000	14.125000	1.006067e+05	1.594204e+01	1.085276e+05	1.083714e+05	5.789701e+04	5.764366e+04	3.017690e+02	2.083339e+01	2024	8	10	6
	195	415	-131.250000	13.875000	1.004235e+05	1.464670e+01	1.083333e+05	1.081152e+05	5.772239e+04	5.750172e+04	3.020599e+02	2.122127e+01	2024	8	10	12
	192	415	-132.000000	13.875000	1.006479e+05	1.298725e+01	1.085396e+05	1.083362e+05	5.785783e+04	5.768785e+04	3.020714e+02	1.992056e+01	2024	8	10	18
	192	417	-132.000000	14.375000	1.003755e+05	1.353194e+01	1.083129e+05	1.081029e+05	5.768509e+04	5.749026e+04	3.021516e+02	1.765260e+01	2024	8	11	0
	191	416	-132.250000	14.125000	1.005305e+05	1.338512e+01	1.084355e+05	1.082381e+05	5.786742e+04	5.761770e+04	3.018169e+02	1.919564e+01	2024	8	11	6
	186	418	-133.500000	14.625000	1.003400e+05	1.297403e+01	1.081897e+05	1.078526e+05	5.761867e+04	5.739353e+04	3.017859e+02	1.799704e+01	2024	8	11	12
	186	419	-133.500000	14.875000	1.005418e+05	1.301360e+01	1.082932e+05	1.078529e+05	5.782115e+04	5.754041e+04	3.017231e+02	1.675198e+01	2024	8	11	18
	185	421	-133.750000	15.375000	1.003443e+05	1.286814e+01	1.081492e+05	1.078256e+05	5.764978e+04	5.736358e+04	3.017002e+02	1.374134e+01	2024	8	12	0
	185	424	-133.750000	16.125000	1.005740e+05	1.371153e+01	1.083371e+05	1.079071e+05	5.786707e+04	5.749679e+04	3.015451e+02	1.313974e+01	2024	8	12	6
	181	426	-134.750000	16.625000	1.003881e+05	1.432850e+01	1.081095e+05	1.077480e+05	5.767688e+04	5.726597e+04	3.010314e+02	1.270152e+01	2024	8	12	12
	180	428	-135.000000	17.125000	1.005813e+05	1.530024e+01	1.082567e+05	1.079339e+05	5.786346e+04	5.736345e+04	3.008701e+02	1.063889e+01	2024	8	12	18
	180	432	-135.000000	18.125000	1.004043e+05	1.519904e+01	1.081583e+05	1.078587e+05	5.779408e+04	5.721672e+04	3.007086e+02	8.857027e+00	2024	8	13	0
	177	435	-135.750000	18.875000	1.006105e+05	1.506137e+01	1.083489e+05	1.080323e+05	5.795969e+04	5.752603e+04	3.003614e+02	8.860486e+00	2024	8	13	6
	175	436	-136.250000	19.125000	1.004435e+05	1.571843e+01	1.081741e+05	1.079052e+05	5.777339e+04	5.741342e+04	2.999400e+02	4.527350e+00	2024	8	13	12
	172	437	-137.000000	19.375000	1.006745e+05	1.457635e+01	1.083161e+05	1.081124e+05	5.794632e+04	5.770635e+04	2.996349e+02	2.682178e+00	2024	8	13	18
start	45	2024	8	13	6
	347	398	-93.250000	9.625000	1.007532e+05	1.383422e+01	1.082380e+05	1.080719e+05	5.776543e+04	5.744758e+04	3.028168e+02	4.082082e+01	2024	8	13	6
	343	401	-94.250000	10.375000	1.005425e+05	1.501236e+01	1.080569e+05	1.078237e+05	5.762766e+04	5.732291e+04	3.030962e+02	4.867593e+01	2024	8	13	12
	337	404	-95.750000	11.125000	1.006574e+05	1.553796e+01	1.082657e+05	1.080355e+05	5.782809e+04	5.742331e+04	3.030488e+02	5.014004e+01	2024	8	13	18
	334	402	-96.500000	10.625000	1.003969e+05	1.536312e+01	1.080705e+05	1.078887e+05	5.762374e+04	5.720583e+04	3.029816e+02	4.248208e+01	2024	8	14	0
	334	405	-96.500000	11.375000	1.004856e+05	1.831471e+01	1.082049e+05	1.080597e+05	5.779501e+04	5.731181e+04	3.032272e+02	3.956812e+01	2024	8	14	6
	330	409	-97.500000	12.375000	1.002132e+05	1.934706e+01	1.080252e+05	1.077076e+05	5.764033e+04	5.698523e+04	3.040435e+02	4.307223e+01	2024	8	14	12
	327	408	-98.250000	12.125000	1.003892e+05	1.863412e+01	1.082273e+05	1.079709e+05	5.780761e+04	5.726139e+04	3.040199e+02	4.176915e+01	2024	8	14	18
	326	410	-98.500000	12.625000	1.001282e+05	1.827892e+01	1.081727e+05	1.078875e+05	5.766084e+04	5.710153e+04	3.040321e+02	3.499245e+01	2024	8	15	0
	325	413	-98.750000	13.375000	1.002951e+05	2.020001e+01	1.082860e+05	1.079992e+05	5.786160e+04	5.729350e+04	3.043272e+02	3.904598e+01	2024	8	15	6
	322	413	-99.500000	13.375000	1.000503e+05	1.883402e+01	1.081097e+05	1.078181e+05	5.767717e+04	5.706378e+04	3.043506e+02	3.419678e+01	2024	8	15	12
	321	414	-99.750000	13.625000	1.001851e+05	1.999183e+01	1.082754e+05	1.079215e+05	5.784597e+04	5.720062e+04	3.044787e+02	3.039935e+01	2024	8	15	18
	320	415	-100.000000	13.875000	9.986934e+04	2.043636e+01	1.081401e+05	1.077199e+05	5.770114e+04	5.698568e+04	3.045042e+02	2.698985e+01	2024	8	16	0
	318	415	-100.500000	13.875000	1.000245e+05	2.104141e+01	1.083375e+05	1.077991e+05	5.786864e+04	5.718023e+04	3.042841e+02	3.409818e+01	2024	8	16	6
	317	416	-100.750000	14.125000	9.966138e+04	2.319721e+01	1.080954e+05	1.077354e+05	5.762628e+04	5.697789e+04	3.041781e+02	2.878346e+01	2024	8	16	12
	315	416	-101.250000	14.125000	9.978830e+04	2.208526e+01	1.082777e+05	1.079374e+05	5.782269e+04	5.719511e+04	3.041504e+02	2.670050e+01	2024	8	16	18
	314	417	-101.500000	14.375000	9.950466e+04	2.423684e+01	1.080763e+05	1.076825e+05	5.765725e+04	5.690359e+04	3.041653e+02	2.583596e+01	2024	8	17	0
	312	418	-102.000000	14.625000	9.908709e+04	2.948582e+01	1.083024e+05	1.073480e+05	5.782677e+04	5.625152e+04	3.041162e+02	3.451691e+01	2024	8	17	6
	310	420	-102.500000	15.125000	9.894362e+04	2.429614e+01	1.080417e+05	1.074286e+05	5.764059e+04	5.620491e+04	3.043822e+02	3.094951e+01	2024	8	17	12
	306	421	-103.500000	15.375000	9.929259e+04	2.379159e+01	1.082701e+05	1.075579e+05	5.784154e+04	5.672136e+04	3.045708e+02	3.390564e+01	2024	8	17	18
	305	422	-103.750000	15.625000	9.903456e+04	2.587228e+01	1.080784e+05	1.074901e+05	5.768112e+04	5.646347e+04	3.045885e+02	2.967967e+01	2024	8	18	0
	304	424	-104.000000	16.125000	9.881188e+04	2.744357e+01	1.082364e+05	1.075199e+05	5.782520e+04	5.631711e+04	3.046180e+02	3.655238e+01	2024	8	18	6
	302	426	-104.500000	16.625000	9.832930e+04	2.818464e+01	1.080178e+05	1.072169e+05	5.765071e+04	5.577682e+04	9.999000e+03	3.405099e+01	2024	8	18	12
	300	427	-105.000000	16.875000	9.863728e+04	2.834277e+01	1.082721e+05	1.076313e+05	5.783912e+04	5.622596e+04	3.046967e+02	3.316870e+01	2024	8	18	18
	300	428	-105.000000	17.125000	9.847761e+04	2.862145e+01	1.081055e+05	1.073421e+05	5.773062e+04	5.594980e+04	9.999000e+03	2.819420e+01	2024	8	19	0
	299	431	-105.250000	17.875000	9.903572e+04	2.705173e+01	1.083389e+05	1.077135e+05	5.787072e+04	5.636264e+04	9.999000e+03	3.430105e+01	2024	8	19	6
	297	434	-105.750000	18.625000	9.888548e+04	2.588323e+01	1.081120e+05	1.075765e+05	5.770559e+04	5.632125e+04	9.999000e+03	2.818596e+01	2024	8	19	12
	295	435	-106.250000	18.875000	9.939205e+04	2.712765e+01	1.083692e+05	1.077404e+05	5.790165e+04	5.670251e+04	9.999000e+03	1.949632e+01	2024	8	19	18
	294	436	-106.500000	19.125000	9.940664e+04	2.504877e+01	1.082089e+05	1.078633e+05	5.779730e+04	5.683187e+04	9.999000e+03	1.397524e+01	2024	8	20	0
	293	436	-106.750000	19.125000	9.967017e+04	2.485239e+01	1.084643e+05	1.080434e+05	5.796855e+04	5.704290e+04	9.999000e+03	1.721974e+01	2024	8	20	6
	292	438	-107.000000	19.625000	9.970379e+04	2.235662e+01	1.082432e+05	1.078738e+05	5.778051e+04	5.699719e+04	9.999000e+03	1.794245e+01	2024	8	20	12
	292	439	-107.000000	19.875000	9.985580e+04	2.384337e+01	1.084142e+05	1.079857e+05	5.799178e+04	5.702229e+04	9.999000e+03	1.513090e+01	2024	8	20	18
	289	441	-107.750000	20.375000	9.970914e+04	2.343551e+01	1.082461e+05	1.078860e+05	5.785131e+04	5.705453e+04	3.049794e+02	7.630352e+00	2024	8	21	0
	288	442	-108.000000	20.625000	9.988405e+04	2.094486e+01	1.083480e+05	1.079636e+05	5.796082e+04	5.729655e+04	3.047762e+02	8.806001e+00	2024	8	21	6
	286	444	-108.500000	21.125000	9.950639e+04	2.341401e+01	1.080994e+05	1.076913e+05	5.775220e+04	5.697040e+04	3.045834e+02	9.487222e+00	2024	8	21	12
	284	445	-109.000000	21.375000	9.977238e+04	2.079552e+01	1.083022e+05	1.078451e+05	5.787270e+04	5.721265e+04	9.999000e+03	8.857209e+00	2024	8	21	18
	283	447	-109.250000	21.875000	9.961595e+04	2.099429e+01	1.081041e+05	1.077398e+05	5.773520e+04	5.707704e+04	9.999000e+03	8.071142e+00	2024	8	22	0
	281	448	-109.750000	22.125000	9.979257e+04	2.013716e+01	1.082839e+05	1.077808e+05	5.783595e+04	5.722888e+04	9.999000e+03	9.937424e+00	2024	8	22	6
	281	450	-109.750000	22.625000	9.972012e+04	1.935759e+01	1.079665e+05	1.074199e+05	5.766745e+04	5.694251e+04	9.999000e+03	8.635689e+00	2024	8	22	12
	277	453	-110.750000	23.375000	1.001668e+05	1.607668e+01	1.081097e+05	1.074791e+05	5.783034e+04	5.717331e+04	9.999000e+03	6.403539e+00	2024	8	22	18
	274	454	-111.500000	23.625000	9.992036e+04	1.571672e+01	1.079343e+05	1.073117e+05	5.767650e+04	5.707462e+04	9.999000e+03	4.881638e+00	2024	8	23	0
	273	454	-111.750000	23.625000	1.001277e+05	1.491368e+01	1.080717e+05	1.074339e+05	5.786786e+04	5.726715e+04	9.999000e+03	5.417841e+00	2024	8	23	6
	272	455	-112.000000	23.875000	9.997241e+04	1.465135e+01	1.078203e+05	1.071441e+05	5.770249e+04	5.709789e+04	9.999000e+03	4.824028e+00	2024	8	23	12
	269	456	-112.750000	24.125000	1.001499e+05	1.603826e+01	1.080382e+05	1.073197e+05	5.786445e+04	5.720780e+04	9.999000e+03	4.389401e+00	2024	8	23	18
	266	457	-113.500000	24.375000	1.000082e+05	1.521808e+01	1.079988e+05	1.071965e+05	5.777333e+04	5.710282e+04	9.999000e+03	4.288349e+00	2024	8	24	0
	265	457	-113.750000	24.375000	1.003677e+05	1.510556e+01	1.080527e+05	1.073608e+05	5.794620e+04	5.739864e+04	9.999000e+03	3.265192e+00	2024	8	24	6
start	21	2024	8	13	18
	254	410	-116.500000	12.625000	1.007035e+05	8.378154e+00	1.084259e+05	1.080560e+05	5.794995e+04	5.749624e+04	3.032473e+02	2.745878e+01	2024	8	13	18
	253	411	-116.750000	12.875000	1.003633e+05	9.824709e+00	1.082804e+05	1.078414e+05	5.778715e+04	5.724035e+04	3.034817e+02	2.965259e+01	2024	8	14	0
	251	409	-117.250000	12.375000	1.005805e+05	1.136582e+01	1.083982e+05	1.080049e+05	5.786846e+04	5.743050e+04	3.031206e+02	3.015406e+01	2024	8	14	6
	243	410	-119.250000	12.625000	1.002721e+05	1.239687e+01	1.080949e+05	1.077157e+05	5.763996e+04	5.712148e+04	3.026898e+02	2.665645e+01	2024	8	14	12
	242	412	-119.500000	13.125000	1.004637e+05	1.498761e+01	1.083077e+05	1.079390e+05	5.785951e+04	5.730578e+04	3.025565e+02	2.090071e+01	2024	8	14	18
	237	413	-120.750000	13.375000	1.001809e+05	1.315686e+01	1.081849e+05	1.077927e+05	5.767133e+04	5.707745e+04	3.023256e+02	1.763224e+01	2024	8	15	0
	235	416	-121.250000	14.125000	1.003997e+05	1.459400e+01	1.083621e+05	1.081018e+05	5.790758e+04	5.731982e+04	3.022278e+02	2.162217e+01	2024	8	15	6
	230	419	-122.500000	14.875000	1.000713e+05	1.689696e+01	1.080948e+05	1.077497e+05	5.768246e+04	5.704221e+04	3.019617e+02	2.002579e+01	2024	8	15	12
	225	421	-123.750000	15.375000	1.002831e+05	1.692037e+01	1.082961e+05	1.080397e+05	5.788979e+04	5.727401e+04	3.017390e+02	1.399811e+01	2024	8	15	18
	221	423	-124.750000	15.875000	1.000332e+05	1.614030e+01	1.081608e+05	1.078878e+05	5.775809e+04	5.713204e+04	3.016127e+02	1.561701e+01	2024	8	16	0
	216	426	-126.000000	16.625000	1.003487e+05	1.605420e+01	1.083925e+05	1.081699e+05	5.800377e+04	5.730438e+04	3.013118e+02	1.708768e+01	2024	8	16	6
	212	428	-127.000000	17.125000	1.000681e+05	1.782586e+01	1.081343e+05	1.079512e+05	5.776679e+04	5.712157e+04	3.011524e+02	1.223035e+01	2024	8	16	12
	208	430	-128.000000	17.625000	1.003372e+05	1.775097e+01	1.083369e+05	1.080996e+05	5.796410e+04	5.734527e+04	3.007978e+02	9.464151e+00	2024	8	16	18
	206	432	-128.500000	18.125000	1.001676e+05	1.666829e+01	1.081827e+05	1.079823e+05	5.783741e+04	5.721691e+04	3.003773e+02	1.235268e+01	2024	8	17	0
	201	435	-129.750000	18.875000	1.004391e+05	1.734933e+01	1.083522e+05	1.081372e+05	5.803827e+04	5.748553e+04	2.998561e+02	1.066025e+01	2024	8	17	6
	196	435	-131.000000	18.875000	1.002424e+05	1.723948e+01	1.081649e+05	1.079105e+05	5.780972e+04	5.736305e+04	3.001004e+02	8.358109e+00	2024	8	17	12
	192	436	-132.000000	19.125000	1.004920e+05	1.762693e+01	1.083634e+05	1.080023e+05	5.793643e+04	5.759501e+04	3.008047e+02	6.890434e+00	2024	8	17	18
	187	437	-133.250000	19.375000	1.002986e+05	1.816016e+01	1.082174e+05	1.078878e+05	5.775242e+04	5.749816e+04	3.006950e+02	1.036310e+01	2024	8	18	0
	182	439	-134.500000	19.875000	1.004998e+05	1.855893e+01	1.083524e+05	1.079242e+05	5.790022e+04	5.756658e+04	3.004847e+02	1.392974e+01	2024	8	18	6
	178	442	-135.500000	20.625000	1.003532e+05	1.782858e+01	1.080498e+05	1.075876e+05	5.768711e+04	5.731516e+04	2.996429e+02	1.211905e+01	2024	8	18	12
	174	444	-136.500000	21.125000	1.005101e+05	1.725763e+01	1.081571e+05	1.075954e+05	5.783207e+04	5.743185e+04	2.990986e+02	8.120194e+00	2024	8	18	18
start	34	2024	8	25	18
	1263	454	135.750000	23.625000	9.911898e+04	1.848100e+01	1.084836e+05	1.081218e+05	5.732904e+04	5.691302e+04	3.032162e+02	1.509171e+01	2024	8	25	18
	1265	452	136.250000	23.125000	9.930339e+04	1.700626e+01	1.087209e+05	1.082849e+05	5.743886e+04	5.703046e+04	3.033697e+02	2.384422e+01	2024	8	26	0
	1267	450	136.750000	22.625000	9.911923e+04	1.833097e+01	1.087080e+05	1.081987e+05	5.734346e+04	5.692078e+04	3.041241e+02	1.812524e+01	2024	8	26	6
	1269	450	137.250000	22.625000	9.924650e+04	1.706555e+01	1.089290e+05	1.083136e+05	5.756697e+04	5.710749e+04	3.037341e+02	1.988657e+01	2024	8	26	12
	1267	448	136.750000	22.125000	9.909527e+04	1.726850e+01	1.087238e+05	1.082113e+05	5.739265e+04	5.701330e+04	3.033655e+02	2.956042e+01	2024	8	26	18
	1269	446	137.250000	21.625000	9.920765e+04	1.571435e+01	1.088432e+05	1.083304e+05	5.763571e+04	5.710898e+04	3.036604e+02	4.079708e+01	2024	8	27	0
	1268	445	137.000000	21.375000	9.888788e+04	1.830211e+01	1.087888e+05	1.081991e+05	5.747595e+04	5.680491e+04	3.036064e+02	3.682476e+01	2024	8	27	6
	1266	446	136.500000	21.625000	9.897927e+04	1.999301e+01	1.089376e+05	1.082406e+05	5.759776e+04	5.679248e+04	3.031265e+02	3.562738e+01	2024	8	27	12
	1266	446	136.500000	21.625000	9.852382e+04	2.070309e+01	1.086602e+05	1.080980e+05	5.740821e+04	5.641891e+04	3.029972e+02	3.451506e+01	2024	8	27	18
	1265	450	136.250000	22.625000	9.863534e+04	1.990118e+01	1.087796e+05	1.082575e+05	5.759878e+04	5.683420e+04	3.032331e+02	2.327915e+01	2024	8	28	0
	1263	452	135.750000	23.125000	9.860068e+04	1.880715e+01	1.086588e+05	1.082178e+05	5.753256e+04	5.680448e+04	3.030506e+02	2.321795e+01	2024	8	28	6
	1263	455	135.750000	23.875000	9.885966e+04	2.045737e+01	1.088210e+05	1.083712e+05	5.767241e+04	5.696704e+04	3.030801e+02	2.280077e+01	2024	8	28	12
	1262	456	135.500000	24.125000	9.874830e+04	2.220110e+01	1.085358e+05	1.081554e+05	5.743656e+04	5.688542e+04	3.029961e+02	2.057393e+01	2024	8	28	18
	1264	459	136.000000	24.875000	9.889886e+04	2.201192e+01	1.085787e+05	1.082591e+05	5.755947e+04	5.693219e+04	3.030016e+02	2.096194e+01	2024	8	29	0
	1264	462	136.000000	25.625000	9.873983e+04	2.198241e+01	1.084276e+05	1.080291e+05	5.741688e+04	5.674238e+04	3.032343e+02	1.975108e+01	2024	8	29	6
	1264	462	136.000000	25.625000	9.880980e+04	2.247449e+01	1.085064e+05	1.080168e+05	5.751352e+04	5.674274e+04	3.030583e+02	1.818810e+01	2024	8	29	12
	1267	465	136.750000	26.375000	9.861635e+04	2.003063e+01	1.082934e+05	1.077926e+05	5.731823e+04	5.652452e+04	3.029942e+02	1.556640e+01	2024	8	29	18
	1266	465	136.500000	26.375000	9.869043e+04	1.907381e+01	1.083842e+05	1.079411e+05	5.738258e+04	5.654241e+04	3.029437e+02	1.429638e+01	2024	8	30	0
	1266	467	136.500000	26.875000	9.851209e+04	1.735730e+01	1.081981e+05	1.077471e+05	5.725043e+04	5.636205e+04	3.030024e+02	1.470548e+01	2024	8	30	6
	1264	463	136.000000	25.875000	9.860088e+04	1.722718e+01	1.083763e+05	1.077647e+05	5.738186e+04	5.637398e+04	3.028654e+02	1.860626e+01	2024	8	30	12
	1267	464	136.750000	26.125000	9.810495e+04	1.922762e+01	1.081528e+05	1.075240e+05	5.716681e+04	5.593546e+04	3.027904e+02	2.059804e+01	2024	8	30	18
	1269	463	137.250000	25.875000	9.802411e+04	2.050590e+01	1.083020e+05	1.073817e+05	5.729595e+04	5.572840e+04	3.027215e+02	2.065633e+01	2024	8	31	0
	1271	464	137.750000	26.125000	9.779128e+04	2.128643e+01	1.082211e+05	1.071521e+05	5.715418e+04	5.545491e+04	3.026794e+02	2.119323e+01	2024	8	31	6
	1274	466	138.500000	26.625000	9.785665e+04	2.053638e+01	1.083843e+05	1.074325e+05	5.736179e+04	5.567049e+04	3.024639e+02	1.950249e+01	2024	8	31	12
	1274	469	138.500000	27.375000	9.763772e+04	2.143173e+01	1.082435e+05	1.073336e+05	5.717428e+04	5.553316e+04	3.023468e+02	2.187371e+01	2024	8	31	18
	1276	470	139.000000	27.625000	9.781823e+04	2.116242e+01	1.084035e+05	1.075561e+05	5.733784e+04	5.573858e+04	3.020360e+02	1.892854e+01	2024	9	1	0
	1275	474	138.750000	28.625000	9.767662e+04	2.225637e+01	1.083325e+05	1.075423e+05	5.724939e+04	5.561791e+04	3.021320e+02	1.927720e+01	2024	9	1	6
	1275	478	138.750000	29.625000	9.774371e+04	2.475164e+01	1.085645e+05	1.077314e+05	5.749088e+04	5.576701e+04	3.020541e+02	2.617011e+01	2024	9	1	12
	1275	482	138.750000	30.625000	9.751212e+04	2.548025e+01	1.083742e+05	1.074627e+05	5.735997e+04	5.562062e+04	3.018517e+02	2.669767e+01	2024	9	1	18
	1276	489	139.000000	32.375000	9.747658e+04	2.593982e+01	1.085199e+05	1.071155e+05	5.756740e+04	5.562546e+04	3.019698e+02	3.176212e+01	2024	9	2	0
	1276	494	139.000000	33.625000	9.733684e+04	2.654213e+01	1.084628e+05	1.064820e+05	5.749346e+04	5.566938e+04	9.999000e+03	3.364879e+01	2024	9	2	6
	1280	502	140.000000	35.625000	9.805480e+04	2.540879e+01	1.086057e+05	1.061033e+05	5.776045e+04	5.603369e+04	9.999000e+03	3.335972e+01	2024	9	2	12
	1286	515	141.500000	38.875000	9.858527e+04	2.652279e+01	1.085325e+05	1.049244e+05	5.776008e+04	5.527274e+04	9.999000e+03	3.071078e+01	2024	9	2	18
	1296	529	144.000000	42.375000	9.923979e+04	2.254759e+01	1.085201e+05	1.042084e+05	5.797470e+04	5.504323e+04	9.999000e+03	1.861634e+01	2024	9	3	0
start	23	2024	9	1	0
	1408	447	172.000000	21.875000	1.002521e+05	1.577216e+01	1.081112e+05	1.079028e+05	5.776320e+04	5.709911e+04	3.026277e+02	2.365578e+01	2024	9	1	0
	1402	446	170.500000	21.625000	1.001647e+05	1.370881e+01	1.080939e+05	1.078770e+05	5.774996e+04	5.705513e+04	3.028197e+02	2.168771e+01	2024	9	1	6
	1397	445	169.250000	21.375000	1.002955e+05	1.311580e+01	1.082292e+05	1.079576e+05	5.785082e+04	5.721661e+04	3.026596e+02	2.266297e+01	2024	9	1	12
	1396	444	169.000000	21.125000	1.000918e+05	1.268417e+01	1.080692e+05	1.078471e+05	5.770664e+04	5.704232e+04	3.025793e+02	2.478166e+01	2024	9	1	18
	1397	442	169.250000	20.625000	1.001309e+05	1.488641e+01	1.082369e+05	1.079472e+05	5.783202e+04	5.715964e+04	3.026901e+02	2.766140e+01	2024	9	2	0
	1395	444	168.750000	21.125000	1.000120e+05	1.599835e+01	1.081954e+05	1.078956e+05	5.777301e+04	5.706923e+04	3.027629e+02	2.932561e+01	2024	9	2	6
	1394	444	168.500000	21.125000	1.001459e+05	1.592222e+01	1.082943e+05	1.078821e+05	5.788358e+04	5.713218e+04	3.025670e+02	3.811642e+01	2024	9	2	12
	1394	444	168.500000	21.125000	9.996521e+04	1.667491e+01	1.081673e+05	1.076768e+05	5.781761e+04	5.705241e+04	3.025177e+02	3.941700e+01	2024	9	2	18
	1394	443	168.500000	20.875000	9.997583e+04	1.663054e+01	1.083184e+05	1.075273e+05	5.797126e+04	5.707636e+04	3.026323e+02	3.919160e+01	2024	9	3	0
	1394	439	168.500000	19.875000	9.969284e+04	2.016360e+01	1.082519e+05	1.074122e+05	5.771324e+04	5.687455e+04	3.025651e+02	3.809659e+01	2024	9	3	6
	1397	437	169.250000	19.375000	9.934914e+04	2.062288e+01	1.083484e+05	1.074255e+05	5.774035e+04	5.674574e+04	3.024296e+02	3.532843e+01	2024	9	3	12
	1398	435	169.500000	18.875000	9.923681e+04	1.997814e+01	1.080845e+05	1.073079e+05	5.755743e+04	5.673160e+04	3.021629e+02	3.345913e+01	2024	9	3	18
	1401	435	170.250000	18.875000	9.911612e+04	2.233784e+01	1.082446e+05	1.077789e+05	5.765150e+04	5.662141e+04	3.020473e+02	3.166029e+01	2024	9	4	0
	1403	435	170.750000	18.875000	9.888427e+04	2.217240e+01	1.082014e+05	1.076397e+05	5.771623e+04	5.639470e+04	3.020326e+02	2.953112e+01	2024	9	4	6
	1403	436	170.750000	19.125000	9.902247e+04	2.051539e+01	1.083002e+05	1.076176e+05	5.781911e+04	5.637695e+04	3.019598e+02	3.256477e+01	2024	9	4	12
	1402	439	170.500000	19.875000	9.871008e+04	2.083108e+01	1.081638e+05	1.074579e+05	5.776777e+04	5.616293e+04	3.019758e+02	3.353090e+01	2024	9	4	18
	1402	444	170.500000	21.125000	9.888701e+04	2.227262e+01	1.083771e+05	1.076478e+05	5.795901e+04	5.630290e+04	3.021304e+02	3.053904e+01	2024	9	5	0
	1400	449	170.000000	22.375000	9.886234e+04	2.199819e+01	1.083715e+05	1.076443e+05	5.796100e+04	5.628914e+04	3.021720e+02	2.962346e+01	2024	9	5	6
	1395	455	168.750000	23.875000	9.906009e+04	2.291123e+01	1.084906e+05	1.079734e+05	5.803739e+04	5.655080e+04	3.022463e+02	2.926554e+01	2024	9	5	12
	1391	462	167.750000	25.625000	9.896454e+04	2.164956e+01	1.084561e+05	1.078384e+05	5.793412e+04	5.654927e+04	3.019724e+02	2.700105e+01	2024	9	5	18
	1383	468	165.750000	27.125000	9.897406e+04	2.281925e+01	1.085178e+05	1.078575e+05	5.798291e+04	5.665509e+04	3.021098e+02	2.112507e+01	2024	9	6	0
	1375	470	163.750000	27.625000	9.873077e+04	1.860713e+01	1.083920e+05	1.077093e+05	5.774793e+04	5.654762e+04	3.018144e+02	2.358588e+01	2024	9	6	6
	1372	473	163.000000	28.375000	9.889738e+04	1.738198e+01	1.084898e+05	1.077146e+05	5.770466e+04	5.664412e+04	3.010795e+02	2.789138e+01	2024	9	6	12
start	33	2024	9	1	12
	279	418	-110.250000	14.625000	1.002367e+05	9.936283e+00	1.082429e+05	1.079607e+05	5.766884e+04	5.722229e+04	3.039128e+02	2.503193e+01	2024	9	1	12
	280	418	-110.000000	14.625000	1.004232e+05	1.077146e+01	1.084478e+05	1.082095e+05	5.787179e+04	5.741071e+04	3.040176e+02	2.812767e+01	2024	9	1	18
	278	419	-110.500000	14.875000	1.000996e+05	1.171223e+01	1.083492e+05	1.079945e+05	5.771686e+04	5.719993e+04	3.040178e+02	3.343976e+01	2024	9	2	0
	278	419	-110.500000	14.875000	1.003684e+05	1.322901e+01	1.085248e+05	1.081691e+05	5.788278e+04	5.742466e+04	3.038918e+02	4.033001e+01	2024	9	2	6
	274	419	-111.500000	14.875000	1.000874e+05	1.414955e+01	1.083681e+05	1.079618e+05	5.767754e+04	5.718698e+04	3.036672e+02	3.613586e+01	2024	9	2	12
	268	423	-113.000000	15.875000	1.003161e+05	1.263775e+01	1.085119e+05	1.081653e+05	5.794334e+04	5.743735e+04	3.037079e+02	2.850409e+01	2024	9	2	18
	266	425	-113.500000	16.375000	1.000197e+05	1.205803e+01	1.083717e+05	1.079893e+05	5.777688e+04	5.720873e+04	3.038021e+02	3.023310e+01	2024	9	3	0
	261	426	-114.750000	16.625000	1.003070e+05	1.211128e+01	1.085535e+05	1.082398e+05	5.800575e+04	5.740224e+04	3.036192e+02	3.463470e+01	2024	9	3	6
	256	427	-116.000000	16.875000	9.997177e+04	1.289130e+01	1.083174e+05	1.079691e+05	5.779895e+04	5.711083e+04	3.030471e+02	2.794191e+01	2024	9	3	12
	258	426	-115.500000	16.625000	1.001883e+05	1.454660e+01	1.085377e+05	1.081596e+05	5.796125e+04	5.732564e+04	3.031938e+02	2.824945e+01	2024	9	3	18
	257	428	-115.750000	17.125000	9.988043e+04	1.411766e+01	1.083014e+05	1.079558e+05	5.776093e+04	5.707926e+04	3.035297e+02	2.724816e+01	2024	9	4	0
	255	428	-116.250000	17.125000	1.001146e+05	1.481462e+01	1.084837e+05	1.081590e+05	5.795536e+04	5.728933e+04	3.027712e+02	2.864064e+01	2024	9	4	6
	255	428	-116.250000	17.125000	9.977472e+04	1.592418e+01	1.082192e+05	1.078560e+05	5.766193e+04	5.701829e+04	3.026310e+02	2.202930e+01	2024	9	4	12
	254	431	-116.500000	17.875000	9.998134e+04	1.565848e+01	1.084103e+05	1.080750e+05	5.787455e+04	5.719643e+04	3.025041e+02	1.919822e+01	2024	9	4	18
	252	434	-117.000000	18.625000	9.962025e+04	1.480536e+01	1.081870e+05	1.078581e+05	5.769514e+04	5.694514e+04	3.031053e+02	1.626792e+01	2024	9	5	0
	249	433	-117.750000	18.375000	9.987591e+04	1.435100e+01	1.082959e+05	1.080067e+05	5.781155e+04	5.711089e+04	3.023034e+02	1.917394e+01	2024	9	5	6
	247	433	-118.250000	18.375000	9.959484e+04	1.407223e+01	1.080349e+05	1.077397e+05	5.754061e+04	5.685000e+04	3.021353e+02	1.720999e+01	2024	9	5	12
	246	434	-118.500000	18.625000	9.984280e+04	1.447478e+01	1.082269e+05	1.079246e+05	5.770518e+04	5.703563e+04	3.019650e+02	1.109505e+01	2024	9	5	18
	245	434	-118.750000	18.625000	9.963044e+04	1.447630e+01	1.080691e+05	1.078548e+05	5.752634e+04	5.692738e+04	3.019099e+02	1.391819e+01	2024	9	6	0
	244	435	-119.000000	18.875000	9.988103e+04	1.495476e+01	1.082522e+05	1.079554e+05	5.773479e+04	5.715525e+04	3.016743e+02	1.986485e+01	2024	9	6	6
	241	437	-119.750000	19.375000	9.962451e+04	1.491736e+01	1.079993e+05	1.076777e+05	5.746874e+04	5.686892e+04	3.012770e+02	1.601460e+01	2024	9	6	12
	241	437	-119.750000	19.375000	9.982952e+04	1.419869e+01	1.082219e+05	1.078219e+05	5.766293e+04	5.698687e+04	3.011170e+02	1.580562e+01	2024	9	6	18
	240	439	-120.000000	19.875000	9.958412e+04	1.512296e+01	1.080303e+05	1.076795e+05	5.748667e+04	5.668958e+04	3.009554e+02	1.701531e+01	2024	9	7	0
	240	441	-120.000000	20.375000	9.971100e+04	1.620360e+01	1.081813e+05	1.078017e+05	5.763814e+04	5.687886e+04	3.007177e+02	2.029582e+01	2024	9	7	6
	240	441	-120.000000	20.375000	9.936140e+04	1.725902e+01	1.080141e+05	1.075056e+05	5.741427e+04	5.658813e+04	3.005969e+02	1.796779e+01	2024	9	7	12
	239	443	-120.250000	20.875000	9.958651e+04	1.798874e+01	1.082089e+05	1.076847e+05	5.762417e+04	5.682537e+04	3.003409e+02	1.487083e+01	2024	9	7	18
	238	444	-120.500000	21.125000	9.938393e+04	1.880444e+01	1.081135e+05	1.075269e+05	5.741412e+04	5.671312e+04	3.001544e+02	1.399928e+01	2024	9	8	0
	237	445	-120.750000	21.375000	9.963804e+04	1.852665e+01	1.082534e+05	1.077304e+05	5.764677e+04	5.695486e+04	2.998083e+02	1.261091e+01	2024	9	8	6
	236	446	-121.000000	21.625000	9.950373e+04	1.817435e+01	1.080395e+05	1.074532e+05	5.741411e+04	5.674456e+04	2.995659e+02	8.355003e+00	2024	9	8	12
	237	446	-120.750000	21.625000	9.981359e+04	1.727746e+01	1.082737e+05	1.076497e+05	5.767676e+04	5.693889e+04	2.994026e+02	4.506098e+00	2024	9	8	18
	238	448	-120.500000	22.125000	9.960938e+04	1.469650e+01	1.081449e+05	1.074500e+05	5.746795e+04	5.685052e+04	2.992658e+02	5.424932e+00	2024	9	9	0
	238	448	-120.500000	22.125000	9.989411e+04	1.629239e+01	1.082557e+05	1.075613e+05	5.767719e+04	5.704237e+04	2.991049e+02	8.147564e+00	2024	9	9	6
	236	449	-121.000000	22.375000	9.972409e+04	1.762159e+01	1.080337e+05	1.072913e+05	5.738004e+04	5.686188e+04	2.987304e+02	9.165157e+00	2024	9	9	12
start	44	2024	9	1	12
	1333	444	153.250000	21.125000	9.976777e+04	1.484369e+01	1.084472e+05	1.080501e+05	5.768270e+04	5.711750e+04	3.031917e+02	3.456769e+01	2024	9	1	12
	1337	443	154.250000	20.875000	9.944900e+04	1.716722e+01	1.080941e+05	1.077200e+05	5.742246e+04	5.685468e+04	3.029796e+02	2.907507e+01	2024	9	1	18
	1338	446	154.500000	21.625000	9.945604e+04	1.682619e+01	1.081400e+05	1.078066e+05	5.758629e+04	5.688374e+04	3.030992e+02	3.132891e+01	2024	9	2	0
	1335	447	153.750000	21.875000	9.913759e+04	1.646204e+01	1.080213e+05	1.076486e+05	5.738631e+04	5.668914e+04	3.032757e+02	2.682642e+01	2024	9	2	6
	1330	447	152.500000	21.875000	9.927336e+04	1.558539e+01	1.081428e+05	1.076460e+05	5.743790e+04	5.669823e+04	3.029592e+02	2.991678e+01	2024	9	2	12
	1329	449	152.250000	22.375000	9.893212e+04	1.533902e+01	1.079918e+05	1.074490e+05	5.718976e+04	5.648978e+04	3.029295e+02	2.386210e+01	2024	9	2	18
	1331	451	152.750000	22.875000	9.911104e+04	1.634415e+01	1.082847e+05	1.076695e+05	5.739670e+04	5.666344e+04	3.029318e+02	1.769968e+01	2024	9	3	0
	1328	454	152.000000	23.625000	9.891169e+04	1.370928e+01	1.082568e+05	1.076336e+05	5.729639e+04	5.653281e+04	3.031032e+02	1.856769e+01	2024	9	3	6
	1325	460	151.250000	25.125000	9.917855e+04	1.718177e+01	1.084702e+05	1.078051e+05	5.757720e+04	5.669950e+04	3.028560e+02	2.203932e+01	2024	9	3	12
	1318	462	149.500000	25.625000	9.896007e+04	1.767156e+01	1.083303e+05	1.076898e+05	5.735189e+04	5.651146e+04	3.028799e+02	1.530252e+01	2024	9	3	18
	1314	467	148.500000	26.875000	9.901159e+04	1.911828e+01	1.084447e+05	1.078278e+05	5.758301e+04	5.665516e+04	3.027993e+02	1.195066e+01	2024	9	4	0
	1309	470	147.250000	27.625000	9.879957e+04	1.669723e+01	1.083742e+05	1.077632e+05	5.743454e+04	5.653633e+04	3.027981e+02	1.610540e+01	2024	9	4	6
	1303	470	145.750000	27.625000	9.889995e+04	1.583433e+01	1.084275e+05	1.079007e+05	5.747097e+04	5.663305e+04	3.026661e+02	1.717822e+01	2024	9	4	12
	1301	470	145.250000	27.625000	9.866617e+04	1.513879e+01	1.081384e+05	1.076968e+05	5.720084e+04	5.645708e+04	3.026005e+02	1.466089e+01	2024	9	4	18
	1298	471	144.500000	27.875000	9.883389e+04	1.626037e+01	1.082379e+05	1.078952e+05	5.731875e+04	5.657241e+04	3.024691e+02	1.505382e+01	2024	9	5	0
	1295	471	143.750000	27.875000	9.871031e+04	1.457397e+01	1.081353e+05	1.077792e+05	5.723688e+04	5.649234e+04	3.024631e+02	1.508443e+01	2024	9	5	6
	1295	469	143.750000	27.375000	9.888045e+04	1.478512e+01	1.082142e+05	1.079515e+05	5.737959e+04	5.662827e+04	3.024996e+02	1.711503e+01	2024	9	5	12
	1295	467	143.750000	26.875000	9.866235e+04	1.398452e+01	1.080082e+05	1.077414e+05	5.720486e+04	5.639370e+04	3.026156e+02	1.638194e+01	2024	9	5	18
	1296	466	144.000000	26.625000	9.884066e+04	1.509931e+01	1.081536e+05	1.077839e+05	5.732701e+04	5.642384e+04	3.029623e+02	1.873876e+01	2024	9	6	0
	1299	465	144.750000	26.375000	9.860066e+04	1.519549e+01	1.080386e+05	1.076372e+05	5.715510e+04	5.615686e+04	3.029712e+02	1.969745e+01	2024	9	6	6
	1301	465	145.250000	26.375000	9.864615e+04	1.602917e+01	1.081906e+05	1.076783e+05	5.734151e+04	5.613720e+04	3.029065e+02	2.026875e+01	2024	9	6	12
	1302	467	145.500000	26.875000	9.835869e+04	1.668529e+01	1.080037e+05	1.075920e+05	5.716335e+04	5.591607e+04	3.028218e+02	1.650795e+01	2024	9	6	18
	1304	468	146.000000	27.125000	9.841644e+04	1.696086e+01	1.081942e+05	1.078211e+05	5.736344e+04	5.604734e+04	3.025086e+02	1.389536e+01	2024	9	7	0
	1305	470	146.250000	27.625000	9.823054e+04	1.719751e+01	1.081342e+05	1.076842e+05	5.722359e+04	5.591382e+04	3.021576e+02	1.457823e+01	2024	9	7	6
	1306	470	146.500000	27.625000	9.838446e+04	1.700287e+01	1.083089e+05	1.078788e+05	5.747248e+04	5.611152e+04	3.017039e+02	1.323052e+01	2024	9	7	12
	1308	470	147.000000	27.625000	9.828898e+04	1.819650e+01	1.082500e+05	1.077834e+05	5.741573e+04	5.609189e+04	3.015462e+02	1.061236e+01	2024	9	7	18
	1310	471	147.500000	27.875000	9.848212e+04	1.847864e+01	1.083730e+05	1.078691e+05	5.761262e+04	5.630845e+04	3.016807e+02	1.112561e+01	2024	9	8	0
	1314	474	148.500000	28.625000	9.840143e+04	1.882229e+01	1.083180e+05	1.077358e+05	5.748965e+04	5.625535e+04	3.015486e+02	9.971151e+00	2024	9	8	6
	1315	476	148.750000	29.125000	9.861327e+04	1.930291e+01	1.084489e+05	1.078461e+05	5.769847e+04	5.649146e+04	3.010923e+02	1.255631e+01	2024	9	8	12
	1317	480	149.250000	30.125000	9.844174e+04	1.949212e+01	1.083058e+05	1.075477e+05	5.753224e+04	5.635978e+04	3.009502e+02	1.330961e+01	2024	9	8	18
	1320	485	150.000000	31.375000	9.854313e+04	1.984526e+01	1.083804e+05	1.073811e+05	5.765103e+04	5.648861e+04	3.004832e+02	1.516059e+01	2024	9	9	0
	1324	490	151.000000	32.625000	9.844123e+04	2.054258e+01	1.083098e+05	1.071767e+05	5.758711e+04	5.638653e+04	3.008680e+02	2.261774e+01	2024	9	9	6
	1327	496	151.750000	34.125000	9.828316e+04	2.467879e+01	1.083408e+05	1.069108e+05	5.770902e+04	5.631962e+04	3.009434e+02	2.916320e+01	2024	9	9	12
	1330	503	152.500000	35.875000	9.800073e+04	2.519273e+01	1.080768e+05	1.062780e+05	5.747065e+04	5.596280e+04	3.002896e+02	2.821199e+01	2024	9	9	18
	1332	510	153.000000	37.625000	9.799858e+04	2.424474e+01	1.080017e+05	1.057612e+05	5.745649e+04	5.580638e+04	2.997833e+02	3.176252e+01	2024	9	10	0
	1334	517	153.500000	39.375000	9.781505e+04	2.546198e+01	1.076782e+05	1.055014e+05	5.722395e+04	5.535991e+04	2.975133e+02	2.563649e+01	2024	9	10	6
	1336	525	154.000000	41.375000	9.773017e+04	2.521534e+01	1.071908e+05	1.052872e+05	5.695301e+04	5.490188e+04	2.950430e+02	1.352667e+01	2024	9	10	12
	1338	529	154.500000	42.375000	9.767837e+04	2.271851e+01	1.064383e+05	1.047839e+05	5.666416e+04	5.446374e+04	2.937964e+02	9.048126e+00	2024	9	10	18
	1338	533	154.500000	43.375000	9.780404e+04	2.128693e+01	1.061210e+05	1.043679e+05	5.636398e+04	5.431679e+04	2.930281e+02	1.062931e+01	2024	9	11	0
	1341	534	155.250000	43.625000	9.795777e+04	1.920632e+01	1.059008e+05	1.039678e+05	5.628524e+04	5.423092e+04	2.923755e+02	1.081311e+01	2024	9	11	6
	1345	535	156.250000	43.875000	9.818309e+04	1.908733e+01	1.059708e+05	1.035348e+05	5.635143e+04	5.420536e+04	2.925071e+02	1.103573e+01	2024	9	11	12
	1351	538	157.750000	44.625000	9.814005e+04	1.836820e+01	1.056006e+05	1.032402e+05	5.606240e+04	5.393222e+04	2.921645e+02	9.734465e+00	2024	9	11	18
	1354	542	158.500000	45.625000	9.817236e+04	1.771559e+01	1.052272e+05	1.029702e+05	5.577864e+04	5.380395e+04	2.900422e+02	9.518325e+00	2024	9	12	0
	1359	543	159.750000	45.875000	9.825929e+04	1.916085e+01	1.053596e+05	1.028347e+05	5.578564e+04	5.374960e+04	2.890247e+02	9.828763e+00	2024	9	12	6
start	62	2024	9	5	6
	317	405	-100.750000	11.375000	1.007387e+05	1.173426e+01	1.083400e+05	1.079988e+05	5.778134e+04	5.749838e+04	3.030599e+02	4.796587e+01	2024	9	5	6
	318	404	-100.500000	11.125000	1.004329e+05	1.481034e+01	1.081498e+05	1.078040e+05	5.761611e+04	5.725100e+04	3.029963e+02	3.465620e+01	2024	9	5	12
	316	411	-101.000000	12.875000	1.006518e+05	1.320999e+01	1.083631e+05	1.080686e+05	5.789426e+04	5.751403e+04	3.030126e+02	2.665664e+01	2024	9	5	18
	312	413	-102.000000	13.375000	1.003944e+05	1.164957e+01	1.082831e+05	1.079269e+05	5.776065e+04	5.731685e+04	3.030341e+02	3.015636e+01	2024	9	6	0
	310	414	-102.500000	13.625000	1.005779e+05	1.300497e+01	1.084148e+05	1.081655e+05	5.790695e+04	5.749939e+04	3.030218e+02	3.784229e+01	2024	9	6	6
	312	416	-102.000000	14.125000	1.002517e+05	1.337409e+01	1.082183e+05	1.078980e+05	5.773406e+04	5.723886e+04	3.032257e+02	3.240527e+01	2024	9	6	12
	307	419	-103.250000	14.875000	1.004539e+05	1.434648e+01	1.084294e+05	1.081723e+05	5.792738e+04	5.744838e+04	3.031017e+02	3.433532e+01	2024	9	6	18
	307	419	-103.250000	14.875000	1.001327e+05	1.570609e+01	1.083189e+05	1.080280e+05	5.773727e+04	5.713719e+04	3.030424e+02	4.218011e+01	2024	9	7	0
	305	419	-103.750000	14.875000	1.002501e+05	1.685456e+01	1.084088e+05	1.081814e+05	5.782846e+04	5.722197e+04	3.030887e+02	4.774542e+01	2024	9	7	6
	304	419	-104.000000	14.875000	9.988368e+04	1.955561e+01	1.082811e+05	1.077767e+05	5.770034e+04	5.689041e+04	3.030852e+02	4.734739e+01	2024	9	7	12
	304	422	-104.000000	15.625000	1.000043e+05	1.853566e+01	1.084601e+05	1.080155e+05	5.787136e+04	5.712942e+04	3.029053e+02	4.577714e+01	2024	9	7	18
	302	422	-104.500000	15.625000	9.971303e+04	1.897754e+01	1.083205e+05	1.079328e+05	5.767304e+04	5.700545e+04	3.028971e+02	3.911195e+01	2024	9	8	0
	303	424	-104.250000	16.125000	9.982295e+04	1.927088e+01	1.084396e+05	1.081374e+05	5.783745e+04	5.714644e+04	3.029904e+02	4.313532e+01	2024	9	8	6
	301	425	-104.750000	16.375000	9.958420e+04	2.002976e+01	1.082466e+05	1.079480e+05	5.765820e+04	5.699521e+04	3.034169e+02	3.986208e+01	2024	9	8	12
	301	426	-104.750000	16.625000	9.961166e+04	2.172466e+01	1.084439e+05	1.081612e+05	5.783872e+04	5.707412e+04	3.035276e+02	3.915580e+01	2024	9	8	18
	302	427	-104.500000	16.875000	9.926258e+04	2.272183e+01	1.083160e+05	1.079046e+05	5.764339e+04	5.681447e+04	9.999000e+03	3.177641e+01	2024	9	9	0
	301	427	-104.750000	16.875000	9.932454e+04	2.229457e+01	1.083801e+05	1.080842e+05	5.779926e+04	5.692079e+04	9.999000e+03	3.344587e+01	2024	9	9	6
	300	429	-105.000000	17.375000	9.908266e+04	2.310803e+01	1.081645e+05	1.078158e+05	5.758461e+04	5.670455e+04	9.999000e+03	2.617691e+01	2024	9	9	12
	296	432	-106.000000	18.125000	9.914370e+04	2.378727e+01	1.083822e+05	1.080499e+05	5.777962e+04	5.683529e+04	9.999000e+03	2.221324e+01	2024	9	9	18
	293	433	-106.750000	18.375000	9.864996e+04	2.426261e+01	1.082478e+05	1.076974e+05	5.759052e+04	5.639115e+04	9.999000e+03	1.458471e+01	2024	9	10	0
	291	434	-107.250000	18.625000	9.928425e+04	2.194698e+01	1.083561e+05	1.080146e+05	5.775193e+04	5.686664e+04	3.033912e+02	1.736620e+01	2024	9	10	6
	288	435	-108.000000	18.875000	9.855287e+04	2.618313e+01	1.081120e+05	1.075896e+05	5.753549e+04	5.621570e+04	3.026918e+02	1.649937e+01	2024	9	10	12
	287	436	-108.250000	19.125000	9.911832e+04	2.152229e+01	1.083012e+05	1.078546e+05	5.773059e+04	5.665905e+04	3.027320e+02	8.920135e+00	2024	9	10	18
	285	436	-108.750000	19.125000	9.898673e+04	2.018845e+01	1.081993e+05	1.077921e+05	5.762698e+04	5.662542e+04	3.027364e+02	9.127048e+00	2024	9	11	0
	282	435	-109.500000	18.875000	9.890947e+04	2.325335e+01	1.083826e+05	1.079409e+05	5.777695e+04	5.655276e+04	3.025709e+02	1.223261e+01	2024	9	11	6
	281	436	-109.750000	19.125000	9.895493e+04	2.093925e+01	1.081100e+05	1.076111e+05	5.760680e+04	5.647190e+04	3.025245e+02	7.265480e+00	2024	9	11	12
	279	436	-110.250000	19.125000	9.918207e+04	2.066495e+01	1.083672e+05	1.078631e+05	5.784681e+04	5.672327e+04	3.024257e+02	6.744798e+00	2024	9	11	18
	277	436	-110.750000	19.125000	9.916385e+04	2.009080e+01	1.082462e+05	1.077739e+05	5.774900e+04	5.665204e+04	3.023789e+02	7.421640e+00	2024	9	12	0
	276	436	-111.000000	19.125000	9.944891e+04	1.906220e+01	1.084075e+05	1.079831e+05	5.792426e+04	5.691791e+04	3.022024e+02	1.204759e+01	2024	9	12	6
	274	435	-111.500000	18.875000	9.938921e+04	1.862297e+01	1.081684e+05	1.077924e+05	5.776071e+04	5.675480e+04	3.021207e+02	1.104131e+01	2024	9	12	12
	272	434	-112.000000	18.625000	9.949002e+04	2.002131e+01	1.083449e+05	1.078814e+05	5.792554e+04	5.686948e+04	3.020803e+02	9.336555e+00	2024	9	12	18
	271	434	-112.250000	18.625000	9.925373e+04	1.927838e+01	1.081491e+05	1.076624e+05	5.778549e+04	5.678499e+04	3.020297e+02	9.831978e+00	2024	9	13	0
	271	433	-112.250000	18.375000	9.949584e+04	1.909417e+01	1.082780e+05	1.077308e+05	5.790921e+04	5.701795e+04	3.020848e+02	1.080032e+01	2024	9	13	6
	271	432	-112.250000	18.125000	9.926935e+04	2.037181e+01	1.079778e+05	1.074157e+05	5.766073e+04	5.681383e+04	3.020943e+02	9.497635e+00	2024	9	13	12
	271	433	-112.250000	18.375000	9.948484e+04	2.043474e+01	1.082097e+05	1.075069e+05	5.780379e+04	5.687476e+04	3.019568e+02	8.460717e+00	2024	9	13	18
	270	433	-112.500000	18.375000	9.906154e+04	2.079318e+01	1.079640e+05	1.072779e+05	5.763363e+04	5.670029e+04	3.019209e+02	3.287656e+00	2024	9	14	0
	270	434	-112.500000	18.625000	9.961713e+04	1.780158e+01	1.081146e+05	1.072829e+05	5.782454e+04	5.709610e+04	3.016862e+02	4.582840e+00	2024	9	14	6
	269	436	-112.750000	19.125000	9.954436e+04	1.594249e+01	1.078309e+05	1.069649e+05	5.759605e+04	5.694054e+04	3.013333e+02	6.665800e+00	2024	9	14	12
	267	437	-113.250000	19.375000	9.968574e+04	1.759659e+01	1.080710e+05	1.071474e+05	5.775920e+04	5.690891e+04	3.013710e+02	8.066648e+00	2024	9	14	18
	266	439	-113.500000	19.875000	9.923944e+04	1.778219e+01	1.078269e+05	1.069422e+05	5.757747e+04	5.643411e+04	3.014333e+02	5.184094e+00	2024	9	15	0
	264	441	-114.000000	20.375000	9.960211e+04	1.681153e+01	1.079385e+05	1.071113e+05	5.773693e+04	5.670398e+04	3.012274e+02	7.401996e+00	2024	9	15	6
	261	443	-114.750000	20.875000	9.927837e+04	1.749660e+01	1.075779e+05	1.067941e+05	5.750340e+04	5.624212e+04	3.010074e+02	6.836250e+00	2024	9	15	12
	259	444	-115.250000	21.125000	9.943431e+04	1.810971e+01	1.078176e+05	1.069901e+05	5.765509e+04	5.636610e+04	3.008972e+02	5.422865e+00	2024	9	15	18
	257	445	-115.750000	21.375000	9.918145e+04	1.878620e+01	1.076561e+05	1.069699e+05	5.747364e+04	5.620104e+04	3.008269e+02	5.496184e+00	2024	9	16	0
	256	445	-116.000000	21.375000	9.941220e+04	1.938717e+01	1.079331e+05	1.071604e+05	5.759409e+04	5.641569e+04	3.006751e+02	6.769248e+00	2024	9	16	6
	256	447	-116.000000	21.875000	9.923002e+04	1.982114e+01	1.076843e+05	1.068962e+05	5.747597e+04	5.629048e+04	3.005540e+02	6.711034e+00	2024	9	16	12
	255	450	-116.250000	22.625000	9.944552e+04	1.964511e+01	1.079470e+05	1.070056e+05	5.769957e+04	5.665549e+04	3.003073e+02	5.823374e+00	2024	9	16	18
	254	453	-116.500000	23.375000	9.924532e+04	1.933352e+01	1.077822e+05	1.068590e+05	5.761676e+04	5.659084e+04	2.997893e+02	6.685185e+00	2024	9	17	0
	252	453	-117.000000	23.375000	9.935425e+04	1.983484e+01	1.079584e+05	1.069441e+05	5.762374e+04	5.661588e+04	2.997999e+02	7.251627e+00	2024	9	17	6
	252	457	-117.000000	24.375000	9.920173e+04	2.004188e+01	1.076053e+05	1.066612e+05	5.749413e+04	5.640607e+04	2.993757e+02	5.512101e+00	2024	9	17	12
	250	459	-117.500000	24.875000	9.937684e+04	1.887559e+01	1.076889e+05	1.066974e+05	5.763146e+04	5.652789e+04	2.989580e+02	5.556332e+00	2024	9	17	18
	249	462	-117.750000	25.625000	9.920745e+04	2.158922e+01	1.074406e+05	1.064965e+05	5.748261e+04	5.629048e+04	2.986604e+02	4.845096e+00	2024	9	18	0
	248	465	-118.000000	26.375000	9.939047e+04	2.062415e+01	1.075214e+05	1.065132e+05	5.759989e+04	5.651126e+04	2.982565e+02	7.272561e+00	2024	9	18	6
	247	469	-118.250000	27.375000	9.893152e+04	2.076097e+01	1.071440e+05	1.061838e+05	5.743787e+04	5.611842e+04	2.978201e+02	6.800772e+00	2024	9	18	12
	245	471	-118.750000	27.875000	9.912536e+04	2.203871e+01	1.072875e+05	1.061800e+05	5.753274e+04	5.614079e+04	2.975288e+02	5.256605e+00	2024	9	18	18
	244	475	-119.000000	28.875000	9.919862e+04	2.027084e+01	1.070234e+05	1.060071e+05	5.738288e+04	5.610214e+04	2.968910e+02	4.676367e+00	2024	9	19	0
	244	479	-119.000000	29.875000	9.952630e+04	2.007567e+01	1.071121e+05	1.059761e+05	5.758702e+04	5.627155e+04	2.960630e+02	5.314100e+00	2024	9	19	6
	243	482	-119.250000	30.625000	9.944954e+04	2.048688e+01	1.068010e+05	1.055564e+05	5.731924e+04	5.603957e+04	2.957941e+02	8.238685e+00	2024	9	19	12
	243	488	-119.250000	32.125000	9.957938e+04	2.136733e+01	1.067014e+05	1.056760e+05	5.745496e+04	5.618082e+04	9.999000e+03	1.053578e+01	2024	9	19	18
	243	492	-119.250000	33.125000	9.955055e+04	2.125774e+01	1.066094e+05	1.055959e+05	5.736168e+04	5.605734e+04	9.999000e+03	9.488407e+00	2024	9	20	0
	243	495	-119.250000	33.875000	1.002504e+05	1.826655e+01	1.065584e+05	1.055385e+05	5.741299e+04	5.628689e+04	9.999000e+03	9.060974e+00	2024	9	20	6
	243	496	-119.250000	34.125000	1.007282e+05	1.483673e+01	1.062936e+05	1.052561e+05	5.722354e+04	5.629455e+04	9.999000e+03	6.245020e+00	2024	9	20	12
start	16	2024	9	14	6
	451	497	-67.250000	34.375000	1.001644e+05	1.601398e+01	1.073578e+05	1.066693e+05	5.757215e+04	5.689280e+04	3.004630e+02	1.153844e+01	2024	9	14	6
	451	501	-67.250000	35.375000	1.002278e+05	1.584276e+01	1.074304e+05	1.067826e+05	5.763414e+04	5.687641e+04	3.004436e+02	7.687898e+00	2024	9	14	12
	450	503	-67.500000	35.875000	1.001911e+05	1.333782e+01	1.074124e+05	1.068992e+05	5.759466e+04	5.686120e+04	3.004806e+02	6.784927e+00	2024	9	14	18
	449	506	-67.750000	36.625000	1.002669e+05	1.362229e+01	1.075067e+05	1.070879e+05	5.767486e+04	5.688981e+04	3.005649e+02	8.482670e+00	2024	9	15	0
	449	509	-67.750000	37.375000	1.002665e+05	1.499083e+01	1.074544e+05	1.069913e+05	5.763250e+04	5.688965e+04	3.006786e+02	8.617759e+00	2024	9	15	6
	451	513	-67.250000	38.375000	1.003591e+05	1.543332e+01	1.075471e+05	1.069672e+05	5.775524e+04	5.697731e+04	3.005302e+02	5.848808e+00	2024	9	15	12
	454	516	-66.500000	39.125000	1.003868e+05	1.483832e+01	1.076403e+05	1.069965e+05	5.780320e+04	5.700323e+04	3.005398e+02	5.443407e+00	2024	9	15	18
	458	519	-65.500000	39.875000	1.004662e+05	1.392963e+01	1.078808e+05	1.069441e+05	5.789604e+04	5.709050e+04	3.001194e+02	6.898343e+00	2024	9	16	0
	464	521	-64.000000	40.375000	1.003961e+05	1.524504e+01	1.077958e+05	1.066467e+05	5.784085e+04	5.697961e+04	3.000172e+02	8.036048e+00	2024	9	16	6
	472	522	-62.000000	40.625000	1.003938e+05	1.505417e+01	1.078705e+05	1.065000e+05	5.788409e+04	5.696392e+04	2.999505e+02	7.718115e+00	2024	9	16	12
	479	522	-60.250000	40.625000	1.002583e+05	1.422844e+01	1.078503e+05	1.062567e+05	5.786076e+04	5.682341e+04	2.999896e+02	9.457094e+00	2024	9	16	18
	489	520	-57.750000	40.125000	1.001665e+05	1.463528e+01	1.078828e+05	1.060862e+05	5.783349e+04	5.671239e+04	2.992864e+02	1.454548e+01	2024	9	17	0
	495	519	-56.250000	39.875000	9.982863e+04	1.636985e+01	1.076722e+05	1.056078e+05	5.763158e+04	5.642662e+04	2.985822e+02	1.254720e+01	2024	9	17	6
	503	515	-54.250000	38.875000	9.988731e+04	1.785725e+01	1.076719e+05	1.055145e+05	5.768211e+04	5.649978e+04	2.986214e+02	9.144004e+00	2024	9	17	12
	509	513	-52.750000	38.375000	9.990392e+04	1.699714e+01	1.076813e+05	1.055286e+05	5.764027e+04	5.652129e+04	2.987490e+02	7.984149e+00	2024	9	17	18
	515	510	-51.250000	37.625000	1.001692e+05	1.558322e+01	1.077402e+05	1.056098e+05	5.769217e+04	5.660582e+04	2.987617e+02	1.016224e+01	2024	9	18	0
start	21	2024	9	16	6
	1099	420	94.750000	15.125000	1.005862e+05	1.040601e+01	1.082845e+05	1.080339e+05	5.783604e+04	5.735661e+04	9.999000e+03	3.030257e+01	2024	9	16	6
	1100	421	95.000000	15.375000	1.004818e+05	1.102728e+01	1.081982e+05	1.079631e+05	5.776197e+04	5.729545e+04	9.999000e+03	1.963257e+01	2024	9	16	12
	1097	422	94.250000	15.625000	1.006016e+05	1.111938e+01	1.082914e+05	1.080262e+05	5.784827e+04	5.733724e+04	9.999000e+03	2.603177e+01	2024	9	16	18
	1092	425	93.000000	16.375000	1.005068e+05	1.263495e+01	1.081210e+05	1.078703e+05	5.776255e+04	5.720979e+04	9.999000e+03	2.859430e+01	2024	9	17	0
	1087	425	91.750000	16.375000	1.004482e+05	1.244687e+01	1.083172e+05	1.079409e+05	5.790450e+04	5.721250e+04	3.032639e+02	2.425275e+01	2024	9	17	6
	1085	424	91.250000	16.125000	1.002544e+05	1.394659e+01	1.082253e+05	1.079168e+05	5.777946e+04	5.715737e+04	3.032229e+02	1.747309e+01	2024	9	17	12
	1084	426	91.000000	16.625000	1.004173e+05	1.493465e+01	1.083437e+05	1.079480e+05	5.793183e+04	5.739796e+04	3.032848e+02	2.322919e+01	2024	9	17	18
	1080	428	90.000000	17.125000	1.003173e+05	1.373339e+01	1.082135e+05	1.078577e+05	5.781721e+04	5.723329e+04	3.037599e+02	2.184152e+01	2024	9	18	0
	1077	428	89.250000	17.125000	1.004262e+05	1.416319e+01	1.084407e+05	1.080654e+05	5.796951e+04	5.741958e+04	3.040196e+02	1.715588e+01	2024	9	18	6
	1077	431	89.250000	17.875000	1.002096e+05	1.666384e+01	1.083929e+05	1.079779e+05	5.791634e+04	5.738430e+04	3.041206e+02	1.279247e+01	2024	9	18	12
	1072	433	88.000000	18.375000	1.003906e+05	1.379435e+01	1.084822e+05	1.080857e+05	5.803005e+04	5.755643e+04	3.050231e+02	2.252067e+01	2024	9	18	18
	1068	432	87.000000	18.125000	1.002177e+05	1.379477e+01	1.082670e+05	1.078546e+05	5.781395e+04	5.733033e+04	9.999000e+03	2.431849e+01	2024	9	19	0
	1069	435	87.250000	18.875000	1.002238e+05	1.586999e+01	1.084483e+05	1.079807e+05	5.796121e+04	5.744091e+04	9.999000e+03	1.612851e+01	2024	9	19	6
	1067	435	86.750000	18.875000	1.000219e+05	1.624564e+01	1.082896e+05	1.078413e+05	5.784807e+04	5.733391e+04	9.999000e+03	8.550274e+00	2024	9	19	12
	1065	435	86.250000	18.875000	1.002546e+05	1.398675e+01	1.083612e+05	1.079856e+05	5.792176e+04	5.750260e+04	9.999000e+03	1.587353e+01	2024	9	19	18
	1065	437	86.250000	19.375000	1.000676e+05	1.504688e+01	1.081929e+05	1.077950e+05	5.772404e+04	5.731006e+04	9.999000e+03	1.459962e+01	2024	9	20	0
	1063	437	85.750000	19.375000	1.001354e+05	1.467953e+01	1.083109e+05	1.079762e+05	5.782339e+04	5.736407e+04	9.999000e+03	1.845083e+01	2024	9	20	6
	1062	438	85.500000	19.625000	1.000418e+05	1.172612e+01	1.082047e+05	1.078478e+05	5.768823e+04	5.724844e+04	9.999000e+03	1.068176e+01	2024	9	20	12
	1061	437	85.250000	19.375000	1.003777e+05	1.154736e+01	1.082531e+05	1.079532e+05	5.783605e+04	5.744806e+04	9.999000e+03	1.916877e+01	2024	9	20	18
	1055	438	83.750000	19.625000	1.002060e+05	1.029329e+01	1.081569e+05	1.077895e+05	5.764679e+04	5.712483e+04	9.999000e+03	1.624783e+01	2024	9	21	0
	1055	434	83.750000	18.625000	1.003465e+05	1.283707e+01	1.083742e+05	1.079483e+05	5.780599e+04	5.733970e+04	9.999000e+03	1.241726e+01	2024	9	21	6
start	26	2024	9	19	12
	321	407	-99.750000	11.875000	1.005634e+05	1.039375e+01	1.082225e+05	1.080219e+05	5.767170e+04	5.733827e+04	3.030702e+02	3.469033e+01	2024	9	19	12
	322	407	-99.500000	11.875000	1.007156e+05	1.354611e+01	1.084064e+05	1.082467e+05	5.789060e+04	5.751041e+04	3.030702e+02	4.120569e+01	2024	9	19	18
	315	409	-101.250000	12.375000	1.004526e+05	1.410947e+01	1.082834e+05	1.080636e+05	5.770539e+04	5.724966e+04	3.030157e+02	4.250956e+01	2024	9	20	0
	311	411	-102.250000	12.875000	1.005867e+05	1.301215e+01	1.084183e+05	1.081837e+05	5.787225e+04	5.742027e+04	3.029530e+02	4.142220e+01	2024	9	20	6
	310	409	-102.500000	12.375000	1.003165e+05	1.386455e+01	1.082208e+05	1.079536e+05	5.769321e+04	5.717744e+04	3.028570e+02	4.049682e+01	2024	9	20	12
	307	411	-103.250000	12.875000	1.004379e+05	1.505962e+01	1.084368e+05	1.081412e+05	5.789280e+04	5.735838e+04	3.027652e+02	3.721405e+01	2024	9	20	18
	307	414	-103.250000	13.625000	1.000570e+05	1.662763e+01	1.082873e+05	1.079091e+05	5.770968e+04	5.711884e+04	3.029756e+02	3.077100e+01	2024	9	21	0
	302	416	-104.500000	14.125000	1.002583e+05	1.726958e+01	1.083789e+05	1.081292e+05	5.788192e+04	5.730068e+04	3.029533e+02	3.485445e+01	2024	9	21	6
	297	418	-105.750000	14.625000	9.996557e+04	1.723721e+01	1.082626e+05	1.078882e+05	5.770850e+04	5.704067e+04	3.029121e+02	3.412276e+01	2024	9	21	12
	296	418	-106.000000	14.625000	1.000359e+05	1.659280e+01	1.085287e+05	1.080866e+05	5.788804e+04	5.705502e+04	3.028666e+02	3.668011e+01	2024	9	21	18
	293	419	-106.750000	14.875000	9.961222e+04	1.788570e+01	1.082435e+05	1.079063e+05	5.764827e+04	5.678525e+04	3.029969e+02	2.817176e+01	2024	9	22	0
	290	421	-107.500000	15.375000	9.963165e+04	1.998160e+01	1.083625e+05	1.077638e+05	5.783485e+04	5.676109e+04	3.029790e+02	2.676372e+01	2024	9	22	6
	288	424	-108.000000	16.125000	9.915819e+04	1.925100e+01	1.081314e+05	1.074803e+05	5.765637e+04	5.642976e+04	3.029180e+02	2.989772e+01	2024	9	22	12
	286	427	-108.500000	16.875000	9.924547e+04	2.000568e+01	1.083303e+05	1.076213e+05	5.785147e+04	5.644413e+04	3.026008e+02	3.026087e+01	2024	9	22	18
	284	429	-109.000000	17.375000	9.886046e+04	1.963750e+01	1.081648e+05	1.074344e+05	5.764560e+04	5.616393e+04	3.024213e+02	2.250659e+01	2024	9	23	0
	283	431	-109.250000	17.875000	9.901259e+04	2.128540e+01	1.083025e+05	1.075831e+05	5.777746e+04	5.621285e+04	3.020874e+02	1.940388e+01	2024	9	23	6
	283	434	-109.250000	18.625000	9.881486e+04	2.276289e+01	1.080846e+05	1.074103e+05	5.756992e+04	5.609271e+04	3.024074e+02	2.170174e+01	2024	9	23	12
	281	435	-109.750000	18.875000	9.913470e+04	2.169685e+01	1.083332e+05	1.077761e+05	5.776728e+04	5.644064e+04	3.022728e+02	2.287113e+01	2024	9	23	18
	282	437	-109.500000	19.375000	9.888548e+04	2.321585e+01	1.081184e+05	1.075388e+05	5.752331e+04	5.621658e+04	3.024986e+02	2.067201e+01	2024	9	24	0
	283	437	-109.250000	19.375000	9.909066e+04	2.177744e+01	1.081822e+05	1.076758e+05	5.776668e+04	5.642038e+04	3.023627e+02	1.832544e+01	2024	9	24	6
	285	439	-108.750000	19.875000	9.892278e+04	2.069066e+01	1.079986e+05	1.075041e+05	5.754244e+04	5.629207e+04	3.027858e+02	2.190882e+01	2024	9	24	12
	285	441	-108.750000	20.375000	9.902942e+04	2.409711e+01	1.081958e+05	1.076452e+05	5.768870e+04	5.647380e+04	3.030093e+02	2.534525e+01	2024	9	24	18
	289	444	-107.750000	21.125000	9.836673e+04	2.981809e+01	1.080619e+05	1.074665e+05	5.750561e+04	5.614985e+04	3.049306e+02	1.934665e+01	2024	9	25	0
	291	447	-107.250000	21.875000	9.855120e+04	2.552171e+01	1.081286e+05	1.074104e+05	5.768264e+04	5.616778e+04	9.999000e+03	1.766155e+01	2024	9	25	6
	292	451	-107.000000	22.875000	9.863678e+04	2.688980e+01	1.080013e+05	1.073313e+05	5.752303e+04	5.611488e+04	9.999000e+03	1.791360e+01	2024	9	25	12
	286	462	-108.500000	25.625000	1.001995e+05	1.384144e+01	1.081450e+05	1.071404e+05	5.758956e+04	5.687683e+04	9.999000e+03	1.146877e+01	2024	9	25	18
start	25	2024	9	19	12
	1342	418	155.500000	14.625000	1.001896e+05	1.401628e+01	1.084471e+05	1.079305e+05	5.766466e+04	5.731781e+04	3.025301e+02	4.126294e+01	2024	9	19	12
	1340	424	155.000000	16.125000	9.997222e+04	1.608964e+01	1.082104e+05	1.076576e+05	5.759357e+04	5.706627e+04	3.023609e+02	3.454936e+01	2024	9	19	18
	1336	425	154.000000	16.375000	1.001035e+05	1.579212e+01	1.083156e+05	1.078895e+05	5.778703e+04	5.723523e+04	3.023145e+02	2.789497e+01	2024	9	20	0
	1332	427	153.000000	16.875000	9.990297e+04	1.627628e+01	1.082669e+05	1.077953e+05	5.765896e+04	5.713011e+04	3.027065e+02	2.190290e+01	2024	9	20	6
	1335	430	153.750000	17.625000	1.001882e+05	1.583490e+01	1.085394e+05	1.081386e+05	5.785312e+04	5.725139e+04	3.023184e+02	3.925729e+01	2024	9	20	12
	1329	434	152.250000	18.625000	9.991685e+04	1.716523e+01	1.083634e+05	1.080069e+05	5.774338e+04	5.700282e+04	3.028604e+02	3.230150e+01	2024	9	20	18
	1327	439	151.750000	19.875000	1.000520e+05	1.910174e+01	1.085653e+05	1.080512e+05	5.801384e+04	5.711234e+04	3.029106e+02	2.936527e+01	2024	9	21	0
	1326	439	151.500000	19.875000	9.973562e+04	1.810432e+01	1.084457e+05	1.079145e+05	5.776446e+04	5.677408e+04	3.029071e+02	3.267218e+01	2024	9	21	6
	1324	445	151.000000	21.375000	9.980863e+04	2.077209e+01	1.086284e+05	1.080103e+05	5.804162e+04	5.681303e+04	3.028513e+02	3.894212e+01	2024	9	21	12
	1322	447	150.500000	21.875000	9.935938e+04	2.004772e+01	1.084716e+05	1.077973e+05	5.782109e+04	5.652205e+04	3.028156e+02	3.097421e+01	2024	9	21	18
	1318	451	149.500000	22.875000	9.931161e+04	1.962791e+01	1.085429e+05	1.079242e+05	5.794151e+04	5.655652e+04	3.028567e+02	2.913517e+01	2024	9	22	0
	1317	453	149.250000	23.375000	9.896473e+04	2.016359e+01	1.083936e+05	1.077255e+05	5.781075e+04	5.628276e+04	3.027873e+02	3.203539e+01	2024	9	22	6
	1316	455	149.000000	23.875000	9.898930e+04	1.964818e+01	1.085592e+05	1.078454e+05	5.794863e+04	5.641238e+04	3.025936e+02	2.948209e+01	2024	9	22	12
	1313	458	148.250000	24.625000	9.870288e+04	2.126454e+01	1.083968e+05	1.076833e+05	5.773277e+04	5.625461e+04	3.023344e+02	2.509886e+01	2024	9	22	18
	1312	461	148.000000	25.375000	9.888591e+04	2.158844e+01	1.085464e+05	1.078848e+05	5.789304e+04	5.645055e+04	3.020128e+02	2.263781e+01	2024	9	23	0
	1312	463	148.000000	25.875000	9.867678e+04	2.148853e+01	1.084297e+05	1.077100e+05	5.778410e+04	5.630128e+04	3.020006e+02	2.349374e+01	2024	9	23	6
	1311	465	147.750000	26.375000	9.880957e+04	2.188173e+01	1.085680e+05	1.078738e+05	5.786449e+04	5.644993e+04	3.017249e+02	2.495393e+01	2024	9	23	12
	1311	469	147.750000	27.375000	9.864280e+04	2.212400e+01	1.083958e+05	1.077182e+05	5.767304e+04	5.630099e+04	3.013737e+02	2.063996e+01	2024	9	23	18
	1315	472	148.750000	28.125000	9.879333e+04	2.434234e+01	1.085882e+05	1.078584e+05	5.788459e+04	5.646946e+04	3.008625e+02	1.974445e+01	2024	9	24	0
	1317	475	149.250000	28.875000	9.863502e+04	2.214123e+01	1.084999e+05	1.076448e+05	5.775630e+04	5.633559e+04	3.004811e+02	1.751701e+01	2024	9	24	6
	1320	477	150.000000	29.375000	9.880684e+04	2.225263e+01	1.086582e+05	1.076604e+05	5.792660e+04	5.658745e+04	3.006049e+02	1.578807e+01	2024	9	24	12
	1324	482	151.000000	30.625000	9.886109e+04	2.165376e+01	1.084568e+05	1.072893e+05	5.772923e+04	5.669511e+04	3.002191e+02	1.661724e+01	2024	9	24	18
	1330	487	152.500000	31.875000	9.909739e+04	2.228849e+01	1.085710e+05	1.070654e+05	5.788962e+04	5.695649e+04	2.998781e+02	2.020811e+01	2024	9	25	0
	1338	494	154.500000	33.625000	9.902562e+04	2.125282e+01	1.083579e+05	1.064657e+05	5.774491e+04	5.648224e+04	2.998901e+02	2.882827e+01	2024	9	25	6
	1348	502	157.000000	35.625000	9.894910e+04	2.213668e+01	1.083506e+05	1.055132e+05	5.772048e+04	5.595620e+04	2.991618e+02	3.780451e+01	2024	9	25	12
start	57	2024	10	2	18
	1313	400	148.250000	10.125000	1.002245e+05	1.418741e+01	1.082433e+05	1.078981e+05	5.757927e+04	5.716317e+04	3.025784e+02	2.365004e+01	2024	10	2	18
	1304	401	146.000000	10.375000	1.003366e+05	1.491244e+01	1.084172e+05	1.080584e+05	5.777674e+04	5.724945e+04	3.024775e+02	2.712116e+01	2024	10	3	0
	1301	401	145.250000	10.375000	9.990214e+04	1.557872e+01	1.081943e+05	1.077787e+05	5.749096e+04	5.701792e+04	3.025502e+02	2.576129e+01	2024	10	3	6
	1294	401	143.500000	10.375000	1.000726e+05	1.446033e+01	1.083546e+05	1.079036e+05	5.766077e+04	5.714711e+04	3.023905e+02	2.810175e+01	2024	10	3	12
	1293	403	143.250000	10.875000	9.973476e+04	1.416952e+01	1.080951e+05	1.076544e+05	5.737612e+04	5.688912e+04	3.023308e+02	2.254323e+01	2024	10	3	18
	1288	404	142.000000	11.125000	9.992917e+04	1.512711e+01	1.082769e+05	1.078689e+05	5.758436e+04	5.710393e+04	3.023240e+02	1.980436e+01	2024	10	4	0
	1283	405	140.750000	11.375000	9.959201e+04	1.491327e+01	1.080531e+05	1.076408e+05	5.734514e+04	5.695168e+04	3.025659e+02	1.873912e+01	2024	10	4	6
	1280	404	140.000000	11.125000	9.982566e+04	1.398857e+01	1.082985e+05	1.078641e+05	5.755485e+04	5.709452e+04	3.024435e+02	2.778313e+01	2024	10	4	12
	1278	408	139.500000	12.125000	9.954843e+04	1.375027e+01	1.080477e+05	1.076023e+05	5.735047e+04	5.682049e+04	3.023902e+02	2.441865e+01	2024	10	4	18
	1274	409	138.500000	12.375000	9.985372e+04	1.432143e+01	1.082094e+05	1.078556e+05	5.757279e+04	5.717002e+04	3.023928e+02	2.065379e+01	2024	10	5	0
	1270	409	137.500000	12.375000	9.956801e+04	1.435118e+01	1.080437e+05	1.077152e+05	5.740891e+04	5.694890e+04	3.027930e+02	2.252451e+01	2024	10	5	6
	1268	410	137.000000	12.625000	9.985862e+04	1.423532e+01	1.082629e+05	1.079146e+05	5.765385e+04	5.715334e+04	3.025656e+02	2.736854e+01	2024	10	5	12
	1264	411	136.000000	12.875000	9.962954e+04	1.421211e+01	1.080953e+05	1.076837e+05	5.744203e+04	5.697404e+04	3.028034e+02	2.302400e+01	2024	10	5	18
	1261	412	135.250000	13.125000	9.988348e+04	1.472295e+01	1.082847e+05	1.079403e+05	5.771018e+04	5.721760e+04	3.028389e+02	2.005224e+01	2024	10	6	0
	1257	415	134.250000	13.875000	9.957559e+04	1.380099e+01	1.081276e+05	1.078189e+05	5.748398e+04	5.703122e+04	3.030868e+02	2.535387e+01	2024	10	6	6
	1255	416	133.750000	14.125000	9.986347e+04	1.508402e+01	1.083962e+05	1.080563e+05	5.777670e+04	5.724120e+04	3.030257e+02	3.018203e+01	2024	10	6	12
	1249	417	132.250000	14.375000	9.958856e+04	1.282005e+01	1.081950e+05	1.078735e+05	5.751769e+04	5.693673e+04	3.029752e+02	3.630573e+01	2024	10	6	18
	1244	416	131.000000	14.125000	9.973771e+04	1.398623e+01	1.083764e+05	1.079737e+05	5.764036e+04	5.704429e+04	3.029201e+02	3.689702e+01	2024	10	7	0
	1243	417	130.750000	14.375000	9.934729e+04	1.513931e+01	1.081187e+05	1.077903e+05	5.743216e+04	5.669715e+04	3.029641e+02	3.738901e+01	2024	10	7	6
	1240	419	130.000000	14.875000	9.943904e+04	1.701257e+01	1.084270e+05	1.079204e+05	5.761684e+04	5.681844e+04	3.029331e+02	3.919721e+01	2024	10	7	12
	1238	419	129.500000	14.875000	9.915284e+04	1.627979e+01	1.081835e+05	1.076912e+05	5.738357e+04	5.659392e+04	3.028715e+02	4.023907e+01	2024	10	7	18
	1235	424	128.750000	16.125000	9.923670e+04	1.720979e+01	1.083806e+05	1.079201e+05	5.756493e+04	5.671079e+04	3.028828e+02	4.447786e+01	2024	10	8	0
	1231	426	127.750000	16.625000	9.881133e+04	1.707533e+01	1.081800e+05	1.076538e+05	5.736200e+04	5.642465e+04	3.029040e+02	4.660885e+01	2024	10	8	6
	1228	426	127.000000	16.625000	9.897479e+04	1.794271e+01	1.084063e+05	1.078888e+05	5.748514e+04	5.656009e+04	3.028414e+02	4.315668e+01	2024	10	8	12
	1226	428	126.500000	17.125000	9.865387e+04	1.949457e+01	1.081851e+05	1.076915e+05	5.731091e+04	5.632338e+04	3.027753e+02	4.480275e+01	2024	10	8	18
	1223	431	125.750000	17.875000	9.881970e+04	2.010218e+01	1.082997e+05	1.077948e+05	5.745580e+04	5.652744e+04	3.027531e+02	4.162046e+01	2024	10	9	0
	1222	433	125.500000	18.375000	9.852581e+04	1.975553e+01	1.081495e+05	1.076487e+05	5.724667e+04	5.637764e+04	3.029258e+02	3.557869e+01	2024	10	9	6
	1219	435	124.750000	18.875000	9.877651e+04	1.870008e+01	1.083427e+05	1.078987e+05	5.742542e+04	5.661361e+04	3.026917e+02	3.707437e+01	2024	10	9	12
	1217	436	124.250000	19.125000	9.869827e+04	1.928298e+01	1.081690e+05	1.078410e+05	5.726585e+04	5.658764e+04	3.027127e+02	3.356780e+01	2024	10	9	18
	1214	436	123.500000	19.125000	9.894919e+04	1.787558e+01	1.083442e+05	1.080614e+05	5.741643e+04	5.679248e+04	9.999000e+03	3.497380e+01	2024	10	10	0
	1212	436	123.000000	19.125000	9.873841e+04	1.956140e+01	1.082329e+05	1.079165e+05	5.723935e+04	5.662413e+04	9.999000e+03	3.020239e+01	2024	10	10	6
	1213	439	123.250000	19.875000	9.904324e+04	1.877976e+01	1.084148e+05	1.080695e+05	5.754316e+04	5.693404e+04	3.026094e+02	2.452790e+01	2024	10	10	12
	1211	438	122.750000	19.625000	9.904338e+04	1.899961e+01	1.082817e+05	1.079630e+05	5.743675e+04	5.691664e+04	9.999000e+03	2.683817e+01	2024	10	10	18
	1206	437	121.500000	19.375000	9.909004e+04	1.816617e+01	1.084078e+05	1.080475e+05	5.751542e+04	5.678193e+04	9.999000e+03	3.087007e+01	2024	10	11	0
	1206	437	121.500000	19.375000	9.872044e+04	1.877943e+01	1.082257e+05	1.078655e+05	5.740975e+04	5.643399e+04	9.999000e+03	3.479554e+01	2024	10	11	6
	1204	439	121.000000	19.875000	9.910574e+04	1.929162e+01	1.084753e+05	1.080078e+05	5.756288e+04	5.667722e+04	9.999000e+03	3.154230e+01	2024	10	11	12
	1202	442	120.500000	20.625000	9.904924e+04	1.856790e+01	1.083033e+05	1.079103e+05	5.749158e+04	5.663733e+04	9.999000e+03	2.650729e+01	2024	10	11	18
	1199	443	119.750000	20.875000	9.920613e+04	2.005651e+01	1.083629e+05	1.080938e+05	5.756851e+04	5.684030e+04	9.999000e+03	3.060664e+01	2024	10	12	0
	1195	443	118.750000	20.875000	9.898984e+04	1.902407e+01	1.082069e+05	1.079824e+05	5.737354e+04	5.670040e+04	3.022802e+02	2.407148e+01	2024	10	12	6
	1194	443	118.500000	20.875000	9.914427e+04	1.947069e+01	1.083486e+05	1.081333e+05	5.749373e+04	5.686297e+04	3.022509e+02	1.972709e+01	2024	10	12	12
	1193	443	118.250000	20.875000	9.896188e+04	2.203324e+01	1.082233e+05	1.079803e+05	5.736386e+04	5.675495e+04	3.021730e+02	2.413358e+01	2024	10	12	18
	1192	444	118.000000	21.125000	9.889110e+04	2.342253e+01	1.082338e+05	1.079544e+05	5.743074e+04	5.673035e+04	3.020755e+02	1.846785e+01	2024	10	13	0
	1192	443	118.000000	20.875000	9.873501e+04	2.218834e+01	1.081217e+05	1.078424e+05	5.733493e+04	5.654649e+04	3.020303e+02	1.409905e+01	2024	10	13	6
	1192	443	118.000000	20.875000	9.900154e+04	2.174635e+01	1.083020e+05	1.079797e+05	5.749403e+04	5.665047e+04	3.019674e+02	1.436081e+01	2024	10	13	12
	1192	443	118.000000	20.875000	9.892727e+04	2.111246e+01	1.081647e+05	1.078238e+05	5.739366e+04	5.649194e+04	3.018785e+02	1.692018e+01	2024	10	13	18
	1192	443	118.000000	20.875000	9.898220e+04	2.268037e+01	1.082610e+05	1.078069e+05	5.756588e+04	5.651772e+04	3.018514e+02	1.566834e+01	2024	10	14	0
	1192	443	118.000000	20.875000	9.886803e+04	2.308648e+01	1.081731e+05	1.077160e+05	5.745055e+04	5.643182e+04	3.018792e+02	1.584242e+01	2024	10	14	6
	1194	443	118.500000	20.875000	9.909594e+04	2.344400e+01	1.083253e+05	1.078767e+05	5.762559e+04	5.658002e+04	3.018990e+02	1.417600e+01	2024	10	14	12
	1193	444	118.250000	21.125000	9.914062e+04	2.009677e+01	1.082577e+05	1.078659e+05	5.754020e+04	5.662649e+04	3.018530e+02	1.760908e+01	2024	10	14	18
	1194	445	118.500000	21.375000	9.933955e+04	2.032477e+01	1.083819e+05	1.080034e+05	5.772574e+04	5.677991e+04	3.018498e+02	1.963641e+01	2024	10	15	0
	1194	445	118.500000	21.375000	9.927106e+04	1.988044e+01	1.082176e+05	1.079079e+05	5.756734e+04	5.675518e+04	3.019076e+02	1.408424e+01	2024	10	15	6
	1194	446	118.500000	21.625000	9.947925e+04	1.961766e+01	1.083720e+05	1.079872e+05	5.772699e+04	5.699232e+04	3.019255e+02	1.190377e+01	2024	10	15	12
	1195	447	118.750000	21.875000	9.934302e+04	2.073425e+01	1.082156e+05	1.078459e+05	5.761961e+04	5.693293e+04	9.999000e+03	1.547431e+01	2024	10	15	18
	1195	448	118.750000	22.125000	9.947292e+04	2.022091e+01	1.082206e+05	1.078020e+05	5.770223e+04	5.697264e+04	9.999000e+03	1.057862e+01	2024	10	16	0
	1196	449	119.000000	22.375000	9.972493e+04	1.872117e+01	1.081015e+05	1.076779e+05	5.757673e+04	5.718709e+04	9.999000e+03	9.519032e+00	2024	10	16	6
	1196	449	119.000000	22.375000	1.000016e+05	1.789784e+01	1.082701e+05	1.078415e+05	5.771612e+04	5.736399e+04	9.999000e+03	5.472187e+00	2024	10	16	12
	1193	451	118.250000	22.875000	1.001083e+05	1.598032e+01	1.081083e+05	1.076688e+05	5.760138e+04	5.740730e+04	9.999000e+03	6.947919e+00	2024	10	16	18
start	52	2024	10	4	12
	1365	404	161.250000	11.125000	1.003837e+05	1.057607e+01	1.083302e+05	1.080234e+05	5.758309e+04	5.727038e+04	3.030561e+02	3.959638e+01	2024	10	4	12
	1364	400	161.000000	10.125000	1.001510e+05	1.326248e+01	1.080563e+05	1.078048e+05	5.737823e+04	5.704734e+04	3.031096e+02	3.833074e+01	2024	10	4	18
	1371	403	162.750000	10.875000	1.002921e+05	1.288165e+01	1.081742e+05	1.079957e+05	5.758080e+04	5.717517e+04	3.030920e+02	3.435737e+01	2024	10	5	0
	1369	404	162.250000	11.125000	1.000128e+05	1.354902e+01	1.080931e+05	1.078484e+05	5.746682e+04	5.692618e+04	3.030215e+02	3.359593e+01	2024	10	5	6
	1366	404	161.500000	11.125000	1.001413e+05	1.379844e+01	1.082372e+05	1.079900e+05	5.761926e+04	5.706542e+04	3.029842e+02	3.983172e+01	2024	10	5	12
	1367	403	161.750000	10.875000	9.987449e+04	1.571686e+01	1.081033e+05	1.078836e+05	5.743504e+04	5.693491e+04	3.029603e+02	3.537695e+01	2024	10	5	18
	1367	406	161.750000	11.625000	1.000234e+05	1.505631e+01	1.083113e+05	1.081146e+05	5.760838e+04	5.711059e+04	3.030270e+02	3.444217e+01	2024	10	6	0
	1364	406	161.000000	11.625000	9.979008e+04	1.417670e+01	1.082543e+05	1.079757e+05	5.748685e+04	5.700559e+04	3.031211e+02	3.343816e+01	2024	10	6	6
	1361	404	160.250000	11.125000	9.996285e+04	1.281879e+01	1.083790e+05	1.081263e+05	5.762204e+04	5.720666e+04	3.029475e+02	4.242051e+01	2024	10	6	12
	1359	407	159.750000	11.875000	9.967917e+04	1.484958e+01	1.082009e+05	1.078546e+05	5.746606e+04	5.694061e+04	3.029131e+02	4.109922e+01	2024	10	6	18
	1357	407	159.250000	11.875000	9.980466e+04	1.397674e+01	1.083881e+05	1.080122e+05	5.759742e+04	5.709029e+04	3.028904e+02	3.696616e+01	2024	10	7	0
	1351	409	157.750000	12.375000	9.953704e+04	1.592466e+01	1.082238e+05	1.078050e+05	5.745825e+04	5.686459e+04	3.029585e+02	3.273696e+01	2024	10	7	6
	1351	408	157.750000	12.125000	9.969568e+04	1.490181e+01	1.083273e+05	1.079660e+05	5.753787e+04	5.702615e+04	3.027350e+02	4.794109e+01	2024	10	7	12
	1348	409	157.000000	12.375000	9.941706e+04	1.390772e+01	1.080823e+05	1.077124e+05	5.732926e+04	5.676439e+04	3.025548e+02	4.369994e+01	2024	10	7	18
	1344	410	156.000000	12.625000	9.949463e+04	1.559114e+01	1.082472e+05	1.078281e+05	5.748186e+04	5.679630e+04	3.024460e+02	3.789916e+01	2024	10	8	0
	1340	411	155.000000	12.875000	9.918678e+04	1.600055e+01	1.081082e+05	1.077103e+05	5.732745e+04	5.651598e+04	3.024366e+02	3.994346e+01	2024	10	8	6
	1339	410	154.750000	12.625000	9.932440e+04	1.818062e+01	1.082265e+05	1.077888e+05	5.744997e+04	5.662750e+04	3.022498e+02	4.147044e+01	2024	10	8	12
	1334	414	153.500000	13.625000	9.894515e+04	1.906529e+01	1.080308e+05	1.075124e+05	5.730777e+04	5.636773e+04	3.021003e+02	3.923458e+01	2024	10	8	18
	1329	417	152.250000	14.375000	9.906214e+04	2.054286e+01	1.083301e+05	1.076645e+05	5.753002e+04	5.646976e+04	3.021234e+02	3.996633e+01	2024	10	9	0
	1324	418	151.000000	14.625000	9.873330e+04	2.091213e+01	1.081341e+05	1.074594e+05	5.737715e+04	5.624472e+04	3.021184e+02	4.106012e+01	2024	10	9	6
	1318	421	149.500000	15.375000	9.890474e+04	2.294670e+01	1.083498e+05	1.076969e+05	5.761576e+04	5.640505e+04	3.023273e+02	4.102500e+01	2024	10	9	12
	1309	424	147.250000	16.125000	9.857900e+04	2.185627e+01	1.081691e+05	1.074828e+05	5.748340e+04	5.618416e+04	3.023921e+02	4.211321e+01	2024	10	9	18
	1305	424	146.250000	16.125000	9.876577e+04	2.214735e+01	1.084075e+05	1.077404e+05	5.765172e+04	5.637776e+04	3.025777e+02	3.775882e+01	2024	10	10	0
	1299	427	144.750000	16.875000	9.849216e+04	2.428547e+01	1.083446e+05	1.075802e+05	5.751030e+04	5.616616e+04	3.026169e+02	3.632485e+01	2024	10	10	6
	1293	430	143.250000	17.625000	9.874625e+04	2.371849e+01	1.085351e+05	1.078323e+05	5.772531e+04	5.640116e+04	3.025447e+02	3.884754e+01	2024	10	10	12
	1290	430	142.500000	17.625000	9.842031e+04	2.574987e+01	1.083538e+05	1.075847e+05	5.751527e+04	5.620706e+04	3.025690e+02	3.275077e+01	2024	10	10	18
	1282	435	140.500000	18.875000	9.861352e+04	2.561420e+01	1.085371e+05	1.078938e+05	5.773200e+04	5.641200e+04	3.025464e+02	2.439385e+01	2024	10	11	0
	1282	436	140.500000	19.125000	9.835261e+04	2.651776e+01	1.083635e+05	1.076823e+05	5.753088e+04	5.620783e+04	3.026569e+02	2.639323e+01	2024	10	11	6
	1275	438	138.750000	19.625000	9.859637e+04	2.421089e+01	1.084464e+05	1.078855e+05	5.765297e+04	5.643071e+04	3.025541e+02	3.426062e+01	2024	10	11	12
	1272	441	138.000000	20.375000	9.824571e+04	2.604144e+01	1.082901e+05	1.075307e+05	5.752356e+04	5.610145e+04	3.025607e+02	3.065227e+01	2024	10	11	18
	1267	441	136.750000	20.375000	9.831193e+04	2.605637e+01	1.083246e+05	1.076301e+05	5.766371e+04	5.611766e+04	3.025202e+02	3.375841e+01	2024	10	12	0
	1266	445	136.500000	21.375000	9.785570e+04	2.807890e+01	1.081441e+05	1.073789e+05	5.755602e+04	5.578755e+04	3.026301e+02	3.423000e+01	2024	10	12	6
	1264	446	136.000000	21.625000	9.785973e+04	2.866521e+01	1.082043e+05	1.073230e+05	5.763168e+04	5.571638e+04	3.024896e+02	3.168636e+01	2024	10	12	12
	1262	449	135.500000	22.375000	9.752967e+04	2.735444e+01	1.080827e+05	1.071149e+05	5.740941e+04	5.541746e+04	3.023757e+02	2.827584e+01	2024	10	12	18
	1260	452	135.000000	23.125000	9.735036e+04	2.789252e+01	1.081435e+05	1.069972e+05	5.750112e+04	5.522730e+04	3.022072e+02	3.021075e+01	2024	10	13	0
	1261	454	135.250000	23.625000	9.680184e+04	2.816265e+01	1.080139e+05	1.065718e+05	5.728982e+04	5.466761e+04	3.019988e+02	3.018055e+01	2024	10	13	6
	1262	457	135.500000	24.375000	9.669384e+04	2.669616e+01	1.082056e+05	1.067694e+05	5.746470e+04	5.457251e+04	3.017902e+02	2.985982e+01	2024	10	13	12
	1265	459	136.250000	24.875000	9.650599e+04	2.713615e+01	1.080182e+05	1.069004e+05	5.732594e+04	5.459869e+04	3.015995e+02	2.762098e+01	2024	10	13	18
	1270	461	137.500000	25.375000	9.674390e+04	2.961383e+01	1.082465e+05	1.071157e+05	5.755520e+04	5.490149e+04	3.015535e+02	2.772240e+01	2024	10	14	0
	1276	465	139.000000	26.375000	9.666130e+04	2.849834e+01	1.081020e+05	1.070603e+05	5.737957e+04	5.491845e+04	3.013721e+02	3.305849e+01	2024	10	14	6
	1281	468	140.250000	27.125000	9.690170e+04	2.915771e+01	1.082305e+05	1.069714e+05	5.751090e+04	5.519580e+04	3.007853e+02	4.325668e+01	2024	10	14	12
	1287	471	141.750000	27.875000	9.644377e+04	3.190848e+01	1.080234e+05	1.064591e+05	5.727172e+04	5.509038e+04	3.004185e+02	4.189430e+01	2024	10	14	18
	1294	474	143.500000	28.625000	9.669444e+04	3.614103e+01	1.081518e+05	1.062191e+05	5.737710e+04	5.525663e+04	3.001788e+02	4.159938e+01	2024	10	15	0
	1303	474	145.750000	28.625000	9.721824e+04	3.401123e+01	1.079844e+05	1.058097e+05	5.722127e+04	5.518590e+04	3.004184e+02	3.926695e+01	2024	10	15	6
	1312	474	148.000000	28.625000	9.737492e+04	3.022722e+01	1.081562e+05	1.057930e+05	5.730093e+04	5.534262e+04	3.006768e+02	2.989831e+01	2024	10	15	12
	1320	474	150.000000	28.625000	9.748435e+04	3.340165e+01	1.079414e+05	1.053328e+05	5.708012e+04	5.550056e+04	3.007432e+02	2.313713e+01	2024	10	15	18
	1328	471	152.000000	27.875000	9.819806e+04	3.372866e+01	1.081222e+05	1.054764e+05	5.719886e+04	5.581198e+04	3.009941e+02	1.502457e+01	2024	10	16	0
	1335	471	153.750000	27.875000	9.824977e+04	3.021720e+01	1.080287e+05	1.053071e+05	5.705141e+04	5.580232e+04	3.009098e+02	7.750473e+00	2024	10	16	6
	1340	467	155.000000	26.875000	9.874770e+04	2.282598e+01	1.081570e+05	1.057370e+05	5.727507e+04	5.621418e+04	3.013266e+02	3.870980e+00	2024	10	16	12
	1344	464	156.000000	26.125000	9.900459e+04	1.991418e+01	1.079458e+05	1.059343e+05	5.719798e+04	5.624556e+04	3.013753e+02	3.974377e+00	2024	10	16	18
	1346	462	156.500000	25.625000	9.950491e+04	1.866262e+01	1.081181e+05	1.062288e+05	5.747046e+04	5.657067e+04	3.014345e+02	5.332335e+00	2024	10	17	0
	1349	461	157.250000	25.375000	9.960487e+04	1.860617e+01	1.080348e+05	1.062678e+05	5.743646e+04	5.667019e+04	3.014107e+02	7.334601e+00	2024	10	17	6
start	15	2024	10	12	12
	1398	409	169.500000	12.375000	1.001926e+05	1.243440e+01	1.083505e+05	1.080275e+05	5.770319e+04	5.727892e+04	3.027028e+02	3.083856e+01	2024	10	12	12
	1396	414	169.000000	13.625000	9.996417e+04	1.402697e+01	1.082270e+05	1.078378e+05	5.760823e+04	5.701771e+04	3.026273e+02	2.902118e+01	2024	10	12	18
	1391	412	167.750000	13.125000	1.000744e+05	1.446738e+01	1.083928e+05	1.080295e+05	5.766844e+04	5.713485e+04	3.028105e+02	3.520465e+01	2024	10	13	0
	1383	417	165.750000	14.375000	9.989729e+04	1.706209e+01	1.082660e+05	1.079435e+05	5.761812e+04	5.690051e+04	3.024666e+02	3.168728e+01	2024	10	13	6
	1384	416	166.000000	14.125000	9.998366e+04	1.609423e+01	1.084179e+05	1.080448e+05	5.772885e+04	5.699569e+04	3.024739e+02	2.742513e+01	2024	10	13	12
	1382	420	165.500000	15.125000	9.976192e+04	1.696533e+01	1.082942e+05	1.079055e+05	5.765654e+04	5.684577e+04	3.023063e+02	2.698919e+01	2024	10	13	18
	1378	421	164.500000	15.375000	9.981964e+04	1.559860e+01	1.084748e+05	1.080665e+05	5.775210e+04	5.700512e+04	3.022661e+02	2.183546e+01	2024	10	14	0
	1378	424	164.500000	16.125000	9.965059e+04	1.508780e+01	1.084252e+05	1.079777e+05	5.765555e+04	5.694922e+04	3.022734e+02	2.298652e+01	2024	10	14	6
	1377	427	164.250000	16.875000	9.980647e+04	1.474180e+01	1.085528e+05	1.080797e+05	5.773639e+04	5.710786e+04	3.021044e+02	2.404155e+01	2024	10	14	12
	1375	429	163.750000	17.375000	9.965605e+04	1.443662e+01	1.083712e+05	1.079254e+05	5.754973e+04	5.694145e+04	3.019071e+02	1.869175e+01	2024	10	14	18
	1373	432	163.250000	18.125000	9.974905e+04	1.623433e+01	1.084764e+05	1.081460e+05	5.767019e+04	5.708797e+04	3.019889e+02	1.387789e+01	2024	10	15	0
	1371	435	162.750000	18.875000	9.954520e+04	1.600922e+01	1.083876e+05	1.080425e+05	5.753530e+04	5.699312e+04	3.019537e+02	1.430932e+01	2024	10	15	6
	1369	439	162.250000	19.875000	9.968214e+04	1.721121e+01	1.083898e+05	1.080901e+05	5.756861e+04	5.708882e+04	3.016237e+02	1.796622e+01	2024	10	15	12
	1368	444	162.000000	21.125000	9.953777e+04	1.646939e+01	1.081676e+05	1.079730e+05	5.745872e+04	5.693334e+04	3.015877e+02	1.293452e+01	2024	10	15	18
	1369	451	162.250000	22.875000	9.965889e+04	1.706416e+01	1.082679e+05	1.079060e+05	5.758672e+04	5.706336e+04	3.016018e+02	1.112764e+01	2024	10	16	0
start	21	2024	10	25	12
	1314	431	148.500000	17.875000	1.006408e+05	1.144364e+01	1.082394e+05	1.080145e+05	5.794759e+04	5.743388e+04	3.021905e+02	2.418913e+01	2024	10	25	12
	1309	431	147.250000	17.875000	1.004432e+05	1.172795e+01	1.080593e+05	1.078261e+05	5.770606e+04	5.720623e+04	3.021854e+02	1.950485e+01	2024	10	25	18
	1306	430	146.500000	17.625000	1.006846e+05	1.119224e+01	1.082124e+05	1.080604e+05	5.789056e+04	5.743658e+04	3.023129e+02	1.259134e+01	2024	10	26	0
	1304	434	146.000000	18.625000	1.004335e+05	1.113657e+01	1.080598e+05	1.078314e+05	5.772086e+04	5.724743e+04	3.021451e+02	2.173348e+01	2024	10	26	6
	1301	433	145.250000	18.375000	1.006121e+05	1.194906e+01	1.082230e+05	1.079624e+05	5.781986e+04	5.735988e+04	3.019482e+02	1.973978e+01	2024	10	26	12
	1303	436	145.750000	19.125000	1.003552e+05	1.263637e+01	1.080663e+05	1.075768e+05	5.765066e+04	5.712548e+04	3.017921e+02	2.754355e+01	2024	10	26	18
	1301	435	145.250000	18.875000	1.005498e+05	1.413759e+01	1.082942e+05	1.077560e+05	5.784742e+04	5.732990e+04	3.018075e+02	2.324199e+01	2024	10	27	0
	1301	434	145.250000	18.625000	1.002649e+05	1.530942e+01	1.080475e+05	1.077327e+05	5.767246e+04	5.704923e+04	3.020134e+02	2.178451e+01	2024	10	27	6
	1303	438	145.750000	19.625000	1.003834e+05	1.759778e+01	1.082025e+05	1.078037e+05	5.790029e+04	5.712302e+04	3.016779e+02	2.331525e+01	2024	10	27	12
	1299	438	144.750000	19.625000	1.000848e+05	1.792966e+01	1.078772e+05	1.075768e+05	5.773959e+04	5.688955e+04	3.016971e+02	1.736567e+01	2024	10	27	18
	1300	441	145.000000	20.375000	1.002852e+05	1.992838e+01	1.081450e+05	1.077193e+05	5.796184e+04	5.703489e+04	3.017165e+02	1.144150e+01	2024	10	28	0
	1296	443	144.000000	20.875000	1.000079e+05	1.788205e+01	1.079174e+05	1.074632e+05	5.774842e+04	5.673112e+04	3.016057e+02	1.203017e+01	2024	10	28	6
	1295	446	143.750000	21.625000	1.001295e+05	1.859485e+01	1.080258e+05	1.076697e+05	5.787629e+04	5.685255e+04	3.014425e+02	1.590013e+01	2024	10	28	12
	1294	447	143.500000	21.875000	9.986368e+04	1.762240e+01	1.078277e+05	1.074883e+05	5.764875e+04	5.669952e+04	3.013872e+02	1.219351e+01	2024	10	28	18
	1292	451	143.000000	22.875000	9.999559e+04	1.865012e+01	1.079851e+05	1.075793e+05	5.782866e+04	5.683038e+04	3.012927e+02	1.152826e+01	2024	10	29	0
	1291	453	142.750000	23.375000	9.970859e+04	1.897373e+01	1.077948e+05	1.072909e+05	5.764896e+04	5.660741e+04	3.010982e+02	1.375512e+01	2024	10	29	6
	1293	457	143.250000	24.375000	9.974320e+04	1.981040e+01	1.079016e+05	1.071744e+05	5.782864e+04	5.670768e+04	3.009130e+02	1.541254e+01	2024	10	29	12
	1297	461	144.250000	25.375000	9.948067e+04	2.081917e+01	1.076765e+05	1.067982e+05	5.761304e+04	5.658125e+04	3.005705e+02	1.172353e+01	2024	10	29	18
	1300	464	145.000000	26.125000	9.978347e+04	2.081581e+01	1.079075e+05	1.067782e+05	5.785401e+04	5.703187e+04	3.005637e+02	8.871188e+00	2024	10	30	0
	1306	469	146.500000	27.375000	9.972530e+04	1.836438e+01	1.078397e+05	1.063841e+05	5.771508e+04	5.669532e+04	3.004258e+02	7.817488e+00	2024	10	30	6
	1312	473	148.000000	28.375000	1.000006e+05	1.950969e+01	1.079723e+05	1.061067e+05	5.790275e+04	5.652825e+04	2.997729e+02	5.539693e+00	2024	10	30	12
start	23	2024	11	9	12
	1	386	-179.750000	6.625000	1.004502e+05	1.420385e+01	1.081355e+05	1.079365e+05	5.763942e+04	5.714261e+04	3.036277e+02	2.530863e+01	2024	11	9	12
	1435	389	178.750000	7.375000	1.002939e+05	1.514237e+01	1.080887e+05	1.077847e+05	5.757895e+04	5.706577e+04	3.034456e+02	2.220453e+01	2024	11	9	18
	1430	391	177.500000	7.875000	1.003142e+05	1.565000e+01	1.081504e+05	1.079802e+05	5.761542e+04	5.719654e+04	3.037444e+02	2.302843e+01	2024	11	10	0
	1424	394	176.000000	8.625000	1.002309e+05	1.558637e+01	1.081603e+05	1.079163e+05	5.760814e+04	5.722591e+04	3.035903e+02	3.223339e+01	2024	11	10	6
	1419	396	174.750000	9.125000	1.002724e+05	1.550394e+01	1.081982e+05	1.079918e+05	5.765373e+04	5.727562e+04	3.031480e+02	3.474070e+01	2024	11	10	12
	1415	399	173.750000	9.875000	1.000750e+05	1.737254e+01	1.080595e+05	1.078040e+05	5.752391e+04	5.703623e+04	3.030808e+02	3.222033e+01	2024	11	10	18
	1409	402	172.250000	10.625000	1.001402e+05	1.633416e+01	1.081930e+05	1.079412e+05	5.759375e+04	5.715286e+04	3.026506e+02	3.443484e+01	2024	11	11	0
	1404	405	171.000000	11.375000	9.997533e+04	1.812508e+01	1.081371e+05	1.078857e+05	5.751345e+04	5.707808e+04	3.024067e+02	4.107231e+01	2024	11	11	6
	1399	409	169.750000	12.375000	1.000583e+05	1.855393e+01	1.082479e+05	1.079393e+05	5.762442e+04	5.705793e+04	3.024304e+02	4.307493e+01	2024	11	11	12
	1393	410	168.250000	12.625000	9.976577e+04	1.761171e+01	1.080511e+05	1.077368e+05	5.743334e+04	5.681652e+04	3.024230e+02	3.850856e+01	2024	11	11	18
	1390	411	167.500000	12.875000	9.979615e+04	1.708546e+01	1.080779e+05	1.077571e+05	5.750308e+04	5.687070e+04	3.023167e+02	2.654735e+01	2024	11	12	0
	1389	414	167.250000	13.625000	9.964385e+04	1.796317e+01	1.079353e+05	1.076903e+05	5.745052e+04	5.671777e+04	3.022913e+02	2.965846e+01	2024	11	12	6
	1386	414	166.500000	13.625000	9.978552e+04	1.791310e+01	1.080652e+05	1.078302e+05	5.758955e+04	5.694462e+04	3.023258e+02	3.240421e+01	2024	11	12	12
	1385	415	166.250000	13.875000	9.958538e+04	1.825930e+01	1.079056e+05	1.075442e+05	5.734529e+04	5.676435e+04	3.022455e+02	2.925827e+01	2024	11	12	18
	1386	416	166.500000	14.125000	9.973644e+04	1.645559e+01	1.080369e+05	1.077734e+05	5.750231e+04	5.690923e+04	3.021516e+02	2.933190e+01	2024	11	13	0
	1385	418	166.250000	14.625000	9.948330e+04	1.921732e+01	1.080357e+05	1.076399e+05	5.737865e+04	5.681673e+04	3.020986e+02	3.079998e+01	2024	11	13	6
	1384	418	166.000000	14.625000	9.969869e+04	1.931883e+01	1.081407e+05	1.078062e+05	5.750607e+04	5.706601e+04	3.020634e+02	2.805922e+01	2024	11	13	12
	1380	419	165.000000	14.875000	9.954480e+04	2.092612e+01	1.080044e+05	1.076193e+05	5.744955e+04	5.691384e+04	3.020963e+02	2.192350e+01	2024	11	13	18
	1375	421	163.750000	15.375000	9.981586e+04	2.030253e+01	1.082185e+05	1.078313e+05	5.765015e+04	5.719575e+04	3.022219e+02	1.426826e+01	2024	11	14	0
	1370	423	162.500000	15.875000	9.974452e+04	2.056720e+01	1.081858e+05	1.076928e+05	5.763729e+04	5.716382e+04	3.022039e+02	1.811218e+01	2024	11	14	6
	1361	427	160.250000	16.875000	9.998707e+04	2.040748e+01	1.082612e+05	1.078682e+05	5.778454e+04	5.731006e+04	3.019758e+02	2.266058e+01	2024	11	14	12
	1354	430	158.500000	17.625000	9.981728e+04	1.982376e+01	1.080416e+05	1.076597e+05	5.763706e+04	5.711824e+04	3.017979e+02	1.912980e+01	2024	11	14	18
	1347	434	156.750000	18.625000	1.000186e+05	2.171448e+01	1.081774e+05	1.079333e+05	5.787154e+04	5.736802e+04	3.018417e+02	1.331316e+01	2024	11	15	0
start	11	2024	11	19	0
	562	453	-39.500000	23.375000	1.002174e+05	1.630581e+01	1.052402e+05	1.039142e+05	5.664462e+04	5.563297e+04	3.000211e+02	2.024095e+01	2024	11	19	0
	561	454	-39.750000	23.625000	9.998791e+04	1.512460e+01	1.050276e+05	1.037882e+05	5.640452e+04	5.547363e+04	2.998643e+02	1.646255e+01	2024	11	19	6
	559	454	-40.250000	23.625000	1.001683e+05	1.458535e+01	1.054143e+05	1.040908e+05	5.664530e+04	5.572485e+04	2.997666e+02	1.421585e+01	2024	11	19	12
	556	456	-41.000000	24.125000	1.000110e+05	1.616396e+01	1.052082e+05	1.041002e+05	5.648604e+04	5.563849e+04	2.997137e+02	1.263572e+01	2024	11	19	18
	552	458	-42.000000	24.625000	1.002791e+05	1.700185e+01	1.052642e+05	1.044962e+05	5.677982e+04	5.593571e+04	2.995732e+02	1.223891e+01	2024	11	20	0
	544	459	-44.000000	24.875000	1.002199e+05	1.565970e+01	1.051806e+05	1.045357e+05	5.685395e+04	5.590642e+04	2.997398e+02	1.077884e+01	2024	11	20	6
	537	456	-45.750000	24.125000	1.005040e+05	1.596072e+01	1.054881e+05	1.048843e+05	5.705772e+04	5.621502e+04	2.999067e+02	8.804179e+00	2024	11	20	12
	529	455	-47.750000	23.875000	1.003555e+05	1.557398e+01	1.056013e+05	1.049057e+05	5.704075e+04	5.617898e+04	2.997885e+02	1.140883e+01	2024	11	20	18
	524	454	-49.000000	23.625000	1.006236e+05	1.571245e+01	1.057896e+05	1.051555e+05	5.721051e+04	5.642009e+04	3.000778e+02	1.558481e+01	2024	11	21	0
	516	454	-51.000000	23.625000	1.004953e+05	1.425460e+01	1.060681e+05	1.051694e+05	5.712771e+04	5.631754e+04	3.002233e+02	1.271549e+01	2024	11	21	6
	512	453	-52.000000	23.375000	1.006918e+05	1.318071e+01	1.064056e+05	1.054539e+05	5.721062e+04	5.652424e+04	3.002120e+02	1.267062e+01	2024	11	21	12
start	29	2024	12	7	6
	1149	391	107.250000	7.875000	1.006811e+05	1.211327e+01	1.079886e+05	1.078271e+05	5.774130e+04	5.735545e+04	3.020913e+02	1.657335e+01	2024	12	7	6
	1143	392	105.750000	8.125000	1.008006e+05	1.407072e+01	1.080743e+05	1.078606e+05	5.784233e+04	5.750920e+04	9.999000e+03	1.559601e+01	2024	12	7	12
	1138	391	104.500000	7.875000	1.007211e+05	1.430307e+01	1.081546e+05	1.077980e+05	5.775350e+04	5.745192e+04	9.999000e+03	2.321284e+01	2024	12	7	18
	1138	392	104.500000	8.125000	1.007167e+05	1.379003e+01	1.080644e+05	1.077370e+05	5.776441e+04	5.748959e+04	9.999000e+03	2.105970e+01	2024	12	8	0
	1134	393	103.500000	8.375000	1.006605e+05	1.356003e+01	1.080727e+05	1.077745e+05	5.774484e+04	5.748445e+04	9.999000e+03	1.330291e+01	2024	12	8	6
	1132	393	103.000000	8.375000	1.006708e+05	1.249381e+01	1.080921e+05	1.078489e+05	5.783168e+04	5.753882e+04	9.999000e+03	1.114796e+01	2024	12	8	12
	1131	396	102.750000	9.125000	1.007519e+05	1.266132e+01	1.080519e+05	1.078191e+05	5.786573e+04	5.758709e+04	9.999000e+03	1.657813e+01	2024	12	8	18
	1128	397	102.000000	9.375000	1.007293e+05	1.357651e+01	1.080388e+05	1.077697e+05	5.785190e+04	5.749950e+04	9.999000e+03	1.818872e+01	2024	12	9	0
	1126	398	101.500000	9.625000	1.006817e+05	1.385181e+01	1.080667e+05	1.078228e+05	5.779935e+04	5.743631e+04	9.999000e+03	1.648277e+01	2024	12	9	6
	1123	400	100.750000	10.125000	1.006368e+05	1.467426e+01	1.080578e+05	1.078430e+05	5.788302e+04	5.746510e+04	9.999000e+03	1.566391e+01	2024	12	9	12
	1121	400	100.250000	10.125000	1.006184e+05	1.531266e+01	1.080851e+05	1.078727e+05	5.785590e+04	5.752598e+04	9.999000e+03	2.088098e+01	2024	12	9	18
	1118	402	99.500000	10.625000	1.006602e+05	1.544527e+01	1.080195e+05	1.077985e+05	5.786853e+04	5.746839e+04	9.999000e+03	1.525289e+01	2024	12	10	0
	1111	402	97.750000	10.625000	1.005941e+05	1.482857e+01	1.080310e+05	1.078785e+05	5.787998e+04	5.743099e+04	9.999000e+03	1.370219e+01	2024	12	10	6
	1107	402	96.750000	10.625000	1.004829e+05	1.533901e+01	1.080562e+05	1.078514e+05	5.787164e+04	5.736671e+04	9.999000e+03	1.508276e+01	2024	12	10	12
	1103	403	95.750000	10.875000	1.005227e+05	1.564668e+01	1.080430e+05	1.078246e+05	5.788204e+04	5.742757e+04	3.027953e+02	2.343383e+01	2024	12	10	18
	1098	404	94.500000	11.125000	1.002414e+05	1.705479e+01	1.079741e+05	1.077116e+05	5.777638e+04	5.721217e+04	3.024156e+02	2.105296e+01	2024	12	11	0
	1093	405	93.250000	11.375000	1.003235e+05	1.842352e+01	1.080062e+05	1.077537e+05	5.786850e+04	5.721162e+04	9.999000e+03	1.075633e+01	2024	12	11	6
	1088	406	92.000000	11.625000	1.003302e+05	1.579984e+01	1.080176e+05	1.075339e+05	5.784939e+04	5.724335e+04	9.999000e+03	8.341558e+00	2024	12	11	12
	1083	408	90.750000	12.125000	1.005047e+05	1.676161e+01	1.080659e+05	1.077968e+05	5.792075e+04	5.739308e+04	9.999000e+03	1.827240e+01	2024	12	11	18
	1077	409	89.250000	12.375000	1.002769e+05	1.564333e+01	1.079353e+05	1.076796e+05	5.779608e+04	5.725053e+04	3.021812e+02	1.272237e+01	2024	12	12	0
	1073	411	88.250000	12.875000	1.003452e+05	1.781543e+01	1.080074e+05	1.077560e+05	5.786395e+04	5.738500e+04	3.021811e+02	7.257316e+00	2024	12	12	6
	1066	413	86.500000	13.375000	1.002835e+05	1.558036e+01	1.079576e+05	1.076872e+05	5.779480e+04	5.745492e+04	3.021919e+02	7.450909e+00	2024	12	12	12
	1062	415	85.500000	13.875000	1.005135e+05	1.526925e+01	1.080827e+05	1.078701e+05	5.787841e+04	5.759332e+04	3.022314e+02	1.313568e+01	2024	12	12	18
	1058	417	84.500000	14.375000	1.003080e+05	1.585730e+01	1.078913e+05	1.076915e+05	5.772222e+04	5.741967e+04	3.022161e+02	1.119431e+01	2024	12	13	0
	1052	418	83.000000	14.625000	1.004928e+05	1.739125e+01	1.080741e+05	1.078868e+05	5.787190e+04	5.756711e+04	3.022488e+02	6.912621e+00	2024	12	13	6
	1048	418	82.000000	14.625000	1.002746e+05	1.549291e+01	1.079220e+05	1.076635e+05	5.771178e+04	5.744829e+04	9.999000e+03	5.564758e+00	2024	12	13	12
	1045	417	81.250000	14.375000	1.005290e+05	1.499500e+01	1.080556e+05	1.078435e+05	5.782005e+04	5.763786e+04	9.999000e+03	7.042557e+00	2024	12	13	18
	1042	417	80.500000	14.375000	1.003994e+05	1.393655e+01	1.079039e+05	1.076561e+05	5.768684e+04	5.747822e+04	9.999000e+03	6.204559e+00	2024	12	14	0
	1038	418	79.500000	14.625000	1.008788e+05	1.115980e+01	1.081087e+05	1.078629e+05	5.794171e+04	5.772550e+04	9.999000e+03	6.014852e+00	2024	12	14	6
start	34	2024	12	8	18
	1384	388	166.000000	7.125000	1.002757e+05	1.562030e+01	1.082179e+05	1.078941e+05	5.758511e+04	5.715065e+04	3.027344e+02	2.567874e+01	2024	12	8	18
	1383	384	165.750000	6.125000	1.003805e+05	1.139052e+01	1.083397e+05	1.080778e+05	5.769967e+04	5.731976e+04	3.029615e+02	2.672891e+01	2024	12	9	0
	1383	388	165.750000	7.125000	1.001582e+05	1.460125e+01	1.082643e+05	1.079736e+05	5.755452e+04	5.716817e+04	3.027973e+02	2.646394e+01	2024	12	9	6
	1374	391	163.500000	7.875000	1.002693e+05	1.669154e+01	1.083653e+05	1.080744e+05	5.768634e+04	5.729108e+04	3.026717e+02	2.814222e+01	2024	12	9	12
	1370	397	162.500000	9.375000	1.000054e+05	1.698299e+01	1.081553e+05	1.078129e+05	5.754809e+04	5.710317e+04	3.022827e+02	3.139060e+01	2024	12	9	18
	1366	393	161.500000	8.375000	1.001524e+05	1.584888e+01	1.083003e+05	1.080533e+05	5.767961e+04	5.728332e+04	3.027988e+02	2.404009e+01	2024	12	10	0
	1359	394	159.750000	8.625000	9.990548e+04	1.592252e+01	1.081364e+05	1.078595e+05	5.750962e+04	5.709374e+04	3.028300e+02	2.688841e+01	2024	12	10	6
	1356	395	159.000000	8.875000	1.001023e+05	1.605652e+01	1.082784e+05	1.079332e+05	5.769561e+04	5.722528e+04	3.026180e+02	2.914226e+01	2024	12	10	12
	1345	397	156.250000	9.375000	9.980766e+04	1.825564e+01	1.079597e+05	1.076643e+05	5.743616e+04	5.697415e+04	3.026084e+02	2.661515e+01	2024	12	10	18
	1343	394	155.750000	8.625000	9.995095e+04	1.480827e+01	1.081472e+05	1.078635e+05	5.760202e+04	5.725723e+04	3.029268e+02	1.790534e+01	2024	12	11	0
	1340	398	155.000000	9.625000	9.977409e+04	1.610639e+01	1.079952e+05	1.076378e+05	5.753053e+04	5.705486e+04	3.024757e+02	1.953739e+01	2024	12	11	6
	1329	400	152.250000	10.125000	1.000345e+05	1.833245e+01	1.081684e+05	1.078343e+05	5.769177e+04	5.719980e+04	3.023632e+02	3.416557e+01	2024	12	11	12
	1320	398	150.000000	9.625000	9.954256e+04	1.784753e+01	1.079231e+05	1.074117e+05	5.746278e+04	5.680789e+04	3.025976e+02	2.234033e+01	2024	12	11	18
	1315	401	148.750000	10.375000	9.985185e+04	1.888945e+01	1.080971e+05	1.076706e+05	5.779860e+04	5.710894e+04	3.023163e+02	1.790438e+01	2024	12	12	0
	1308	402	147.000000	10.625000	9.963618e+04	1.690301e+01	1.079067e+05	1.075300e+05	5.762311e+04	5.694933e+04	3.023554e+02	2.255523e+01	2024	12	12	6
	1302	403	145.500000	10.875000	9.997244e+04	1.816790e+01	1.080918e+05	1.077921e+05	5.777893e+04	5.724098e+04	3.023091e+02	2.652049e+01	2024	12	12	12
	1294	403	143.500000	10.875000	9.977205e+04	1.742776e+01	1.078846e+05	1.076176e+05	5.755598e+04	5.706532e+04	3.024721e+02	2.269446e+01	2024	12	12	18
	1289	403	142.250000	10.875000	1.000671e+05	1.761950e+01	1.081924e+05	1.079012e+05	5.784903e+04	5.733734e+04	3.023809e+02	2.094719e+01	2024	12	13	0
	1284	404	141.000000	11.125000	9.979227e+04	1.835021e+01	1.079891e+05	1.077300e+05	5.766312e+04	5.712389e+04	3.022834e+02	1.541278e+01	2024	12	13	6
	1278	406	139.500000	11.625000	1.000895e+05	1.901410e+01	1.082028e+05	1.079551e+05	5.788746e+04	5.741130e+04	3.020766e+02	1.625868e+01	2024	12	13	12
	1270	407	137.500000	11.875000	9.973541e+04	2.228708e+01	1.080207e+05	1.077315e+05	5.767205e+04	5.706807e+04	3.020365e+02	1.904093e+01	2024	12	13	18
	1264	405	136.000000	11.375000	1.000359e+05	1.861071e+01	1.083053e+05	1.080622e+05	5.789070e+04	5.758152e+04	3.021427e+02	1.607634e+01	2024	12	14	0
	1257	406	134.250000	11.625000	9.983499e+04	1.894618e+01	1.080768e+05	1.078564e+05	5.770538e+04	5.736060e+04	3.022705e+02	1.976948e+01	2024	12	14	6
	1250	407	132.500000	11.875000	1.001625e+05	2.134319e+01	1.083075e+05	1.080796e+05	5.792632e+04	5.758759e+04	3.021496e+02	2.197721e+01	2024	12	14	12
	1241	406	130.250000	11.625000	9.999045e+04	2.073235e+01	1.081114e+05	1.078480e+05	5.776473e+04	5.738250e+04	3.020471e+02	2.682096e+01	2024	12	14	18
	1234	407	128.500000	11.875000	1.002313e+05	2.027273e+01	1.082716e+05	1.079815e+05	5.794197e+04	5.750665e+04	3.021550e+02	2.795188e+01	2024	12	15	0
	1226	406	126.500000	11.625000	9.995962e+04	1.939928e+01	1.079872e+05	1.077814e+05	5.772191e+04	5.722130e+04	9.999000e+03	2.428161e+01	2024	12	15	6
	1219	407	124.750000	11.875000	1.002593e+05	2.037499e+01	1.081599e+05	1.079216e+05	5.785222e+04	5.737242e+04	9.999000e+03	2.843391e+01	2024	12	15	12
	1214	408	123.500000	12.125000	1.000421e+05	2.068222e+01	1.080247e+05	1.077515e+05	5.772771e+04	5.712855e+04	9.999000e+03	2.642196e+01	2024	12	15	18
	1209	412	122.250000	13.125000	1.001297e+05	1.795665e+01	1.081059e+05	1.078639e+05	5.781345e+04	5.720948e+04	9.999000e+03	3.000954e+01	2024	12	16	0
	1204	415	121.000000	13.875000	9.991892e+04	1.617687e+01	1.078793e+05	1.076815e+05	5.758931e+04	5.690055e+04	9.999000e+03	2.987189e+01	2024	12	16	6
	1203	417	120.750000	14.375000	1.000562e+05	1.593541e+01	1.081067e+05	1.078064e+05	5.774659e+04	5.709186e+04	9.999000e+03	2.890922e+01	2024	12	16	12
	1201	421	120.250000	15.375000	9.997750e+04	1.576528e+01	1.078850e+05	1.075295e+05	5.760144e+04	5.692949e+04	9.999000e+03	2.260245e+01	2024	12	16	18
	1201	429	120.250000	17.375000	1.004227e+05	1.577441e+01	1.080168e+05	1.073333e+05	5.779820e+04	5.733138e+04	9.999000e+03	1.767020e+01	2024	12	17	0
start	18	2024	12	16	6
	1110	402	97.500000	10.625000	1.006533e+05	1.262832e+01	1.079674e+05	1.076730e+05	5.771543e+04	5.738938e+04	9.999000e+03	8.106226e+00	2024	12	16	6
	1108	401	97.000000	10.375000	1.005005e+05	1.236346e+01	1.078531e+05	1.075672e+05	5.767513e+04	5.735312e+04	9.999000e+03	1.022065e+01	2024	12	16	12
	1105	401	96.250000	10.375000	1.005919e+05	1.374715e+01	1.079116e+05	1.076223e+05	5.771166e+04	5.744648e+04	3.025845e+02	1.654737e+01	2024	12	16	18
	1102	401	95.500000	10.375000	1.003667e+05	1.480825e+01	1.077372e+05	1.074259e+05	5.761271e+04	5.731174e+04	3.023325e+02	1.348512e+01	2024	12	17	0
	1098	400	94.500000	10.125000	1.003896e+05	1.544658e+01	1.078423e+05	1.074654e+05	5.767372e+04	5.734177e+04	3.024651e+02	8.859608e+00	2024	12	17	6
	1095	400	93.750000	10.125000	1.003118e+05	1.452597e+01	1.077716e+05	1.074701e+05	5.767189e+04	5.737573e+04	9.999000e+03	6.234006e+00	2024	12	17	12
	1092	401	93.000000	10.375000	1.005133e+05	1.478992e+01	1.078242e+05	1.074794e+05	5.778728e+04	5.744446e+04	9.999000e+03	1.333360e+01	2024	12	17	18
	1087	401	91.750000	10.375000	1.004050e+05	1.545808e+01	1.077291e+05	1.074514e+05	5.767032e+04	5.733823e+04	9.999000e+03	1.410388e+01	2024	12	18	0
	1081	402	90.250000	10.625000	1.005590e+05	1.517787e+01	1.078833e+05	1.075785e+05	5.785975e+04	5.751984e+04	3.024927e+02	1.416321e+01	2024	12	18	6
	1076	402	89.000000	10.625000	1.004416e+05	1.628915e+01	1.078288e+05	1.075346e+05	5.778038e+04	5.745081e+04	3.024669e+02	1.333717e+01	2024	12	18	12
	1070	403	87.500000	10.875000	1.005930e+05	1.674248e+01	1.078923e+05	1.076368e+05	5.789978e+04	5.750941e+04	3.022560e+02	1.684940e+01	2024	12	18	18
	1065	403	86.250000	10.875000	1.003869e+05	1.638490e+01	1.077647e+05	1.074841e+05	5.775812e+04	5.736446e+04	3.024431e+02	1.957166e+01	2024	12	19	0
	1059	404	84.750000	11.125000	1.005738e+05	1.717654e+01	1.079093e+05	1.076217e+05	5.790768e+04	5.749455e+04	3.027164e+02	2.129670e+01	2024	12	19	6
	1054	404	83.500000	11.125000	1.003766e+05	1.658899e+01	1.077273e+05	1.075038e+05	5.773978e+04	5.734537e+04	3.026381e+02	1.766140e+01	2024	12	19	12
	1048	405	82.000000	11.375000	1.005053e+05	1.707339e+01	1.078288e+05	1.076534e+05	5.784598e+04	5.746942e+04	3.019737e+02	1.869803e+01	2024	12	19	18
	1044	406	81.000000	11.625000	1.002693e+05	1.635006e+01	1.076611e+05	1.073656e+05	5.762871e+04	5.722455e+04	9.999000e+03	1.676023e+01	2024	12	20	0
	1040	407	80.000000	11.875000	1.005080e+05	1.675780e+01	1.078106e+05	1.075859e+05	5.778675e+04	5.733941e+04	9.999000e+03	1.606572e+01	2024	12	20	6
	1037	406	79.250000	11.625000	1.004956e+05	1.310688e+01	1.076786e+05	1.073618e+05	5.759296e+04	5.721100e+04	9.999000e+03	9.344718e+00	2024	12	20	12
